salary,rent,groceries,transportation,healthcare,food,shopping,personal_care,education,electricity,water,insurance,loan_emi,loan_interest,loan_term_years,smoke,dine_out_per_week,monthly_savings
3860,2532,566,187,225,325,172,89,166,143,34,469,685,8.300441869210841,4,1,1,0.0
8390,2007,680,235,72,327,221,186,385,87,93,170,726,0.5176062358227196,0,1,5,3139.0426935455553
8226,949,772,257,173,227,356,89,384,188,83,194,377,6.369595162684237,27,1,6,4231.86928594131
8191,2394,562,381,214,130,322,129,183,130,91,340,910,8.185159887677473,10,0,3,2377.5793299568736
6772,1877,789,254,120,440,296,39,423,123,62,462,59,6.963592027652171,8,1,0,2084.199737102047
6092,1096,710,319,279,350,243,151,113,65,44,121,854,8.43122510472348,26,1,2,1747.110208185347
8734,2647,294,266,270,157,161,32,464,141,34,137,395,1.1222834994034192,5,1,2,3668.808016282478
9265,1115,415,421,275,424,72,68,279,159,12,241,602,1.7133469780057287,25,1,5,5322.150837999424
3466,1447,742,278,152,246,364,95,138,114,60,361,5,1.5924538981413239,15,0,6,0.0
8334,2081,334,428,102,205,251,28,376,98,59,337,733,6.345838552609368,5,1,2,3428.776930152169
7426,1055,282,149,154,184,155,78,426,190,22,130,4,9.973064549380448,24,0,3,4583.505235967516
8578,777,590,400,222,101,143,135,105,132,44,480,941,4.151297852804516,23,1,6,4459.652668248155
9231,2513,246,186,226,402,74,22,282,153,98,150,165,9.135707371051863,24,0,5,4520.950432567498
6444,990,591,132,98,470,194,30,139,172,64,486,930,8.924456636472215,1,1,3,2178.5368205539016
6171,754,584,374,160,152,68,24,297,156,27,119,438,8.119427784008591,14,1,1,3041.588514948076
5919,2928,580,240,259,321,259,182,252,75,60,234,63,4.79791920053119,2,0,2,347.9880082750434
3130,1391,276,305,297,124,131,132,487,159,39,413,133,3.1819733108928983,20,0,1,0.0
4685,1041,458,323,224,134,95,171,351,52,49,341,13,0.5601012732735022,20,1,5,1519.0278754617866
3769,1787,598,212,156,256,84,101,328,154,39,216,563,4.789793325808876,12,1,3,0.0
5391,2133,299,377,202,442,251,144,188,122,67,254,177,8.736197020958226,5,1,6,755.5230679212333
8611,1324,700,452,140,465,72,153,121,114,97,112,272,4.810372564168692,17,1,3,4367.083621927633
9949,1852,582,104,204,244,349,105,411,195,99,104,904,0.016284314757493146,23,1,0,4954.203069654491
5433,780,391,481,189,435,314,61,401,116,74,164,679,7.954090874257728,29,0,2,1250.0484652114517
8311,1798,779,311,200,486,395,62,219,191,81,244,990,1.2901558676526281,11,0,0,2514.361091593947
8051,1272,544,355,66,377,398,161,283,81,21,264,547,1.6454009999362207,0,1,3,3703.9596232658296
9420,827,209,433,93,497,236,44,305,150,17,499,73,2.3377427537564954,29,1,1,5986.357807398327
4184,2758,463,129,120,486,347,37,189,198,84,245,346,1.9431061834478858,11,0,4,0.0
7555,1422,467,446,174,393,239,171,215,155,87,447,560,7.16656234153837,22,0,3,2717.003526324954
6385,1051,770,181,201,442,289,125,262,182,27,358,435,9.406835915516416,21,1,0,1982.0419108546944
7117,2573,394,335,248,376,398,20,499,116,74,344,196,1.1707744581862,24,1,5,1607.331215811495
9396,2574,761,443,142,278,176,34,203,157,94,227,208,3.9000683696699756,29,0,2,3794.8460268232916
7843,1201,606,487,109,379,340,53,247,51,19,321,30,6.0142556303278125,29,0,6,3837.4587675397547
5904,2419,495,460,102,451,160,199,370,92,46,323,184,4.72632981286019,22,1,5,599.265290526547
3474,2960,296,422,269,400,92,21,209,178,38,177,589,3.491236795374081,27,0,6,0.0
4082,666,661,352,264,296,350,183,299,74,55,116,470,2.235655580638505,27,1,0,352.67759860298384
5558,668,286,217,123,324,183,170,379,139,97,182,107,5.528543881939459,23,1,0,2386.6935430224567
5047,728,276,129,193,146,62,171,324,170,53,416,860,5.082724153453704,1,0,3,1466.5895684980744
5747,2502,682,210,156,284,60,129,179,116,45,274,614,9.914244874462376,9,0,4,569.0399080300704
3975,866,345,499,289,261,151,179,350,144,27,427,718,4.637354699456557,3,0,5,0.0
4806,1027,310,353,147,230,246,70,319,140,88,167,430,8.845194565142442,8,0,0,1247.6647413972164
3189,1290,496,298,74,394,104,65,399,138,41,448,587,9.442631643478858,6,0,5,0.0
5734,1023,625,394,115,191,232,160,241,168,29,411,608,3.2833908394232205,26,1,2,1514.5286233287377
6005,1595,533,441,99,174,68,116,172,105,43,482,955,2.990242087668488,11,1,1,1257.9089496366619
7658,2168,722,396,118,237,311,125,465,108,82,430,760,9.421169390495365,1,1,1,1715.7157342031946
4899,2653,782,386,127,267,58,33,304,193,50,431,889,5.778122318519524,14,0,1,0.0
4267,2408,737,496,272,357,197,36,321,139,44,241,743,1.9195371654982551,16,0,5,0.0
9975,1805,361,343,217,337,74,141,259,103,66,426,605,2.556433739845876,18,0,0,5305.401650886344
4528,632,629,320,183,144,355,163,179,96,36,166,277,0.20336573051915385,11,1,3,1412.7094492053138
6202,2816,268,255,113,408,121,179,214,195,27,323,285,3.220431827393304,15,0,0,1081.5149613226044
6556,2142,332,482,77,236,371,126,124,95,30,238,415,6.210283607202083,29,0,1,1809.6939825903514
6890,2388,388,335,58,202,106,31,276,167,27,357,979,3.1174047675632233,5,0,1,1527.2776086402282
3646,2270,772,419,55,228,71,150,378,171,36,372,165,2.2851372459586505,25,1,3,0.0
9164,517,478,472,294,260,361,94,392,67,37,269,762,0.5872622545831174,4,0,0,5352.898789347184
5888,2277,629,118,194,137,85,62,319,98,24,413,723,8.466333301953572,16,1,0,814.8159407541368
9310,616,741,314,217,156,228,152,102,159,54,224,129,6.473156115866839,18,1,0,6366.774550777187
8393,1297,360,466,148,260,117,194,415,184,56,378,888,9.086058069060783,9,1,6,3762.0298443905717
5435,2211,652,213,253,275,50,46,414,146,45,132,222,0.21924428224569414,20,1,4,899.7201654068646
3600,1252,369,299,222,358,97,146,132,74,28,313,575,9.219373426332522,27,1,2,0.0
5363,2969,256,124,131,387,201,199,281,84,54,400,689,5.233877447844125,8,1,3,0.0
5061,1892,439,220,168,423,246,75,138,156,66,177,694,1.3527351637083795,10,1,6,242.1229997328918
3241,2597,557,329,220,244,107,123,252,131,85,404,411,2.5193112740553847,9,0,3,0.0
5041,1177,400,198,275,167,97,99,162,170,38,205,514,1.449697183534957,14,1,2,1633.8637443816635
5824,605,643,445,223,439,283,87,188,63,25,119,442,2.263655114229125,13,1,0,2220.359856867585
5612,1157,501,102,240,367,237,110,202,83,31,210,147,2.626795209810906,15,1,3,2145.872997525993
4363,2446,305,485,178,317,163,34,440,192,81,280,98,5.831945878723621,11,0,4,0.0
9235,1948,300,360,236,400,139,166,286,56,64,244,445,2.6135003089637,25,0,0,4613.834375946041
8486,1595,296,353,112,263,218,45,258,190,21,464,446,4.914324883486661,14,0,1,4140.346611271923
4478,1487,228,119,256,435,226,192,148,83,25,235,530,6.4208313156736345,20,0,3,440.9261433690503
5556,2308,705,303,174,278,241,29,321,62,64,362,901,7.784844849896472,13,1,6,0.0
3775,2282,637,393,67,490,182,117,458,53,56,340,458,8.82935730388554,11,1,4,0.0
7014,945,578,456,135,147,221,121,287,190,82,264,812,1.5887886859027789,25,0,4,2581.116018769218
3034,2448,272,227,259,293,67,173,352,97,36,404,69,6.4419529678426235,16,0,4,0.0
9349,2617,453,457,290,388,300,155,464,157,20,129,977,1.1303789950341858,8,0,1,2897.287101682442
6152,2497,715,391,242,305,161,99,291,190,92,407,494,2.3463280511853357,2,1,5,320.78672357869885
4955,2697,749,273,287,183,89,51,343,142,24,409,445,5.700382331148857,23,0,2,0.0
4585,1273,219,320,69,200,151,40,170,82,62,151,77,9.473302103645885,16,1,1,1661.211850644435
6943,2061,734,454,233,254,223,115,446,72,42,184,13,6.086602442759874,8,0,4,2314.9296516977747
6073,2175,620,468,231,146,363,64,176,116,80,462,192,8.758953686551905,18,1,0,1115.4696090097216
4021,1622,645,136,97,333,390,31,320,52,96,269,437,6.717716047928843,22,1,4,0.0
6461,1801,335,409,277,440,351,195,442,189,31,254,380,7.49297027854732,11,1,1,1403.2108633189864
5613,2086,704,248,103,398,245,122,363,173,74,358,848,2.21470123603929,22,1,6,0.0
8225,2186,500,191,151,435,121,93,368,105,67,450,187,4.861919480665682,5,0,1,3385.8824107550518
6843,1443,232,169,138,246,231,89,381,82,36,115,757,8.044067250937704,1,1,1,3186.536163535635
4500,954,477,183,193,295,290,56,493,81,84,304,845,6.6051951487430305,27,1,1,339.99558584055427
7798,1627,332,304,197,493,338,131,320,194,21,170,30,0.3114237701834255,9,0,4,3522.397682059689
9545,1445,726,366,279,121,372,178,190,122,69,342,556,6.680997205146411,0,0,1,4818.444482776939
9873,1100,325,187,96,293,162,150,155,54,94,216,201,1.9208671432724145,28,0,1,6819.174222331263
8675,1224,544,351,299,485,389,88,487,70,81,197,741,9.309600314970133,2,1,6,3762.062559982312
3161,2780,216,310,274,463,212,117,205,52,86,141,224,9.29129216683776,22,0,4,0.0
7297,1917,761,442,184,453,88,52,386,166,42,221,836,8.44835053246306,7,1,3,1647.0357843062409
4981,2024,577,130,200,373,284,55,372,86,75,323,591,1.9530641161106899,13,1,5,0.0
3995,750,259,456,252,483,120,22,491,84,18,208,19,1.1413975228736128,27,1,4,688.6327906527639
9413,2044,666,415,210,307,268,150,392,82,86,388,943,8.908206309132945,9,1,5,3468.4827801043516
7911,578,590,160,217,374,54,125,480,52,35,128,917,4.826248276008604,20,0,0,4191.775943140525
6342,1397,386,166,159,316,290,47,146,195,54,213,935,8.772373664633104,25,1,2,2218.3122675570894
7551,1280,697,325,54,489,214,156,406,180,64,450,464,8.557206022160955,2,0,5,2679.875140556831
6798,725,799,434,222,126,50,45,213,142,61,446,177,8.594261883719508,27,0,6,3415.6033244091786
4275,1574,560,426,160,114,233,176,157,150,18,458,945,2.3134728386286563,13,1,3,0.0
4016,1709,648,166,90,258,57,29,143,182,88,417,776,6.588660138239721,18,0,6,0.0
9439,1557,380,227,185,313,157,174,453,58,16,330,613,9.388646965480254,13,1,6,4958.891024498101
9863,1302,329,210,292,493,234,128,330,65,66,293,200,3.3522469585535895,27,0,0,5907.929039941625
3337,1241,348,371,258,478,333,81,366,140,66,107,334,6.593597062755387,18,1,4,0.0
3878,2678,671,400,292,450,203,115,111,122,46,142,179,3.6623483407279576,3,0,6,0.0
4076,1203,699,133,131,263,83,165,493,106,82,212,301,2.642732912944127,22,0,3,120.5341983032709
7887,1926,554,311,227,226,71,105,304,156,87,367,77,8.144062564594357,6,1,0,3483.3884440247807
6993,2870,410,399,268,429,197,164,153,135,39,439,456,1.8912839537034076,8,1,6,1153.8564633181186
9360,1114,795,472,80,157,200,68,133,66,60,139,648,1.0850824109826795,15,1,4,5368.995489874521
7859,828,229,224,53,246,116,173,347,114,56,104,416,2.74612063146313,27,0,0,4895.670022445241
9331,1895,776,202,243,355,127,24,498,106,93,412,56,4.471874780506968,0,0,1,4514.909367622544
3379,1983,223,305,105,209,281,92,235,54,63,209,756,7.997923313496175,20,1,1,0.0
3492,632,421,219,54,493,88,63,329,199,32,465,766,2.3322863744900046,22,0,2,0.0
8276,1334,788,269,130,148,214,171,455,178,88,356,670,9.071741697299732,19,1,5,3405.463207213156
5062,620,779,134,103,281,148,140,377,181,67,260,969,5.498460942817477,25,0,0,995.9397881113127
6884,1975,600,481,173,160,178,26,360,199,65,287,969,7.1331205274099485,19,0,4,1494.3112014578105
3064,1464,711,430,280,334,68,39,119,137,40,172,762,2.511427622736498,3,0,0,0.0
5568,628,287,345,145,341,320,127,314,81,77,330,294,8.429804252145361,4,0,0,2349.7855970011483
8463,2098,664,439,142,229,50,166,331,159,98,460,964,0.31263054180739824,17,0,1,2680.2794540853615
8248,2576,249,408,129,430,336,83,217,115,71,133,721,2.1128078529389196,16,1,4,2798.6668667450163
5027,2047,302,157,50,363,229,62,148,149,92,171,692,7.799484303631916,21,0,4,541.8826146779542
5695,832,567,498,253,307,305,63,218,120,69,388,352,0.6485777837662376,11,1,4,1710.1459372124073
4495,1653,691,405,260,241,223,172,246,57,46,155,368,5.9306451785653325,11,1,0,36.396670490824405
8258,1816,757,240,122,121,391,36,317,85,43,175,337,7.229942062464575,1,0,2,3660.042450903718
8618,1696,467,210,289,116,99,58,327,61,10,455,627,5.729229820990102,28,1,3,4090.1729044732438
9736,1929,596,262,110,462,69,172,497,51,50,182,441,1.0138011712623152,6,0,3,4737.174750473007
3391,855,519,210,175,418,154,118,362,160,53,330,331,5.983925620184033,9,1,3,0.0
8794,638,719,251,56,221,239,58,435,127,44,248,472,6.1128296530773305,7,1,1,5402.938373183092
7514,2026,648,475,207,381,288,58,109,196,36,295,831,4.852059458515804,13,1,3,1729.8042600889814
9432,1697,675,164,174,326,92,35,462,134,30,487,885,3.644743919482135,25,1,3,4278.200088351467
7474,528,789,205,64,472,54,72,249,98,81,335,26,2.435620153934414,2,0,6,4471.069142008181
8892,1430,439,315,157,400,297,125,317,161,91,276,616,0.7673190088381387,24,1,0,4302.438826417851
6561,1513,457,190,53,385,115,176,232,86,32,110,244,0.352126981453017,22,1,4,2974.4530977165914
5278,1327,589,125,112,215,300,29,303,109,50,222,776,7.91478833306705,4,1,4,1097.77445332179
9184,850,542,256,119,248,177,21,123,91,89,317,688,5.255245999180137,14,1,0,5641.861374092569
6099,2524,586,171,87,269,234,160,242,56,59,232,191,1.4771805144325845,15,1,2,1371.7687395615214
9278,798,593,143,224,189,237,21,443,91,83,159,204,0.9436080286494319,3,1,0,6029.506710607096
3200,2243,469,189,237,218,232,189,315,65,90,257,574,0.9106252436315521,14,1,2,0.0
8959,2365,348,232,276,283,120,33,333,164,31,165,624,1.4426980922492616,6,1,5,4037.7204521566264
7875,1715,579,260,51,495,115,70,154,93,49,460,405,0.28523211256220593,28,0,4,3482.582568445935
6104,2195,227,331,246,363,378,127,453,87,11,243,1,7.650417524591283,13,1,1,1456.315981103422
7598,2611,348,479,57,326,299,68,270,94,51,309,678,3.6680113454575225,14,0,5,1940.9104393716445
5454,1254,619,360,100,192,204,185,489,193,39,431,952,2.877032505002716,21,0,0,247.89543156915977
6645,1269,479,482,166,216,128,181,272,181,53,189,879,4.610038310936943,12,0,1,1973.9830033558694
8847,1738,381,468,271,411,68,48,380,143,92,111,206,3.107608661371363,21,1,6,4481.611895056572
3804,1333,365,210,161,490,318,130,243,84,19,125,662,6.972428848992084,17,1,0,0.0
9242,2713,216,263,68,417,94,143,346,110,93,423,317,2.9754163902042485,19,1,3,3980.726747078041
5731,2406,349,176,143,220,311,83,128,182,72,350,780,6.20756136689543,23,0,4,398.8799495569725
8991,2064,538,308,296,416,271,42,419,158,33,341,888,3.742922514469674,11,0,2,3083.394324966527
5773,1718,244,112,80,237,178,42,484,127,15,126,108,4.0917386152788,22,1,4,2291.2590623017827
4570,1005,701,157,129,330,155,35,223,177,54,152,302,7.830464999868506,2,0,4,1279.6896332311867
8056,1857,388,485,151,405,300,63,272,90,27,442,147,5.186282243330234,19,0,6,3329.4838086373234
9756,1960,260,443,71,247,170,79,333,153,25,184,524,4.055218846332595,18,1,3,5282.538866855488
8581,1916,493,135,82,383,279,128,464,77,49,275,694,3.27998594963808,13,0,0,3521.9170203237813
5690,1672,232,124,291,241,330,84,125,187,25,392,154,6.555757756442465,15,1,5,1872.1826435022917
6840,1260,498,133,263,431,276,166,184,167,88,144,105,6.266941107717802,29,1,5,3077.467659361421
4028,1332,614,239,249,107,324,192,149,174,79,302,976,0.8332113255332674,9,0,0,0.0
3502,1928,748,374,214,490,187,116,254,163,22,230,414,6.7466326072908185,8,1,2,0.0
9910,782,630,469,189,104,222,117,199,94,77,489,857,4.52105290669868,6,0,3,5683.983864478451
7493,878,694,461,163,356,376,148,179,65,59,489,533,9.739754265007331,29,1,1,2975.684818924417
3870,697,299,321,246,466,320,31,128,139,38,176,31,4.684335094574746,28,1,5,860.3984366536483
9938,1055,222,136,113,428,264,172,234,84,67,256,319,9.433492131570272,23,0,2,6608.985034961633
7488,855,619,462,202,345,277,106,161,154,16,260,21,8.038932433590453,4,0,1,4027.991295230055
3206,2063,623,228,231,334,156,108,170,194,14,116,701,9.677597871654932,11,1,1,0.0
8134,1540,686,415,78,461,208,107,482,161,49,366,987,2.058997673887897,11,1,3,2469.3060597327935
8977,878,288,422,62,109,185,157,389,199,13,222,489,3.323187018195087,20,1,0,5642.11054435994
4484,1179,408,317,294,341,300,180,232,70,16,421,46,5.883554339424571,16,1,4,672.0233390099114
3863,2279,470,434,75,420,79,149,216,95,89,389,0,0.9735927306526171,8,0,1,0.0
5790,1398,605,347,71,287,147,151,107,106,46,322,963,7.114150982853051,14,0,4,954.5151854060448
3563,575,477,210,142,413,146,170,299,54,84,499,463,2.6912592208307826,24,1,0,0.0
8116,730,405,403,125,101,306,129,142,101,68,335,170,1.4944399731003388,11,0,4,5035.057732989544
7191,2239,789,319,289,253,321,60,279,180,59,223,342,0.5894523832685072,13,1,1,1771.8495092246255
9019,1461,527,295,159,302,60,57,429,102,78,392,37,4.150339967424706,19,0,3,5188.180111096551
4757,2849,535,246,284,316,391,75,356,132,38,249,424,1.2728937893267733,13,0,5,0.0
9628,2762,791,443,141,414,217,191,137,67,64,134,483,4.990326227812137,16,1,3,3791.2891213875423
9374,2616,237,139,122,204,260,43,362,192,98,490,397,4.090466230766962,12,1,2,4059.609889692042
9892,892,427,233,168,100,221,112,436,99,76,405,234,8.70858471661318,18,0,5,6504.872741922137
4678,1608,682,451,59,353,375,188,283,77,39,472,362,0.7293828287366932,4,0,1,0.0
6242,766,333,290,97,386,169,47,379,95,29,114,514,8.597301275167942,21,0,2,3067.5947600859877
7636,1592,589,262,292,393,234,81,390,162,76,487,832,7.1498926755336765,26,1,4,2311.690360363628
4059,1110,624,160,219,377,88,162,300,165,70,443,299,6.46014605492241,29,1,6,0.0
9668,1870,786,104,139,293,306,29,141,121,53,368,783,9.752690287595424,24,1,2,4840.325354281115
8279,1508,709,136,294,356,328,147,399,169,65,128,135,0.49193836516671197,7,0,0,3852.5294102032703
4722,1461,794,316,277,349,279,48,103,162,88,405,448,4.905281267339411,27,0,0,1.221680106119777
6314,1172,626,324,236,347,164,178,463,143,69,115,84,7.292693767000299,23,1,3,2442.468723579701
6157,2970,673,315,230,187,353,82,218,50,50,100,317,5.3442939336897,16,1,6,521.6044143536569
8915,2200,767,238,217,352,140,106,176,107,87,133,769,3.2045874791835436,25,0,2,3525.9156240748825
5625,2662,560,205,252,263,358,165,379,198,49,453,75,0.26204132651481804,6,0,1,0.0
5729,2767,410,198,239,261,110,26,426,105,59,203,717,6.5209583050029964,14,1,3,235.76291375625289
9700,530,378,267,55,364,152,174,222,119,19,388,85,8.655227265118938,6,1,4,6994.403462305423
4597,1866,257,363,181,209,264,156,446,194,26,242,823,7.183379531270171,19,1,5,0.0
6060,1900,272,186,294,439,151,39,449,127,24,285,211,0.5108274478632735,10,0,4,1793.3255793691337
5693,1653,414,183,140,487,192,136,255,184,62,436,912,7.01002571391898,7,0,6,749.0839939561415
7891,1116,272,323,104,306,139,111,428,128,82,390,188,7.375147377150259,22,1,3,4365.41043237538
8147,1038,666,110,175,418,167,69,202,121,60,280,507,6.63328281631638,27,1,0,4385.736994201092
8739,1370,470,426,265,231,188,86,458,59,90,475,262,5.889773390407322,14,1,6,4297.6524970500195
6627,600,698,285,246,232,352,128,440,176,75,303,340,7.014316810927621,16,1,0,2679.6081799365193
4363,1912,553,449,291,493,289,164,201,90,35,157,801,5.761501664980456,26,0,4,0.0
4981,1440,433,478,295,207,185,118,490,196,47,176,315,4.79106866669316,25,1,0,714.8757192934144
8450,840,518,330,298,271,54,168,144,185,39,248,21,5.36374564160247,20,1,6,5311.765667513463
4663,1543,218,240,180,139,258,179,444,156,64,138,917,0.720716727750933,9,1,4,206.39275344075446
4529,537,774,205,56,391,136,67,169,131,18,100,404,5.255451911760826,14,1,5,1239.7242132871602
5038,1159,571,352,137,134,396,185,148,179,25,148,895,7.036093065872354,22,0,0,621.150130815147
8592,2533,383,148,135,158,368,47,218,54,33,432,508,4.937181207337026,12,1,5,3654.3606392403444
6302,2060,476,362,189,292,326,89,439,126,95,398,12,5.5697744469205555,22,0,6,1443.0567680228728
5237,2156,344,304,148,309,170,77,395,89,29,468,236,7.640343764329865,19,1,6,419.84531312718
8504,1549,280,456,194,471,294,29,117,60,71,443,709,1.4135071713192748,16,0,4,3799.2716425665585
8496,953,521,150,244,130,139,21,146,167,61,187,472,7.498638936293479,24,0,4,5474.885819314796
4306,2204,634,274,124,273,189,172,100,66,87,432,638,3.7357045929788235,14,0,5,0.0
7029,1846,242,324,247,404,161,185,260,124,61,455,43,7.855628132959039,20,1,4,2664.108158719645
9776,1318,512,360,156,489,289,20,394,170,52,488,926,2.196728368271612,7,0,0,4594.335127369167
5675,1272,492,321,213,297,321,99,211,75,19,433,280,7.941119184378116,16,0,1,1645.793588567445
8068,512,268,322,194,205,192,109,122,88,75,169,351,7.914946316383084,3,1,4,5573.405736850365
8864,1420,255,368,135,374,256,92,343,147,80,485,54,3.2126623588337697,1,1,5,5096.22091633713
4282,1324,403,397,50,195,168,32,369,137,74,464,540,7.960239824155163,23,0,6,247.666219813673
3709,2918,619,480,285,269,133,90,352,165,24,346,751,1.2389185309150375,11,1,0,0.0
8575,1814,766,488,169,129,300,20,392,90,84,423,802,8.094475658239551,15,1,1,3200.275333451994
8530,2879,749,417,116,381,327,178,170,153,93,162,843,1.464680491141045,27,0,6,1879.576130183674
7744,2808,442,484,257,486,212,75,175,157,59,179,79,9.855736891992162,9,0,5,2315.2043708240058
7413,2517,400,173,148,260,191,166,264,59,50,455,328,5.873471959394186,13,1,4,2313.9997176479774
6748,1728,673,213,255,405,399,23,478,122,69,339,716,7.816948607395925,10,0,1,1260.0587895711335
8353,1196,726,318,98,210,80,47,362,179,42,184,508,5.634175165350207,10,1,2,4486.069631320177
7779,1449,276,153,100,311,375,63,208,169,61,180,587,5.788052540157386,28,0,4,3951.653780083314
3663,2934,677,299,120,295,140,49,476,198,47,166,345,4.828626729951666,15,1,4,0.0
4998,1938,639,471,267,195,177,55,279,167,93,187,502,1.3827103436399113,4,1,0,5.385217591004071
6445,568,462,230,169,437,316,125,244,74,73,438,398,2.7194510306738637,18,1,2,2824.842720465461
6743,2281,384,438,220,237,85,141,289,71,19,197,323,9.358474426486813,21,1,0,2102.783738751767
8727,2747,254,291,161,377,385,23,264,60,59,358,816,3.7264116561938354,23,0,3,3017.161654711992
4495,2763,507,278,80,409,329,30,113,54,72,266,713,0.5624070946821336,10,1,6,0.0
6304,2469,715,485,73,278,262,72,343,55,68,366,943,7.973677061394503,23,0,6,265.7274371157942
6763,711,498,404,260,436,282,143,410,65,21,323,43,7.132953747149217,11,1,5,3264.561505006591
8232,1007,751,386,86,333,277,107,156,95,67,466,549,3.0750066545382184,7,0,2,3842.8617515669785
4853,2563,429,339,242,348,347,73,103,63,98,385,111,3.7114026067227868,6,1,5,0.0
8616,2021,576,344,266,231,286,103,313,73,18,405,267,4.912458369525869,8,0,4,3706.583757096081
9585,831,485,429,112,348,70,64,148,158,58,166,315,1.4265314367580917,28,0,5,6624.805523332634
7659,1050,337,216,105,392,145,164,180,125,70,275,213,9.922850890724744,15,1,6,4372.639133027532
4291,2124,677,307,251,162,100,83,134,55,90,203,933,3.779867909248771,0,0,5,0.0
6581,1441,206,311,67,406,386,32,465,70,87,395,703,8.578003322297231,9,1,4,1956.111290607137
6457,2803,618,358,155,491,360,198,280,161,97,327,506,8.283635682860709,26,1,5,68.64077120960492
4636,1227,671,479,242,356,111,71,259,95,60,371,349,2.6515114257785832,27,0,4,311.87270362780134
6696,1379,619,262,206,347,392,162,457,154,54,259,14,0.7921602669453309,1,1,2,2337.6902377899232
5999,1148,475,325,126,363,202,151,476,161,76,455,803,4.477556621071393,12,1,4,1289.7267009572624
6152,1499,760,440,53,436,273,101,316,90,89,289,580,2.188505056137001,3,1,5,1087.5955034422018
3698,2021,770,163,170,460,191,126,365,116,27,329,752,3.792375154646519,17,0,5,0.0
5160,2112,289,345,189,467,90,28,350,132,70,313,451,9.18767000983259,25,1,3,268.77693803818744
7097,1509,481,117,233,492,215,131,212,132,59,201,89,5.850182427636177,15,0,5,3261.0447790794356
7737,2050,747,133,97,278,239,139,289,114,23,139,170,4.223624242667703,0,0,6,3236.9903400545572
9363,1303,370,411,196,499,346,86,101,135,19,305,274,5.9356693787245804,23,1,1,5525.591410201205
8685,713,554,422,75,414,94,101,162,196,83,298,589,1.0449287657025186,10,1,2,4970.771845770458
3854,668,403,280,157,400,257,120,219,128,15,421,346,7.603804035653738,5,0,6,436.7140873505243
8855,1477,488,446,87,264,145,139,344,196,12,459,119,5.662761024426936,19,0,1,4558.807459642042
9528,1828,661,293,129,190,324,176,499,74,95,494,165,9.699884179886388,27,0,6,4629.894894462125
6474,645,372,291,285,421,342,194,371,143,11,489,281,3.942897478921219,13,0,0,2718.5466999087353
8757,2298,500,166,202,291,284,135,230,169,85,236,617,1.8698895859051035,19,0,0,3544.8622579391194
8249,1015,799,308,299,391,390,133,316,61,10,252,214,1.7942966178670416,25,1,2,4064.3673339126462
8172,952,728,465,233,175,256,152,117,141,61,232,361,8.573709465837748,13,1,4,4305.300393835168
4707,559,339,266,251,405,75,130,330,119,22,104,497,4.607923284864588,7,0,0,1512.748229042136
5777,1027,477,345,278,198,399,78,397,191,41,409,944,2.917829932784586,15,0,0,1122.1369413047958
8791,1523,710,344,77,194,256,54,331,54,34,367,316,7.885201958730993,26,0,5,4468.824135552086
4733,2064,545,265,110,280,190,24,223,109,47,317,833,7.371488679607654,11,1,3,0.0
8535,1602,339,395,269,253,396,69,149,127,14,489,501,9.103028736465307,14,0,0,3797.335114164291
9390,932,313,310,138,473,136,79,276,162,27,344,204,8.661176790573048,25,1,0,6060.6774876177005
7931,1676,779,232,138,455,147,34,102,101,19,301,651,0.97801203673201,23,1,0,3290.6283706606314
6510,900,706,296,228,423,72,127,171,186,62,446,740,1.7170736350397642,6,1,4,2151.187470342457
3202,2604,565,497,189,211,299,134,471,193,92,459,359,4.606867073077573,2,1,0,0.0
6255,2733,596,446,57,270,299,122,224,84,43,186,803,8.947436298921183,7,1,2,449.0115368790179
7218,2945,310,148,277,352,197,171,482,123,39,212,962,7.462385828807162,25,1,6,1021.6016881334981
7496,1104,557,163,171,482,103,40,104,162,41,393,835,1.3022068262427244,19,1,5,3494.662184831334
3766,2705,437,211,152,450,364,21,284,65,20,264,926,1.8969635199109414,24,1,4,0.0
7389,2310,202,455,235,221,88,192,183,100,95,333,808,4.641256488968063,29,1,3,2093.1692811311236
5327,1963,603,284,137,304,383,101,252,110,39,252,667,6.883923329192506,13,0,5,170.94958131503316
5931,2993,224,203,72,344,267,29,297,128,10,159,487,1.9540498031613318,6,0,0,744.3910658354699
3197,2273,708,312,86,226,396,192,319,108,15,497,714,0.8337991315704196,19,1,4,0.0
4930,2053,664,104,60,458,286,184,122,176,87,166,942,0.18525967084558892,20,1,5,0.0
6582,1596,260,218,66,414,374,170,493,152,65,215,439,1.3058181008067127,20,0,4,2198.2805187192976
9895,1428,707,443,269,145,373,192,237,53,76,167,746,4.099255489418735,16,1,5,5066.600021886659
9287,2451,322,348,233,395,392,188,260,179,67,263,975,8.64563837902591,22,0,5,2999.2072946905214
3608,2473,696,266,230,335,326,84,172,120,88,380,741,0.4066312858763588,11,0,0,0.0
6272,2564,254,482,244,240,274,80,294,151,28,107,284,6.797524555345561,3,0,3,1244.7304985512872
4147,2054,362,341,179,220,193,137,196,111,70,380,14,1.3397338655305535,18,0,0,0.0
7282,825,238,379,292,460,337,153,173,147,71,129,340,4.916118895301094,4,0,0,3899.2022559779266
6397,1494,282,462,78,108,260,37,126,74,95,214,141,2.8742950360516293,0,0,2,3204.355719548867
5511,1112,745,337,106,165,203,110,262,120,80,434,655,8.385068266425455,10,0,4,1150.792346902124
4794,1095,312,405,211,408,308,131,161,74,44,287,474,6.642177771000267,15,0,1,820.7733437529241
3659,1420,624,304,127,180,276,187,362,172,52,400,283,2.9685246996270664,1,0,3,0.0
5811,1341,429,413,171,359,131,185,298,115,14,328,717,5.032299601236473,1,0,3,1294.3315404861664
9051,1725,482,100,274,481,137,192,313,75,55,146,35,7.566810978377312,10,1,4,5037.557136376098
9546,843,486,270,161,497,358,36,365,151,44,277,393,8.669514277117312,8,1,1,5562.85254126151
4369,2376,354,266,288,204,53,160,126,155,96,437,686,6.195896518688367,2,0,1,0.0
4986,1358,364,493,259,491,222,29,167,180,45,141,181,6.145746032951719,0,0,1,851.7092770381888
8630,1923,381,357,142,196,81,50,294,188,13,277,392,1.0296510024753802,22,1,6,4522.13522556049
3146,944,438,162,51,289,283,69,403,198,70,362,219,5.21294976236839,11,0,4,0.0
6219,2288,538,371,173,447,275,142,462,92,11,103,781,8.152627970198852,17,0,5,471.41916087554637
5911,721,711,136,252,294,388,103,422,53,44,409,381,6.8244147566866475,23,0,0,2028.509298686835
4734,1091,465,115,80,433,255,170,444,118,55,204,447,0.4755799165954244,29,0,5,906.8615254421238
4843,1530,386,353,166,182,151,64,426,71,13,272,82,6.9957033680304335,9,0,3,932.0543469594388
3488,1795,239,442,162,350,107,185,401,159,69,386,56,4.026351975910356,26,0,1,0.0
5976,1517,692,445,254,169,318,158,197,152,57,179,588,6.839658995543458,15,0,5,1372.173908452187
4959,2563,590,435,93,391,199,155,301,55,13,160,890,8.112300139540096,15,1,0,0.0
8759,1947,459,126,176,439,301,97,347,199,79,272,951,1.7444729556689442,12,1,3,3232.876627194975
9694,2545,375,210,139,484,93,147,447,65,60,477,178,8.70626945715169,26,1,3,4562.665172134678
5385,1023,528,332,233,287,79,32,110,107,26,486,950,1.9458679345649266,3,0,6,1258.701105924875
5919,2568,399,163,275,240,61,181,131,136,13,102,868,2.872475330323282,10,0,2,689.1285326215082
7736,2775,395,196,231,239,63,120,427,172,95,102,806,6.805173704556861,21,1,1,2091.5285297718647
4802,2308,788,492,230,174,341,29,247,127,66,182,819,7.2731275163253795,0,0,4,0.0
9616,1811,730,366,163,199,94,113,232,96,94,359,318,4.258063901780357,13,0,0,5109.126035498332
9065,1806,261,425,123,244,249,95,481,183,85,158,316,1.1267411491312829,11,1,1,4780.085319272824
9294,2951,526,331,253,274,73,138,368,180,16,134,322,9.174654199089757,22,0,6,3665.9736346608197
8534,1589,480,498,290,408,300,55,302,62,57,408,838,3.466816703843365,13,0,4,3229.423808624332
7061,2172,426,147,263,320,168,23,221,164,86,499,27,9.672390658114642,25,0,0,2562.2472966578107
6369,936,257,449,95,422,127,141,197,102,42,475,13,8.491899239760077,7,0,0,3083.3169809528968
8730,1328,676,309,103,109,291,168,335,116,86,278,245,2.9541442730355403,8,1,4,4466.314405399986
3262,758,575,175,208,145,252,144,230,80,77,253,676,7.479765226173306,10,1,4,0.0
8883,2503,442,346,260,438,286,113,498,176,65,265,623,2.7330906295710786,28,1,1,2958.5942228944687
9287,2489,566,415,158,216,343,57,351,116,34,468,691,0.2521535892935367,13,1,3,3434.5652373239636
9489,602,699,167,73,103,397,95,351,130,93,167,533,2.629276331971553,4,0,0,6214.683469190832
3623,1492,451,412,202,412,136,58,452,182,44,468,222,1.6013495397375,0,1,3,0.0
4016,1268,521,163,212,337,259,108,155,186,82,342,256,3.078411406613335,18,1,1,151.30861709688418
6643,1624,575,281,106,393,325,73,479,78,48,376,750,4.778444386678546,12,1,3,1448.9567812810917
7976,1721,608,179,121,495,146,81,348,153,32,268,715,1.5052121871406032,13,1,5,3002.4774253362366
5049,2773,687,442,118,130,51,38,301,99,20,188,983,0.9681290036894752,8,0,1,0.0
8423,736,542,302,263,229,278,21,348,79,88,358,221,5.086281297556723,21,1,5,4965.465954458968
9397,1644,439,281,77,340,292,169,401,64,31,336,53,3.47665799010461,20,1,5,5252.79026384585
6723,1266,338,313,253,484,307,113,472,78,90,411,685,4.468280339897117,24,1,5,1992.8627462358636
7548,1490,321,219,82,180,91,76,275,124,56,289,111,9.903123145552309,8,0,4,4047.9102840339483
6108,2259,619,498,102,124,262,119,204,106,21,316,474,3.5169924770664474,2,1,6,1021.362356186886
8279,2820,760,340,171,360,345,22,344,161,44,323,975,6.034168526456468,20,0,2,1764.623587955868
7090,2779,503,434,65,147,52,42,324,100,43,183,84,4.83878111535134,13,0,6,2326.806739904886
5056,995,314,301,203,497,65,23,452,117,10,114,759,7.372469193138209,13,0,4,1279.0841354675897
6170,1547,542,391,189,151,328,175,250,173,41,293,67,9.848427273037766,24,0,1,2232.3579692508742
4682,2226,450,153,136,429,151,97,410,107,13,353,126,5.234085288493385,9,1,2,155.48516656343176
9959,2572,206,244,290,248,126,89,153,189,33,344,193,3.5043954683489686,8,0,6,5115.444335658928
5255,2835,788,455,267,198,251,188,480,118,80,129,980,1.6249476393181506,6,0,0,0.0
4154,837,378,185,154,166,104,184,420,155,85,266,646,8.123625089798178,16,1,6,587.0030366388377
7499,2437,344,121,126,309,258,26,318,117,31,419,100,0.735210579231641,11,0,1,2874.5501907871903
9295,2317,615,430,136,347,378,20,406,85,44,334,70,5.814056603606622,8,0,2,4234.315078674828
9197,636,320,391,80,218,130,107,335,179,94,345,65,7.639265478667027,5,1,3,6286.028415371034
6191,2774,323,335,149,327,293,181,483,84,38,284,203,1.918990345724415,23,0,2,684.9597237891667
4696,819,349,128,204,202,284,199,446,174,26,418,896,4.80744890267154,18,0,5,636.4652416708809
6991,2363,596,282,85,388,163,29,263,149,37,106,130,3.969307358424831,26,0,0,2233.129088931521
7723,1415,580,259,108,339,116,138,387,57,56,185,0,2.103936949663767,22,1,4,4104.854473408688
7682,1705,200,497,288,331,346,153,458,77,50,427,34,8.82010561641099,16,1,5,3030.825130927605
4648,2397,443,117,155,389,89,129,156,175,26,314,783,5.32311423558803,26,0,5,0.0
8539,2633,597,137,264,253,270,144,128,153,13,122,498,8.563011200158195,29,0,3,3258.4278594461707
4445,1425,450,200,279,269,152,195,186,93,50,431,135,8.513916953580928,13,1,4,613.2881952834582
7199,2600,775,389,52,258,344,64,477,59,15,361,660,9.801435945867835,0,1,0,1089.3820502903309
6923,1758,498,476,271,212,102,159,178,54,88,285,260,9.195531916981349,26,1,3,2354.0338558583976
3253,2482,496,272,170,150,345,122,462,150,53,113,311,7.325317841754674,14,0,0,0.0
6183,932,699,442,209,135,101,130,407,169,33,383,286,6.7541461344595275,23,0,0,2104.1234124289235
5557,1498,314,465,64,112,86,89,498,78,63,360,762,1.6403822641351795,17,1,1,1298.6710395597568
8592,2647,200,166,279,440,116,136,188,180,81,155,89,4.294146771198262,29,1,3,3938.361846505955
3098,1489,752,290,124,317,211,168,278,144,40,220,256,5.635635912954364,16,0,1,0.0
5200,1098,799,142,243,342,255,129,386,51,18,252,726,0.6187209996161169,23,0,0,707.7122589989145
8980,2950,681,222,267,322,390,138,183,128,91,231,396,1.5466914143637878,15,1,1,2962.093751411502
5961,895,799,377,240,307,371,94,322,141,62,128,543,6.407567452132676,8,1,5,1431.3925789540156
9015,914,709,442,275,368,101,55,243,105,11,332,452,1.470464645463161,17,1,4,5025.294216281465
7973,1438,534,295,50,321,258,106,263,191,95,210,595,3.3840803661488863,10,1,6,3485.8259976030054
7433,2136,664,432,252,387,51,120,394,125,29,213,306,0.37280891496986657,18,1,2,2334.597968252301
6777,1040,340,224,182,488,178,42,238,64,13,362,91,1.6974205907446316,4,0,6,3395.39250927143
5869,2149,782,195,139,111,227,174,247,134,53,419,390,5.544803271803575,1,1,1,907.5058443831781
6234,2445,336,477,55,286,213,167,411,173,71,467,379,6.420051916753283,5,0,6,761.19509615129
6791,583,366,256,276,268,71,34,340,167,22,142,57,1.0293618281188799,1,0,4,4072.5234224535016
3956,770,542,139,293,392,276,61,342,94,29,455,460,2.4140680808137924,3,1,6,228.10437251596377
8800,2791,609,459,182,423,131,151,269,96,61,415,287,3.956476377058731,26,1,0,2879.3762105433634
7067,887,264,272,165,205,213,48,146,69,15,255,493,6.824088748460105,7,1,1,3937.8303895832373
3160,713,780,474,122,275,52,68,105,173,24,139,17,0.7501726951215792,15,1,1,304.6008899633396
8699,558,266,493,205,448,221,90,464,195,81,422,173,4.488784291092114,14,0,4,5009.999662756006
9944,2125,632,272,260,140,167,94,134,128,73,392,876,7.36775171012925,0,1,6,4627.035441716791
7493,1342,249,219,118,411,193,73,491,110,45,454,519,1.4050456144056644,25,0,0,3397.062911373175
4300,2027,513,372,264,424,301,180,170,170,45,414,220,5.456458882149107,3,0,4,0.0
7911,2229,508,457,285,348,315,115,392,54,12,375,851,4.40795393072618,2,1,3,2025.812678075944
6987,622,314,485,93,366,219,123,277,107,89,300,281,3.908283555588039,0,1,0,3698.761286052703
4527,1936,768,463,193,321,262,56,222,130,49,262,529,9.3387794081717,3,1,0,0.0
9015,1662,541,445,248,492,330,154,344,126,47,413,813,3.955592253110849,9,1,6,3350.984115477795
8511,2986,729,474,255,212,276,43,499,109,93,476,892,4.467821222953238,0,1,4,1225.6257508174338
8254,1061,694,418,199,383,311,74,108,190,54,237,641,0.6226639838683778,6,1,4,3940.162008104988
4218,2665,468,360,250,377,304,158,430,149,71,340,430,3.650996169655931,14,0,6,0.0
7496,2237,279,380,288,302,57,127,312,89,89,158,489,5.236815397346995,8,0,2,2530.3264660082614
7735,1404,655,428,200,440,90,191,415,51,94,472,560,0.09453823145056606,15,1,4,2752.894332348526
6104,894,498,223,220,361,306,109,150,188,91,248,441,0.4961686113666308,4,0,3,2068.8595572289787
5735,2226,401,377,117,381,180,25,401,60,75,398,343,2.3902516359588066,19,0,3,942.5567112560605
7555,2216,702,192,220,243,101,50,426,59,33,332,746,7.423190387891202,0,0,4,2173.8253879276754
3954,1434,684,134,203,342,151,190,495,77,15,398,775,7.833422015355992,9,1,2,0.0
7565,1601,784,410,90,369,268,126,163,168,90,315,277,8.015700845990205,16,0,2,2960.5031923795896
6446,1935,759,227,119,134,293,31,470,188,99,458,609,5.732380769909666,28,0,3,1139.6692839623122
4045,574,217,119,80,397,382,199,331,56,11,228,479,8.355430773122594,28,0,0,790.9506294544976
9893,794,677,360,66,152,352,89,120,192,35,273,98,1.37080565496986,22,1,1,6665.664226409127
4693,520,687,266,186,455,388,49,104,56,53,226,408,9.236917453281352,24,1,5,1307.7126873955444
9181,1538,645,418,268,249,324,138,105,104,10,462,710,8.062751427493664,18,0,1,4107.4363969722535
9373,1734,539,335,104,112,119,145,142,180,11,162,589,5.995566186417446,16,0,5,5258.94794615057
6436,1059,730,131,55,366,96,74,381,69,20,250,427,5.809554142093486,28,0,2,2620.6150219836295
3562,1609,315,330,247,495,166,58,448,173,39,373,156,1.1157845984559966,20,0,5,0.0
5485,1672,273,290,241,196,127,101,153,52,43,382,996,8.010060193170734,14,0,0,795.6049979932625
8895,871,468,429,181,185,54,25,483,69,70,143,996,4.982466619700777,25,1,3,4849.563199111152
6354,2527,315,244,293,408,303,27,230,59,43,273,518,8.21490937332494,25,0,2,924.0766113666122
9170,1317,363,200,156,364,369,74,238,139,80,160,992,3.1558826815164407,2,0,2,4794.104054875177
3225,1674,782,178,244,170,156,124,314,143,11,239,383,0.5095339924639319,9,0,1,0.0
7893,1664,421,259,137,116,293,35,124,133,73,326,976,5.055582296061755,13,1,1,3491.6113545304247
9427,1592,325,354,233,288,222,139,495,100,12,460,722,8.813462002662394,29,0,4,4410.667737457005
3959,1783,375,378,67,109,85,149,164,166,75,371,280,0.8879183907315813,16,1,3,0.0
8600,2511,574,287,209,265,222,83,359,146,39,199,519,4.1162044230450086,16,1,0,3271.407313663453
7548,1345,697,309,289,478,229,30,482,79,44,216,971,8.340835065051602,5,1,6,2373.0839955011083
6067,2491,284,340,262,138,316,107,297,94,31,291,386,2.2858515057244655,12,1,6,947.0650815133134
3815,1020,582,155,97,465,304,23,208,149,91,222,286,2.6230683997604554,6,0,3,138.8964549166484
7754,870,662,236,78,444,369,150,115,72,71,368,747,6.213646092791772,8,1,4,3561.922220134393
7642,1942,650,205,209,318,370,34,302,102,63,227,455,8.646293812667219,15,0,5,2867.1428137306143
8311,600,717,168,202,193,122,123,241,91,69,107,67,5.770336390454526,4,0,3,5498.480635728853
6120,1160,749,289,125,257,106,87,457,153,47,283,799,1.0188651197617282,16,1,1,1721.7847135676066
3016,2181,315,291,287,462,115,190,212,162,39,235,134,9.293787952734446,0,1,3,0.0
4243,742,207,377,112,133,181,100,173,134,11,314,141,5.353290369519314,8,1,0,1730.6500968717482
5205,1011,417,131,58,388,309,28,152,120,29,272,417,3.426800445181345,24,1,5,1822.3046680192067
5524,2773,789,274,248,111,173,44,217,52,53,453,196,7.535263382812724,17,1,5,201.7940470754197
4069,2041,603,357,63,332,141,84,285,166,89,251,523,6.912021334175619,17,0,5,0.0
6444,2761,766,222,69,186,323,123,162,92,77,473,36,3.063798436942525,12,1,2,1181.3437603755901
5565,2614,503,184,261,192,190,85,240,183,86,120,282,8.554512518273562,27,0,0,663.1929635480668
9242,895,666,315,59,206,281,192,400,103,87,240,84,0.8412089561788194,8,1,0,5519.047055889456
8864,1111,287,315,188,292,119,52,325,101,18,405,376,8.791142072886867,20,1,1,5416.66251153067
4060,1760,209,113,216,109,224,41,324,62,23,103,588,1.008365683841047,6,1,0,135.70821614430872
5327,2357,507,136,196,224,135,61,282,161,20,320,600,0.3608783025113127,4,0,4,428.3376866293735
6420,1269,633,126,196,374,302,174,260,105,19,481,545,8.648173349665356,23,0,6,1857.591016791975
9640,1922,363,251,294,378,79,30,161,153,80,295,809,0.6590714723352564,7,0,4,4890.855108611562
3301,906,438,163,220,227,204,61,496,115,66,248,831,9.914930305111978,22,1,4,0.0
7276,2372,516,169,238,440,249,97,180,117,15,172,747,0.8245588942043636,0,0,3,1926.4060550595832
3606,2003,534,253,119,284,205,123,428,62,26,204,559,8.28664018406617,0,0,3,0.0
6170,2769,217,352,121,462,294,41,496,79,22,440,16,9.640484054581396,29,1,3,803.4458841321916
3699,1679,270,370,114,454,69,156,115,125,68,231,660,5.728178069269063,23,0,3,0.0
8088,1153,374,128,200,158,252,76,328,92,56,419,270,1.6922155461291466,22,0,0,4596.814366522841
4139,2975,538,173,153,281,383,102,196,161,13,435,537,1.6175559251715288,20,1,5,0.0
3190,1681,447,383,278,173,201,50,459,147,35,124,928,7.602597299362901,12,1,3,0.0
5300,1476,392,158,109,101,126,37,419,52,41,106,98,0.6731794326588647,17,0,1,2044.2603585986094
3980,1939,618,342,187,342,377,159,425,92,65,481,857,6.859072228018693,1,1,5,0.0
5975,2918,524,428,112,327,221,187,239,122,76,272,139,2.8818572465521166,8,1,1,391.8871078655526
9102,1867,505,248,179,147,378,141,229,181,20,104,507,9.26645833571091,22,1,2,4495.697636926527
4184,728,403,109,85,105,299,120,242,141,93,395,21,5.538986697269834,5,1,5,1469.9748094904078
6327,2827,322,231,167,142,235,192,436,81,67,376,969,2.2235601716239795,20,0,4,235.86394365615268
6394,2393,769,161,106,244,177,196,279,50,61,261,968,8.466321837140496,24,0,0,803.3139345079413
3127,1813,646,487,243,226,60,148,262,190,38,190,227,9.83243501944166,18,0,6,0.0
5065,1570,690,482,128,434,385,117,450,85,11,351,865,7.443724798801363,23,1,1,0.0
4816,1474,632,361,69,345,291,154,222,75,77,160,212,6.97885968735269,21,0,3,662.8495695259959
8854,2238,327,317,91,220,230,149,137,199,58,301,352,8.569622820148231,14,1,4,4344.317461907021
9709,1257,747,331,70,331,314,140,397,137,30,434,73,0.20219170248349516,8,0,6,5459.638267744758
3569,820,246,435,271,475,244,105,464,188,26,218,940,8.889276427893764,13,0,2,0.0
8442,2821,704,171,297,288,295,23,331,74,86,486,390,2.4977754919057404,8,1,1,2553.528590025789
4895,1055,314,115,265,384,149,192,436,128,12,210,250,5.904924098466147,28,0,6,1330.5391048476806
5733,1343,615,137,243,341,101,193,351,151,51,304,702,4.472412326757925,20,1,0,1119.4479177915273
6863,1836,422,276,215,177,124,28,106,83,57,155,539,4.334427849211116,22,1,2,2830.235186637159
7721,1886,702,420,263,157,182,35,155,81,40,292,465,4.503693337278813,21,0,4,2989.3630864667084
7014,1167,295,481,142,280,305,70,488,151,10,466,974,6.837785312935944,1,0,3,2110.554615482103
5901,2927,306,182,127,169,258,71,267,170,96,172,807,6.760110264153621,7,0,3,233.14008724090314
4686,2442,231,116,246,364,192,156,416,106,78,266,605,3.758891713268828,14,0,5,0.0
6009,2504,692,468,73,303,117,102,318,156,10,125,984,9.92851843750876,23,0,4,0.0
3154,2430,265,255,75,269,103,153,164,70,89,373,956,9.663141958614027,11,0,1,0.0
5537,1245,378,271,179,394,316,63,293,122,84,427,305,1.5722187967638623,8,1,3,1486.5588447953771
4409,1174,642,495,223,477,291,136,192,134,45,114,881,6.878358867117442,25,1,3,0.0
7057,2663,748,169,158,346,96,153,440,70,89,401,364,5.117996120637603,10,1,5,1314.2093084593716
3784,1565,400,170,83,158,164,24,269,199,68,377,605,2.7088462139091796,16,1,6,0.0
6175,2926,248,354,239,399,245,193,325,91,70,401,463,8.08288032212645,13,1,1,246.70846239099086
7341,2827,462,230,264,420,343,46,330,60,85,103,265,2.2453683730504013,5,1,4,1924.3185783812216
8596,1117,332,148,218,110,179,133,380,107,13,120,792,6.703147537021492,19,1,4,5018.092913926078
8801,2665,543,120,148,446,94,64,105,147,58,145,907,7.3595702398358345,21,0,2,3391.167500857311
5806,2856,375,491,192,439,204,188,363,90,50,188,487,4.026813096046632,2,1,3,0.0
3537,2647,590,419,104,104,366,109,152,135,69,378,886,0.3782321647963516,24,0,5,0.0
8986,2808,210,319,52,304,131,47,118,193,81,372,512,3.1998040550738374,12,1,5,3741.269995296715
4841,1492,400,286,125,469,316,51,364,152,81,195,72,8.090794080756586,15,1,4,733.0132716514913
8016,1828,202,131,215,344,206,72,260,157,30,339,211,6.729609989683035,11,1,5,3893.7317919814295
5455,1877,413,302,228,348,74,90,363,119,49,165,805,4.8510313129115925,21,1,1,728.4729214425957
3524,785,506,375,194,204,383,49,393,95,81,484,593,7.117903317969116,12,0,1,0.0
9971,2875,743,341,279,341,231,72,259,97,88,338,732,2.1598697642554274,21,0,1,3501.712488286324
8625,2610,759,115,268,371,223,178,122,86,87,317,164,9.25890052548141,18,1,3,3383.90230098312
5950,1186,526,415,260,106,346,159,261,71,83,390,442,8.393706774678092,25,0,0,1705.9146011303292
7131,1805,398,272,98,323,90,28,442,129,49,159,880,0.32345155071541454,28,1,4,2366.647119150619
7780,1964,308,236,289,316,337,86,484,184,36,361,395,6.696593868035578,27,0,0,2766.5285337425044
7115,1237,490,278,198,143,98,184,106,126,51,473,932,2.7741167519691334,20,1,0,2581.6850690803444
5368,2458,307,458,281,125,311,133,462,162,45,300,607,4.9572043886169,25,1,2,0.0
6847,2394,607,160,137,391,293,175,467,66,20,183,523,1.9714753471659652,8,0,1,1464.2819502287612
9655,1985,751,203,201,280,106,173,123,52,86,125,567,7.339277693032175,29,1,1,5066.234572087693
7495,2600,251,416,260,191,55,102,229,189,44,332,868,0.44886254883410803,23,1,6,2018.514132638216
5701,985,311,294,272,367,96,168,354,125,94,261,934,5.535564999381411,9,0,1,1324.6921471346168
3971,2013,494,355,89,445,112,120,355,68,46,338,203,1.101012491793153,18,0,4,0.0
9002,2501,779,175,197,167,116,29,349,164,21,173,439,3.073512902976192,16,1,1,3940.2007508431916
9614,1887,388,370,256,463,232,99,438,51,59,321,992,1.9333512343585468,28,1,1,4073.828155308915
4166,2956,264,280,153,250,211,43,205,145,34,359,311,4.337224944260458,28,0,2,0.0
8211,1530,773,231,212,203,346,44,455,177,72,458,506,4.813468871430374,21,0,2,3128.637079300221
7929,2265,664,250,225,187,154,199,411,67,91,325,106,6.591018547779218,6,0,0,3052.4236725772257
8919,1167,457,254,276,194,312,109,447,104,19,364,927,4.496865730413769,25,1,6,4336.73669413967
5774,1720,530,458,210,481,106,148,131,53,67,168,544,7.246814685617626,24,0,5,1108.1653617285701
4982,1334,700,334,153,385,65,72,176,199,12,108,919,8.067558093818274,25,0,5,537.8394394828755
3853,1375,409,347,233,418,108,126,425,169,78,380,670,9.937016453520123,23,1,4,0.0
7146,2914,288,264,90,102,215,43,192,127,64,139,189,1.236725041817649,16,0,0,2492.6934831880135
6736,1501,227,304,231,307,299,46,109,127,21,294,989,4.0900051003418625,25,0,4,2182.6407894624235
6769,749,437,264,93,201,83,126,478,142,87,380,473,2.5418927885049447,13,1,3,3246.0332866255526
3574,2439,535,312,259,447,95,174,429,83,54,406,513,7.247432489301291,3,1,2,0.0
6261,2118,262,353,130,276,348,107,133,176,50,476,51,5.157054763370126,15,1,1,1677.3198533290515
4148,1763,752,256,249,403,96,143,439,156,51,245,592,1.11336915213199,19,0,6,0.0
9293,2927,699,276,299,298,301,58,210,94,42,442,640,0.6279337433813004,0,1,5,2927.424628070604
9457,1371,740,174,133,107,215,96,388,172,79,286,819,5.008186096273217,5,0,6,5047.790157669511
9713,1334,668,277,188,490,366,103,443,142,15,261,350,3.5071746497885794,16,1,0,5138.937720821005
9448,1418,791,383,271,344,181,121,196,187,11,408,379,5.267719223800444,17,0,5,4691.870375781475
4715,2224,250,429,268,392,119,183,412,147,35,402,92,2.4872976706739083,27,0,5,0.0
7777,2913,311,232,280,426,109,95,249,100,57,160,458,3.87638660957926,17,0,1,2314.04672254673
7933,1813,500,224,191,277,254,24,303,192,66,341,492,9.739860926543573,20,0,2,3203.4553106554463
6854,2397,289,411,219,181,287,100,321,186,78,339,131,2.411484471615154,24,1,6,1850.9906000894555
8173,902,428,419,256,211,393,157,131,107,55,156,867,0.23408285327927492,11,0,5,4007.7998854062757
5491,2605,349,226,61,458,397,35,224,199,57,293,7,9.226685454408036,4,1,0,578.3737200032591
5660,1827,337,476,261,120,382,161,207,62,50,432,355,8.03484427459605,16,0,4,960.9952799653656
9407,1638,334,444,66,133,155,48,310,157,25,170,942,4.544809243732097,19,1,4,4882.160027238889
6124,709,656,324,281,354,233,175,101,169,61,470,660,5.324702406303484,4,0,1,2031.723429173271
8691,1564,693,116,139,126,387,137,282,177,21,261,330,3.3537554763776276,9,0,4,4557.281252381136
6051,1315,726,452,255,107,56,136,158,93,24,153,395,1.4311373890239465,25,1,1,2155.461675096754
3004,2720,532,410,74,117,80,164,388,135,94,164,217,2.6802180726693994,3,0,0,0.0
8222,733,561,345,75,332,265,55,195,79,30,344,346,3.5790065658554893,10,1,1,4914.13254989966
8315,1292,373,236,224,495,390,123,349,126,34,299,801,5.555006340976604,18,0,3,3491.817301436229
7869,2407,412,316,202,406,353,193,204,107,90,472,713,2.8232646746187804,8,1,5,2023.384841584701
3876,2113,542,295,266,290,347,64,310,132,81,396,506,3.2301935187512107,0,0,0,0.0
3991,2666,260,300,109,249,395,122,369,171,39,484,761,5.481046860424417,21,1,1,0.0
7142,834,260,465,109,491,335,28,158,184,42,252,968,2.8245490307197887,21,1,6,3048.912001526542
9966,1859,723,306,76,255,175,183,370,84,75,340,358,9.719285563073814,21,1,4,5187.321428921517
9799,2139,415,115,220,146,100,24,128,55,42,320,332,4.46361898227461,12,1,1,5794.043460072619
7364,1597,788,499,125,411,239,98,302,127,37,151,715,8.079489528803848,14,0,4,2271.182921970624
7465,1714,777,112,69,238,100,92,211,114,99,436,80,6.805290198630004,4,1,5,3241.6898881059383
3635,823,622,177,240,241,281,108,464,159,50,347,579,1.3525878756614373,15,1,3,0.0
8225,2290,622,313,257,434,227,197,222,134,10,170,63,7.818732725429275,29,0,3,3291.4558423258986
4693,783,570,440,202,113,207,47,300,188,72,243,614,2.478943659939863,25,0,4,958.5350558366191
4682,712,405,428,204,455,196,46,402,58,44,376,539,8.910839760576888,18,1,0,726.878364438996
7752,2158,485,218,229,358,355,129,284,187,57,485,808,7.2186184754493,8,1,4,2155.6031945980117
3119,2241,304,280,131,335,300,194,157,92,48,317,595,7.171958548995313,21,0,1,0.0
3830,1428,742,423,59,477,388,180,448,169,29,424,454,3.058917591194131,18,0,0,0.0
8906,1251,441,429,292,106,391,134,354,99,86,104,503,3.928607406157126,4,1,0,4545.005342144092
6675,1917,690,454,227,138,181,141,328,162,47,172,583,7.315152466430747,26,1,1,1523.552860552566
8177,2886,697,472,79,284,286,116,440,112,32,339,482,3.6347303696614364,9,1,5,1971.7141400566381
9070,2321,634,236,50,214,61,185,152,185,21,374,476,4.5290307532491045,0,1,0,4128.339136608081
4369,1545,683,278,103,209,192,155,441,182,15,290,302,5.589265887706402,25,1,1,29.632312801893434
3740,2294,646,307,53,164,167,151,419,184,97,105,782,2.983266878648869,24,0,6,0.0
3116,2392,583,493,264,330,110,131,343,96,16,418,862,7.632975622257813,7,0,2,0.0
8949,604,709,470,184,380,230,183,437,191,60,113,203,2.7460433425910233,23,1,3,5108.061484062969
5838,1989,369,153,79,130,362,126,357,74,23,307,660,0.528989627846006,25,0,6,1068.6462665279332
4150,1982,522,178,139,185,314,178,159,134,25,101,47,7.867822766356417,28,0,6,129.48528159040222
4931,1955,673,370,114,237,78,196,328,142,32,117,463,3.7126820842075245,22,0,6,157.14331286497566
4012,1269,431,494,173,176,312,188,439,101,27,134,678,8.45892240502111,11,0,2,0.0
4664,2459,558,217,78,236,249,155,403,176,16,349,287,6.236871179963231,5,1,2,0.0
4081,2527,474,467,202,221,154,177,217,53,77,181,5,8.310157231958797,25,0,6,0.0
7729,878,231,205,89,363,128,161,487,167,34,438,343,3.814937412783359,1,0,3,4330.289826461877
3512,1212,376,204,75,196,193,64,125,95,42,380,351,5.595130023221543,29,0,2,19.524853709479345
5849,1872,264,402,66,118,248,129,439,145,60,490,401,0.12663118989583277,6,0,6,1194.6082226802378
8215,724,226,217,208,385,155,65,249,50,97,486,183,2.570557135336812,2,1,5,5174.9399939886025
8237,2237,678,481,238,108,388,112,270,117,32,156,875,8.745257773235132,4,1,4,2571.864105508181
3559,1237,467,328,57,182,138,35,352,127,59,409,457,4.408109651463388,19,0,3,0.0
6672,735,796,247,118,146,381,157,119,171,30,115,732,6.35884779883245,27,1,2,2751.329369019223
7583,682,265,453,50,189,315,87,448,168,72,232,520,2.798951873408888,16,0,3,4003.7674517255446
7992,1211,332,249,128,100,300,199,403,127,30,416,908,8.525672433299341,22,0,5,3556.594999317018
6343,2392,565,403,277,486,201,69,476,179,36,379,242,5.935307775238346,0,0,3,634.267191639988
8308,2991,281,355,120,261,355,87,450,70,90,334,26,9.079598747906708,19,1,3,2745.1505852257296
7070,2388,527,181,95,252,245,21,160,78,35,227,612,2.4358271153613495,27,1,4,2279.7760676011794
7799,1122,297,115,157,100,175,94,250,125,28,162,647,7.2737090590312725,7,0,6,4423.765556543121
4470,1759,784,488,294,478,92,94,335,131,67,272,180,0.20491865464633108,13,1,4,0.0
3580,1650,526,292,268,245,222,197,416,71,16,443,577,5.977913849066398,12,0,6,0.0
9933,1248,741,310,148,260,103,148,329,189,24,224,745,3.0145552636250486,11,0,1,5505.344193579246
5294,2702,324,173,173,492,302,116,435,106,75,179,3,1.2319442593359209,24,0,1,203.06937306802735
6147,2804,409,376,268,234,348,128,290,57,75,210,457,6.267466382447924,24,0,6,443.31862180286157
7249,2782,332,160,197,385,245,184,374,106,90,266,781,0.29108591730757083,26,0,4,1378.7591684634556
4679,2836,702,123,259,176,342,170,302,66,56,383,24,1.5628159951174814,27,1,6,0.0
6506,1009,356,122,217,180,266,196,303,70,55,479,680,3.7074252283280575,23,0,3,2514.8047569446
8092,2075,758,442,51,368,218,136,327,100,98,222,461,4.468196513789312,4,1,0,2721.80949087302
5744,2323,581,494,271,368,271,36,368,184,84,360,201,9.082649925634295,21,1,1,313.5252555391219
6356,1284,221,357,238,141,177,90,485,103,53,304,711,3.3507095301416134,1,0,6,2130.767269430745
7045,2845,794,297,279,223,398,162,278,109,18,114,645,0.511477162469125,8,1,1,815.3063283418752
4243,636,618,152,271,329,65,70,430,93,80,204,772,9.622796631894948,1,0,0,652.7351717405378
8188,2923,671,238,120,456,86,174,356,126,20,148,916,8.308032036580741,0,1,5,1777.1676446668507
6118,2634,433,370,152,301,345,28,268,78,65,359,176,2.27434306780487,4,0,6,1064.3937565314193
8104,2277,771,300,126,433,369,83,493,110,13,113,918,5.154245526554732,25,0,0,2062.5171733395664
5141,1722,653,495,146,206,274,104,102,110,46,318,36,1.553687277043948,23,0,5,1002.3953908951495
8869,2984,769,477,281,391,163,112,107,121,99,493,82,9.556557415949193,18,0,1,2822.8415793930285
8053,1833,361,478,298,390,71,61,435,69,43,186,820,5.162275488038082,5,0,1,2806.9885229457823
6059,2277,500,263,79,273,348,136,206,105,89,480,176,4.716890286134724,28,0,5,1160.8921188592112
7548,1804,505,191,79,411,111,89,139,123,56,456,211,8.288600678596506,8,1,6,3250.990066153684
8323,1263,201,122,264,186,231,108,474,192,39,319,638,1.28987361887135,11,0,2,4248.52317788653
5959,1201,470,187,222,104,334,54,287,95,55,399,649,2.643378480252103,7,1,5,2058.6964179616107
5265,651,620,497,73,271,65,36,363,94,89,432,209,7.326546151917201,5,0,6,1797.7902140047527
9617,1825,342,281,261,220,326,63,429,91,79,263,915,6.139631879167007,17,1,2,4613.891212179501
5479,1801,734,454,269,255,186,190,342,57,42,483,943,1.5902821643228027,3,1,3,0.0
9484,2211,236,382,233,186,332,123,264,133,59,259,778,2.1067208432795246,6,1,1,4427.247163690452
7646,1531,306,120,260,197,176,108,382,63,24,464,590,8.798478786313527,24,0,5,3384.1829545888686
4635,1306,496,148,110,234,135,126,194,75,29,164,95,8.237270961304171,25,1,5,1536.0682261434474
8408,734,296,289,290,106,256,137,230,151,85,291,138,0.14882803000590972,1,0,1,5393.4381611748395
4757,1060,480,304,190,359,200,63,361,90,97,103,243,9.515059437596001,6,1,6,1196.3469474825763
7452,1825,309,143,174,463,100,185,308,78,49,225,220,5.8167356420289575,13,1,3,3220.47100865958
5070,537,748,399,129,483,280,188,109,62,41,356,487,4.712351702879124,7,1,5,1186.900701873296
8881,1659,751,227,233,131,129,172,128,147,21,223,294,3.555896792781633,25,1,6,4661.5629776370215
9665,920,796,288,64,127,180,68,247,96,24,309,384,3.7580440453497985,14,0,3,6014.132140284396
8877,1742,387,269,60,359,185,79,434,70,68,176,575,4.945890621163834,28,0,0,4452.766358532612
5849,847,687,378,189,343,395,21,165,144,69,316,558,2.1057201494730107,28,0,1,1848.2627118865232
6251,2331,553,300,135,464,219,84,111,61,81,120,858,1.3147836874102314,6,0,6,832.8275189920363
9905,2069,218,484,138,363,212,133,112,155,13,434,994,5.6100907068788715,20,1,5,4721.376549617855
6730,2418,592,224,52,241,248,22,463,73,36,268,135,4.531620479272174,20,1,1,1922.0691408955186
5489,2820,460,391,73,129,276,112,201,70,67,396,75,6.769817884679773,13,0,0,360.65585383907245
4631,2401,609,410,138,486,97,161,272,53,62,109,125,4.926762089777464,24,0,0,0.0
5816,2855,602,465,58,229,359,192,312,74,87,216,347,3.9242041069832414,26,1,0,217.69006485891802
4015,1897,683,115,269,365,302,181,268,57,48,487,815,3.435550778278562,0,1,3,0.0
4348,2324,503,444,95,169,152,183,307,83,24,296,466,5.773741922464472,6,0,6,0.0
7611,2991,217,373,143,218,85,34,446,163,28,271,476,2.7872639857024586,13,1,5,2208.238564583965
6087,1728,383,393,120,426,55,56,161,99,23,286,105,8.177017491342296,1,0,2,2117.169042669686
5839,904,604,119,237,499,248,157,486,140,80,265,873,7.936042433488676,15,0,1,1321.278768547141
3335,2221,330,118,188,169,61,28,108,77,15,329,977,6.439158947385987,4,1,6,0.0
8878,1720,678,112,59,307,152,69,224,111,43,379,381,3.8572281501669226,5,0,2,4540.986323135808
9401,614,207,116,52,190,236,182,261,142,97,251,225,6.021697889496254,25,0,5,6751.349273987096
7592,2176,517,305,68,219,370,65,118,176,34,331,626,6.218565732417961,28,0,5,2529.8442534405335
3895,564,590,129,179,306,227,125,445,93,50,374,402,6.774516961887621,19,1,0,391.173141195746
9303,1799,718,398,194,355,220,100,186,57,98,439,87,3.8147548090094716,19,0,2,4600.374952321779
6546,1324,335,403,270,134,226,66,117,194,59,215,225,4.177452266882683,4,1,5,2912.956741588993
3851,2786,730,142,179,223,138,37,336,189,88,174,991,9.10726472707195,19,1,6,0.0
4687,2849,566,192,230,211,253,132,273,174,51,478,321,1.1062187842152849,29,0,5,0.0
4931,1915,688,469,193,306,396,172,203,139,76,186,575,1.316112117035556,28,1,6,0.0
9833,1468,210,165,162,201,392,182,336,155,75,178,863,9.906139554126838,18,1,5,5424.576111952284
6746,868,752,218,187,485,260,70,225,120,31,184,839,6.233499056373844,25,0,6,2603.2006617448933
5427,732,645,408,245,293,262,128,148,150,37,199,108,4.5867812875606475,8,1,4,2089.859060321221
4568,2742,313,171,92,340,70,108,201,81,98,226,380,1.2000963898847028,16,0,6,0.0
7000,1406,395,433,267,246,137,35,173,59,10,496,957,6.439324392523594,5,0,4,2514.9412719692855
8052,1420,522,261,107,231,62,107,270,128,53,131,948,7.756060828655986,0,1,2,3871.573873954822
5738,1188,711,429,162,319,169,31,237,178,32,365,200,5.311868246349412,12,1,0,1645.981525232785
6498,676,364,427,237,437,227,118,184,126,14,414,918,0.492822336079054,20,0,3,2283.2961530952584
8732,2764,451,368,171,203,178,78,265,124,84,401,374,5.106477266507241,13,0,4,3265.309040258192
8387,1534,243,317,201,140,100,92,137,139,24,200,796,1.5266622792984053,18,0,2,4320.7337303916665
8536,1969,669,353,253,155,91,131,490,74,78,478,70,4.324732429842561,20,0,4,3953.6398995907825
8287,1129,688,158,134,410,367,184,348,101,13,387,388,2.9265039271524493,13,1,5,3961.527468891998
6913,663,380,131,155,349,144,51,367,101,53,183,295,1.3069660750564882,13,1,1,4175.889858702802
4066,2600,276,438,193,341,291,41,407,61,83,394,159,0.47446043114404257,7,0,3,0.0
7380,2765,573,219,149,226,110,192,204,95,82,278,359,5.988388041477474,7,0,0,2128.0443509095167
5444,1323,266,409,148,249,398,117,447,186,42,243,770,5.727447464886356,24,0,1,816.4924731123517
7107,2932,724,101,58,430,277,102,123,94,69,394,521,1.5964315214372093,19,0,0,1390.6037236766101
8726,555,291,217,55,435,326,31,386,85,79,415,445,9.178170921326135,17,1,1,5635.581909957057
6373,617,443,136,157,483,67,24,181,186,55,488,167,8.744711480952779,12,1,4,3205.8555722620604
6969,1297,540,196,242,487,293,45,354,146,36,436,628,2.6906763394787294,23,0,5,2216.6553798277528
5546,1279,503,458,255,248,360,135,122,137,37,327,860,5.041718868809553,23,0,0,844.4374447537772
3753,1938,597,469,201,268,373,110,426,102,55,291,940,5.065797831130362,8,1,0,0.0
5082,2393,647,356,187,144,96,39,171,158,43,275,594,1.8022072436444403,25,1,6,0.0
5774,1207,296,227,131,183,359,155,217,94,38,125,344,3.957005156871097,22,1,3,2414.350312178416
5896,1603,530,458,286,107,67,99,498,175,64,150,979,6.377369555931029,1,0,1,828.6251184561849
7185,521,404,255,250,206,250,77,137,146,66,423,750,5.005324829705939,12,1,6,3683.3767369575507
3775,2000,648,244,76,472,302,192,255,78,31,201,485,3.813359862540311,7,0,0,0.0
9748,1342,617,156,168,364,241,24,446,97,24,209,685,4.3879929239125195,6,1,4,5311.816432066378
4625,2260,276,169,260,245,98,178,226,131,36,253,841,6.431832734562187,13,1,0,0.0
6069,1616,748,143,149,130,143,42,376,108,83,119,178,9.208582046225423,28,0,1,2106.3507188961626
3417,691,624,311,52,343,286,168,126,111,98,304,138,9.177810989691825,28,1,0,0.0
3114,1518,628,274,87,134,271,159,155,84,69,170,205,8.444621024926374,5,0,3,0.0
3616,1626,684,240,250,346,216,23,224,108,84,251,690,4.48911210331257,26,0,3,0.0
6974,895,334,175,123,117,303,56,461,179,81,166,990,9.908935892523012,21,0,5,3189.037898906217
6267,1518,453,257,122,123,106,94,497,138,30,294,900,1.5884753307370825,8,1,1,1789.4886763808092
3825,1066,759,184,66,441,55,123,120,183,81,405,618,4.619127208316087,20,1,3,0.0
8745,730,454,421,155,403,287,136,113,74,46,473,923,5.401978082204156,29,1,3,4532.76637487961
4516,1373,698,408,279,497,270,156,340,102,33,115,466,9.734763952693953,23,1,4,0.0
6146,739,683,117,97,415,273,45,206,173,57,322,32,4.81064107353916,25,1,6,2990.973804056371
3412,589,245,383,226,448,127,46,169,127,32,260,129,6.526826333550927,10,1,5,594.2272033447366
3728,2779,642,487,220,377,69,197,303,163,97,305,629,2.3439984465165074,24,1,5,0.0
6348,956,781,141,133,129,355,108,127,181,22,277,604,5.232247262193698,27,0,4,2460.474698554422
5808,2780,778,481,56,242,314,101,468,141,68,471,81,6.574289408096954,28,0,6,0.0
3675,853,203,472,245,376,253,149,320,105,14,188,109,2.281429121066534,21,0,1,309.0895268275165
6465,1504,200,233,298,455,191,146,201,51,24,474,9,5.218664660614678,12,1,5,2636.8274689874875
8988,1856,489,201,175,111,353,122,166,194,33,214,695,6.579558398170406,27,1,1,4407.23389602429
5504,938,308,236,251,490,129,173,223,97,84,485,741,2.7711895935360333,12,1,6,1304.4699107357926
5967,1898,774,321,198,302,259,112,388,141,65,158,398,4.656027547282205,21,1,5,943.7939125655054
9335,844,659,328,255,349,305,65,341,151,90,396,725,8.142915820668138,13,0,6,4797.470128336197
5786,1156,465,393,202,202,361,89,111,83,17,290,538,5.381880507964794,16,1,1,1971.5074183076879
4122,2677,337,405,130,134,89,170,495,145,97,417,922,2.1527728993781525,26,1,0,0.0
7079,2688,633,415,238,423,251,164,302,144,51,183,469,2.142285287012673,29,1,4,920.0939310161509
4571,2962,243,496,205,485,135,107,319,55,16,229,660,7.066234690779458,25,1,4,0.0
8073,1616,709,218,255,119,92,123,278,55,33,362,414,2.8237687416955657,27,0,4,3703.0966901760517
8104,1125,461,198,101,146,285,83,325,77,36,225,700,0.2420154664400087,14,0,1,4275.534868462049
5143,783,351,449,296,183,119,176,313,185,12,473,127,8.524023158173101,8,1,1,1644.5153635368154
4687,2479,412,423,62,367,180,71,458,178,95,304,481,0.18682402209129312,8,1,6,0.0
9806,2178,433,258,83,152,181,145,367,129,57,235,453,5.490856542234448,19,0,5,5163.388800760086
7132,722,560,338,176,372,297,113,118,67,31,358,268,2.227710648915994,2,0,3,3899.0375287976676
6851,1243,519,495,154,117,204,147,450,129,49,497,423,7.771066059689896,18,0,3,2408.953614416227
6440,962,421,419,244,203,279,43,414,172,57,442,526,1.3888480806194603,17,1,2,2311.373930881
6766,2068,409,434,181,251,138,182,472,141,58,427,730,8.549287570592924,7,1,4,1442.2682006269836
8644,2205,595,288,93,427,278,144,368,60,38,132,891,5.706396037767618,25,1,3,3178.0460444225837
5326,1663,782,408,175,264,76,194,374,55,83,347,442,1.6913597711530015,17,0,3,484.2447030847351
9360,2904,688,348,192,460,287,120,263,191,26,254,222,6.485573383986373,14,0,4,3250.068749676904
5914,2236,663,125,261,183,224,70,313,161,16,366,879,0.2928259847228487,10,0,0,305.5950947256664
7968,1546,651,288,57,407,365,21,321,71,52,452,425,6.003758193772828,28,0,1,3312.791672165537
8917,1164,612,493,163,250,341,168,487,77,44,366,662,7.447716071133548,6,1,0,4184.2161441250755
8392,1856,675,239,54,136,110,187,368,196,49,462,831,4.79865236430234,20,0,6,3189.446971758336
6952,1514,455,280,243,478,219,124,183,164,76,373,365,1.4899240052290674,21,1,0,2523.452107438397
9205,2632,349,120,269,452,312,88,330,178,86,191,98,1.9743577057268336,23,1,2,3989.4602025623094
3595,1554,326,262,135,251,355,54,489,190,15,445,309,1.4627765764855294,20,1,4,0.0
8999,2264,591,170,122,455,165,191,143,50,90,449,519,4.041588513117585,11,1,0,3826.0481094613633
3728,2787,679,181,141,475,224,182,175,78,11,464,96,1.7722274853092146,3,0,0,0.0
4365,2413,596,254,170,307,270,102,464,190,48,173,667,2.9967034061856515,3,0,0,0.0
7492,862,601,415,95,149,177,172,436,91,42,269,582,1.369563222702368,11,1,0,3535.6854862716764
3698,1912,473,454,242,319,54,99,491,78,32,358,995,1.7742092748869043,10,1,5,0.0
9320,1167,338,146,165,146,375,50,260,143,42,387,490,9.344445811768269,7,1,2,5598.653912413524
8731,2380,302,293,277,117,235,199,335,193,98,135,396,0.1432524589076134,3,0,2,3620.2288708983133
3395,1894,441,323,162,221,221,182,476,109,87,493,169,5.230420669383128,9,0,5,0.0
9588,598,316,498,283,381,248,170,407,154,39,312,158,4.309095846645045,11,0,5,5991.169857634509
7171,2594,413,336,115,219,280,68,458,89,18,470,12,2.8118499587340215,0,1,4,2236.952994238518
7360,921,683,379,279,350,337,163,216,142,80,154,802,7.980054924195158,4,1,0,2743.8116193545357
5502,2003,728,109,203,426,384,77,189,101,71,216,119,2.1915547108373024,0,0,3,920.9193206561628
4819,561,423,475,80,398,164,69,438,113,81,124,305,8.91865351994949,16,1,0,1588.3147894044896
3717,1632,469,251,100,146,382,97,368,53,80,252,326,6.826343537621639,13,1,6,0.0
5782,2202,333,443,90,184,379,83,475,160,34,107,405,6.639157171414361,1,0,4,888.2646490467516
7946,1097,313,203,100,398,362,71,353,67,56,152,935,9.626363177076838,7,0,5,3694.6514144189528
6577,891,640,223,196,483,60,59,237,135,60,335,947,8.655042342276616,26,0,3,2288.1478923920777
8486,1575,564,284,144,259,153,124,194,59,97,109,481,4.874133715105017,23,1,4,4393.254311937581
3143,1812,431,389,122,106,224,73,254,164,37,177,136,5.771491336905967,23,1,5,0.0
7980,2529,657,140,180,344,169,133,294,63,83,448,927,7.7584266203696135,17,0,4,1920.5896525298433
6140,2884,574,110,87,314,286,116,424,167,45,228,482,2.0548247075807167,15,1,0,184.78005644957094
7491,1309,406,317,247,311,285,164,104,159,88,285,514,6.457275504070434,18,0,6,3220.2162941987604
5938,1905,719,100,290,311,354,151,170,144,70,375,703,2.7253004540526327,15,0,1,692.2191179941088
8588,1659,667,270,222,387,87,75,203,148,76,403,20,0.6965667313667256,25,0,1,4359.731624607915
6636,2031,642,437,286,317,321,49,155,95,85,332,893,9.823830123493257,2,0,5,928.6971991988563
6222,1885,520,381,248,350,393,127,406,110,42,171,248,7.027142142972906,3,0,6,1453.0285696200654
4167,1380,292,152,90,443,300,181,411,179,71,353,588,7.049104856912033,1,1,0,0.0
5616,2099,607,224,202,420,383,191,269,83,35,413,352,4.399835878238516,0,1,2,413.41699954084487
4062,753,357,274,266,413,76,145,240,142,73,393,931,1.9739152820176509,22,0,5,0.0
5156,2567,298,364,227,280,379,123,133,119,64,269,265,8.849955652875138,23,1,3,108.26334026757274
8161,1668,424,364,178,191,172,146,455,114,15,351,739,6.307867605871884,9,0,6,3405.909701919914
8305,1731,640,484,103,317,205,106,152,96,76,443,401,2.48846093346644,24,1,5,3655.0121811061094
5982,2923,784,298,135,389,266,52,102,60,23,106,734,1.639137691211403,10,1,2,18.919862575525556
9541,665,600,355,261,189,243,97,429,164,58,305,748,7.419592579787839,3,1,3,5477.086325670838
6294,2073,770,271,62,296,350,55,349,181,59,119,487,1.7711090695960119,27,0,5,1066.8776111084635
7729,1116,263,158,89,283,210,37,206,135,84,125,256,2.175760242392697,11,1,0,4810.955168169432
4156,2125,759,205,70,165,177,138,198,82,26,188,926,1.016646946980213,16,0,6,0.0
8334,1002,478,224,264,197,365,70,392,144,64,439,921,7.519280294071066,20,1,1,3944.6807271180596
3732,1412,718,115,218,405,227,191,279,123,69,155,975,6.313787077114244,4,0,1,0.0
7330,2626,447,137,238,123,175,29,233,77,55,297,549,4.241568181275284,1,0,4,2361.559913173395
9801,1084,567,494,210,319,223,58,248,72,72,354,694,1.761090355709355,12,1,1,5227.517604130116
7846,2458,297,342,250,273,84,68,400,98,57,327,587,5.548242871661456,20,0,3,2683.189534683442
9731,895,467,309,78,486,288,77,232,125,71,161,938,6.461602274911137,12,1,1,5714.5961404783175
3953,2131,259,414,174,344,90,95,358,51,25,340,42,2.4734000617818164,4,0,5,0.0
5539,2380,699,384,293,213,235,121,375,126,74,483,50,3.189451206094601,8,0,1,53.4171007110106
6324,901,507,267,232,365,232,170,303,149,57,391,92,2.1384743041823406,19,1,1,2599.40674126565
6301,1474,692,363,81,489,310,154,160,160,63,375,955,3.5667539986272123,26,0,2,1169.717668624185
4542,723,610,197,60,453,83,64,259,194,71,126,825,2.4490101452266555,0,0,2,865.20495519518
8293,1017,339,233,229,322,236,129,246,92,15,488,571,4.863609377823162,14,1,6,4371.527378808094
8772,735,527,464,85,407,356,108,242,146,88,450,715,9.37676217364283,14,1,2,4527.01854670856
4191,615,663,280,142,334,186,74,429,108,42,396,4,2.819468162366073,22,0,3,649.1306393850908
9313,725,362,321,161,405,251,143,412,170,80,184,41,4.140997180310096,12,1,6,6030.818167005706
8512,2777,259,463,208,209,192,185,253,115,81,151,257,3.7238173501371694,4,0,6,3323.79888147434
5993,681,230,248,191,413,158,166,425,123,51,486,443,1.9828867299024922,8,1,3,2381.1708162693985
9938,1841,532,343,240,112,206,128,210,88,39,413,907,9.732725580699919,2,0,5,4952.699756432978
5681,709,275,412,229,224,304,169,189,75,16,445,397,5.184227802322894,3,1,0,2330.434044395871
4217,1915,516,175,231,414,230,30,485,199,49,350,558,6.021217065823486,28,0,3,0.0
4540,2643,616,468,166,266,390,150,148,71,70,314,565,1.8102750356599528,1,1,0,0.0
9172,1393,389,361,99,152,268,166,230,137,23,295,989,8.06931126228111,15,1,4,4652.447798123373
6236,2381,688,330,266,285,77,110,310,78,70,219,34,8.74498997572115,21,1,4,1437.7614781819418
8541,1609,514,290,172,375,200,154,327,164,73,302,558,5.0928197753721705,2,1,5,3909.794986498147
5386,2962,495,479,231,451,149,138,352,59,64,396,379,3.180740810889362,21,0,5,0.0
6719,2526,700,233,267,109,52,53,193,159,76,329,528,2.56287104546003,13,0,6,1512.533422872141
8615,893,376,408,263,246,82,30,264,198,99,388,386,0.889859347384867,12,0,2,4948.01752345113
4388,1343,414,351,122,416,248,24,208,167,53,327,72,4.199775424526514,1,0,1,845.8879137232934
4856,2024,796,487,146,432,118,90,159,172,67,137,955,5.840096112122305,22,0,5,0.0
4365,1103,531,344,136,217,139,183,197,115,43,245,966,4.698902433761428,8,0,2,20.010274916970303
3499,1081,327,364,276,439,66,24,286,183,66,148,319,5.235087861296258,15,1,0,0.0
4680,2542,468,424,261,117,386,152,335,50,38,416,851,8.91067123923902,11,1,3,0.0
3510,2439,750,429,146,476,372,46,180,77,46,115,956,2.702177386771818,23,0,6,0.0
7312,632,734,466,212,325,372,112,141,188,98,313,331,5.849351158472556,17,1,3,3312.2387164972106
4324,2768,565,442,159,211,83,174,250,173,77,184,6,1.527143890666257,12,0,0,0.0
4155,1475,547,103,207,171,313,179,172,195,71,341,476,6.283907121948673,1,1,6,0.0
4827,2313,341,136,159,243,350,108,126,69,10,399,885,0.906610381894063,0,0,4,0.0
6141,2043,344,170,104,203,109,133,180,125,81,130,317,1.438382928696953,5,0,2,2055.696832399832
6486,1857,444,361,143,314,233,117,332,140,61,194,924,1.5909096043189086,20,0,0,1249.5544972638775
4810,538,641,336,263,176,375,34,273,107,66,254,633,6.251031805456386,14,0,4,1054.5086225183497
9588,1816,489,406,158,125,248,124,372,147,66,268,892,6.841425518722076,13,0,2,4455.92484980547
5923,661,311,454,178,329,290,117,212,195,75,213,17,0.107396410098064,10,0,0,2777.134453236396
8301,2409,413,277,64,292,281,39,485,115,90,358,769,8.274261303758593,17,1,3,2602.548508272931
5214,1627,399,195,202,202,260,181,349,152,70,194,687,7.998387992934717,18,0,1,722.1230376127551
7186,2708,604,497,69,304,101,146,350,114,61,261,10,2.1708508645813596,24,0,1,2017.8054763004113
3713,2158,620,326,248,359,168,53,114,175,58,315,793,0.8937636894635637,7,1,3,0.0
8977,2463,206,110,193,332,379,134,473,154,32,237,637,5.823733164526047,23,0,5,3464.8100953498706
6602,1557,724,365,101,150,264,193,268,76,94,156,986,8.688252275764448,1,1,5,1670.703349292094
7134,2789,791,288,136,230,371,40,172,79,78,265,146,3.509212610322583,19,0,1,1775.426634100665
6522,1466,485,308,262,442,198,186,369,135,30,304,954,9.651974681328369,24,1,0,1253.029821570167
7268,1389,588,112,114,165,225,59,363,125,67,200,741,9.743948196210757,25,0,6,3256.4359684545907
7748,2660,615,476,160,499,318,191,431,178,18,470,595,0.14734511140685802,7,1,3,1038.2150780516383
7849,2865,349,261,133,301,369,183,490,90,80,361,855,6.5552360488839465,9,0,3,1473.529319979778
4243,2570,627,159,160,383,54,74,166,162,91,241,486,3.51026007554583,19,0,1,0.0
6709,2166,492,104,260,399,165,69,358,50,88,321,908,1.404864868645186,22,1,1,1223.6806989671265
4081,1941,533,301,119,245,252,93,231,182,67,330,517,7.407328959855973,7,1,6,0.0
8779,1567,471,111,279,357,86,93,223,182,98,340,551,7.158585865529269,7,1,3,4316.623565570753
9619,627,242,496,273,411,103,57,323,120,57,487,164,0.5100621196265553,29,0,0,6403.6623785006195
3455,657,667,440,178,475,337,43,273,133,89,394,120,1.3926116517299436,6,0,4,0.0
7924,1326,518,339,143,203,333,127,369,75,70,301,64,0.7654891268217934,5,1,6,4014.098705994884
3894,2390,691,472,175,250,135,78,486,98,93,153,307,5.940676762743438,1,1,6,0.0
4384,1011,726,477,65,217,94,192,240,119,46,253,769,2.863920756608781,23,0,0,220.15989139227224
4958,2592,371,324,204,415,333,173,235,139,14,325,229,5.618515763950052,17,1,0,0.0
6072,2766,520,281,67,298,370,102,329,110,42,384,40,6.849408336696419,14,0,4,688.565863006663
9530,942,243,396,126,402,119,30,485,52,74,161,829,3.4930730200447058,15,0,0,5625.8084059434705
4996,2862,731,403,93,433,91,197,201,127,16,491,29,3.4850583513720013,18,0,0,0.0
9491,2724,653,406,99,491,321,147,471,63,51,266,87,7.4844516908154,2,0,3,3595.232877516938
7285,2775,282,277,141,488,190,137,401,69,69,300,744,3.5354786952847252,12,0,4,1317.8630445981717
3504,2226,742,217,251,378,108,181,386,186,13,377,805,3.5002530544963317,17,1,4,0.0
4214,2506,521,451,63,204,289,35,190,55,13,245,730,6.021295969056734,8,0,5,0.0
4531,2195,433,175,101,109,96,20,308,151,86,264,285,0.7015526951152307,22,1,0,198.50351961804017
6440,766,739,145,142,212,216,60,134,154,27,466,125,3.419166901576701,8,1,2,3305.1794811842074
3823,1337,451,326,170,126,159,175,161,92,59,260,648,1.310565250794008,17,0,4,0.0
3928,988,648,455,252,198,175,34,251,113,84,336,612,8.808643660629723,6,0,1,0.0
8029,1201,438,393,99,356,348,99,164,146,22,147,271,3.300018868885237,21,1,4,4122.256930804775
8236,1186,689,339,172,426,158,193,320,93,40,485,930,4.678524620612182,28,0,5,3069.81361644122
3133,1495,663,447,297,470,214,51,445,54,51,348,859,0.8718919419807003,18,1,1,0.0
5105,856,513,240,268,235,308,58,399,190,79,125,843,4.946805624658911,18,1,5,840.7829829494533
6627,1371,374,303,285,494,125,92,454,169,20,244,843,6.580332496381262,14,1,1,1838.0585712547968
7780,2473,379,249,66,325,56,112,150,192,30,359,50,0.4460212760702764,14,1,1,3379.629086571597
9815,2751,584,229,173,226,235,108,207,168,35,108,8,3.3232555762788776,7,1,4,4897.129295007133
9316,1051,494,448,169,215,325,158,443,139,24,365,924,5.566921057640685,13,0,4,4532.098894664913
4852,2310,414,432,180,389,128,53,273,79,33,340,370,9.963240083288863,15,1,3,0.0
7910,822,274,368,239,270,114,69,388,105,69,424,690,7.662141973571246,28,0,5,4089.8441693419154
8268,2728,543,412,144,311,164,191,291,173,91,404,212,5.668919539686243,23,1,3,2728.806295886172
7175,582,341,236,198,288,251,33,456,117,81,139,656,2.0883339460624075,15,1,1,3696.044405875803
5933,2850,398,215,82,486,191,91,266,174,44,276,672,9.688029636645721,17,1,3,67.39444917844204
6284,761,370,450,50,364,147,172,343,96,37,118,801,2.016497895501254,28,1,2,2675.6136553139863
7298,1283,605,260,247,313,354,197,354,77,38,136,89,1.5472945546265127,16,1,3,3362.98747770222
5811,1723,427,254,164,188,266,114,157,86,61,324,501,4.257365789027934,1,1,1,1517.7891255274476
8348,1413,610,272,233,229,123,104,470,123,71,404,913,7.400795868269072,9,1,6,3308.5879826612954
8795,1443,261,229,53,122,342,179,125,122,65,341,353,0.9145879427517878,13,1,0,5227.410500107203
4250,1818,526,178,199,278,183,74,216,176,11,489,613,1.8441694518893903,20,1,2,0.0
8778,2035,332,156,254,119,311,97,341,85,91,419,600,6.247362776714534,28,0,4,3983.9129396572575
8651,1188,783,450,235,428,333,172,329,178,74,130,947,0.24128209077922458,7,1,2,3520.66842837945
6512,2943,789,156,221,341,151,199,430,124,72,152,946,6.601593759548344,19,1,6,0.0
9190,2272,388,499,106,339,255,134,352,124,69,132,225,0.64410750274563,5,1,0,4153.248061024231
4256,1338,555,462,271,128,190,143,192,90,75,116,635,3.689387925813171,3,1,0,113.85014220974969
6376,1377,270,434,217,344,62,127,320,118,23,164,49,4.152479056820439,23,1,5,2952.731325777542
8645,548,462,233,293,219,298,169,294,106,37,354,559,6.431484234912626,10,1,1,5180.998761134775
8262,792,505,113,267,413,172,66,300,52,53,166,300,3.3026014447842353,19,1,5,5054.481282038483
6486,2151,757,382,105,473,59,70,326,185,69,272,78,0.9429763349520359,14,1,6,1366.4044767054122
6584,1035,423,393,112,131,129,89,156,97,30,327,705,1.3962461593368025,18,1,0,2892.5760654815476
4396,810,527,246,152,239,216,138,169,108,93,187,854,4.41732784690668,16,1,4,586.330311900639
6637,1036,787,226,166,257,148,106,347,162,43,332,556,5.7265677033758875,19,1,2,2534.355930519261
6330,2426,273,359,216,159,256,94,172,85,63,339,837,9.35878082496249,23,1,2,1066.2349832484829
5703,733,710,413,56,238,200,41,354,128,48,305,870,5.548806210232088,4,1,2,1689.9159938686605
3470,1732,341,317,191,456,86,188,363,126,13,136,914,7.0067327336239735,26,0,5,0.0
8131,2641,784,492,174,311,313,96,190,123,37,447,801,1.8997445841009664,22,1,3,1717.2817260849627
4353,2874,301,332,139,238,391,194,225,108,48,382,932,9.910525908158917,13,1,2,0.0
5783,2772,780,468,195,467,54,133,389,79,74,247,954,1.459452062854828,21,1,0,0.0
5831,1466,264,267,104,210,275,169,339,138,54,207,633,5.630125744688016,22,0,5,1529.6416062508042
8063,1389,392,242,164,435,76,151,424,111,81,169,173,9.468177540506446,10,0,5,4414.896935721975
3357,2558,261,359,233,350,173,63,109,119,70,278,446,4.668399305864153,22,1,3,0.0
6019,534,731,317,265,198,348,60,311,104,69,209,598,9.030597841043361,7,1,2,2307.6126487902684
3667,946,440,407,234,277,84,185,121,150,25,266,590,5.87339826365713,24,1,2,0.0
7468,2263,609,245,172,100,286,164,495,149,60,476,641,8.520181405228552,11,0,3,1781.0966337220982
8127,2988,499,198,165,188,360,36,256,145,54,461,805,7.133052938979237,12,1,5,2020.032870397772
4145,2058,394,281,235,212,366,192,258,71,40,129,856,5.880221135388341,18,1,1,0.0
8467,1094,653,268,164,382,352,65,361,168,16,146,839,1.157536192585883,24,0,2,3887.306206022593
9819,2525,773,332,202,215,151,155,209,146,60,274,571,2.91096479218953,0,0,5,4311.6253391483915
7185,2776,500,192,298,131,126,162,362,71,14,149,586,1.2101631003132707,3,1,1,1705.7846828874397
6719,843,655,216,163,361,361,180,452,149,75,383,540,5.480432448004683,4,0,4,2289.8241266935206
5745,1603,401,103,145,140,131,196,465,131,50,386,59,4.379913306020738,3,1,2,1847.2224776795802
3539,1919,501,184,247,266,195,29,112,190,77,300,68,4.302875355305519,10,0,3,0.0
5779,1813,536,266,129,442,242,77,162,72,19,351,676,2.8283245209400345,29,0,3,1039.5200551189646
7964,1978,231,106,52,320,273,120,123,195,74,403,595,8.174205271389992,12,1,4,3637.6189990893454
7136,1651,297,480,198,313,102,158,449,123,12,293,779,4.250354990512379,21,0,5,2294.5699554323637
7835,2421,390,331,209,412,394,54,452,115,52,415,335,2.805590761610751,7,1,5,2366.7433354433797
6775,1882,740,350,179,494,134,115,439,63,54,146,340,2.6408256982645426,3,1,3,1868.6923137303081
9042,2622,247,184,160,445,178,105,118,196,35,272,676,3.076384818969405,6,1,0,3660.320704392157
9645,2069,449,418,69,230,260,151,438,118,90,228,697,8.289916151764382,12,0,1,4418.980471480164
8320,2394,425,292,252,147,313,136,329,145,51,293,566,3.665877848118485,6,1,0,2975.5124513203577
8024,2743,471,222,164,233,232,85,187,171,81,218,369,2.4378757413665486,23,0,5,2926.591071871577
9132,2366,684,188,195,106,321,180,168,123,39,455,532,8.892280641957328,24,1,2,3738.5764234762532
5508,528,527,194,231,143,276,92,249,182,81,122,475,8.953133266358757,13,0,0,2357.866143775569
5779,1205,379,474,124,416,371,182,415,196,91,449,225,6.812045095365354,21,0,5,1140.8437829767715
9895,1520,222,399,276,185,61,57,377,124,33,329,884,8.259839160934884,16,0,5,5380.875039450677
3924,2563,569,457,85,147,142,114,191,151,82,188,391,8.316125055406289,17,1,1,0.0
5956,1946,444,144,151,416,379,52,244,108,93,147,365,6.9681657657383775,16,1,5,1504.6304828614782
4581,2159,359,352,125,452,239,191,450,143,53,499,350,4.6526862899589645,27,0,4,0.0
6324,1466,572,472,110,486,135,72,274,143,22,201,148,9.455172949614441,16,1,4,2436.0350778783677
7485,2776,484,150,109,339,326,167,490,59,46,234,834,3.283645071253246,29,0,6,1345.5737425656303
8713,1072,720,164,272,251,342,82,244,156,28,417,186,7.916280719415517,15,1,4,4631.103685640821
3255,2106,649,153,166,357,310,198,290,132,14,271,124,2.2735728046804593,5,1,4,0.0
7804,1114,780,321,85,143,247,133,234,167,45,452,942,6.514697855109196,10,1,6,2996.16180501562
4838,825,335,171,271,267,372,161,128,64,97,325,340,8.299244724741138,0,1,2,1481.5584583452967
4944,858,295,475,221,374,59,54,336,109,64,436,220,7.2345589125419165,5,0,3,1365.7403972545048
9593,2310,318,267,117,290,137,129,299,84,61,203,799,7.079860197355277,21,0,5,4618.2389864163715
3009,2871,573,285,243,251,389,64,359,84,43,103,697,4.657330916903303,29,1,6,0.0
5871,2221,473,242,93,149,367,180,459,50,17,368,624,8.999964281032899,7,0,4,731.229423948447
3797,1849,376,118,126,375,86,80,217,96,13,381,153,3.1326471696518023,11,1,5,0.0
7972,664,476,109,139,412,272,112,371,158,81,496,524,9.063654527789232,2,0,5,4155.765953671883
8124,2096,337,371,78,468,224,91,179,160,82,451,782,0.36985697741721446,21,1,0,2803.4584375713207
4015,2127,331,270,225,405,258,134,441,67,50,495,513,6.000928740228791,9,0,0,0.0
4824,1676,243,463,213,194,98,97,174,75,50,475,240,6.22651299856615,24,1,3,728.0614330095374
7469,1650,322,115,269,341,73,69,286,109,40,184,160,2.627387250054011,9,0,1,3862.923315090275
6136,692,335,179,185,204,387,162,140,195,69,388,447,7.542271210931782,27,0,1,2784.4635919719562
5193,591,566,383,182,462,155,61,345,112,60,422,30,1.92057996152043,7,1,4,1779.4640400134745
3223,638,572,289,145,448,360,133,415,90,49,362,576,4.131223010322459,28,0,5,0.0
8358,980,325,247,271,359,312,39,157,92,80,306,718,8.993003780083024,5,0,5,4422.5905479671455
9320,2996,638,262,255,237,255,111,329,87,34,106,181,3.9424774424962727,3,1,0,3862.6376867118192
8898,1856,775,364,224,418,218,87,211,105,86,398,614,8.263201536042619,8,0,3,3531.3852345369132
7948,839,250,459,175,282,207,154,303,176,78,275,628,0.9886239108909167,14,0,6,4163.902351611053
7158,1575,336,237,220,156,290,85,139,148,70,317,142,1.1434310132787628,15,0,1,3365.2389710483503
8336,1298,357,400,187,339,172,92,157,136,27,253,339,1.7806991155350582,22,1,4,4546.565255202124
6925,974,255,464,59,204,69,170,288,105,80,175,179,1.649777662609635,1,0,4,4049.0888436908253
9970,2948,792,498,297,164,105,55,272,166,47,215,326,9.784934533152434,3,1,3,4281.66543963852
9938,1962,627,129,183,239,329,159,176,111,73,283,99,1.1167801566865154,1,1,0,5542.438414269783
7784,1104,642,403,65,161,157,170,147,149,63,267,170,1.4948965452325247,7,0,1,4409.574498258072
8580,1320,525,267,237,251,189,158,189,167,88,464,779,1.7049074958842825,23,0,5,4044.7816192201385
7000,1097,279,190,75,229,140,148,110,86,58,165,204,5.98474160757383,10,1,6,4283.980790180474
4633,2032,673,190,70,225,320,58,155,69,54,203,516,4.925625662870182,22,0,1,0.0
5152,1013,576,310,149,311,378,112,378,84,71,242,133,7.2326083502426295,5,1,0,1247.0062375953248
3510,2026,532,429,235,499,259,89,132,120,61,143,516,3.429953070952875,9,0,0,0.0
3384,2377,374,399,218,261,225,178,279,147,40,322,829,0.40822750875099456,22,1,4,0.0
3404,2199,640,273,155,304,110,156,215,55,65,456,428,3.4609108221762286,3,0,0,0.0
9966,1529,325,233,79,128,333,37,127,68,82,239,550,7.739683748957562,2,1,2,6286.607584900818
7613,999,418,472,182,281,52,146,214,155,28,233,874,8.144766961910783,11,1,3,3605.180584704466
7571,2184,477,123,187,150,321,78,487,57,79,222,238,7.135917405923208,28,1,3,3115.1401829632523
5000,1216,684,300,289,334,213,86,319,65,63,323,837,4.0396526478122565,0,1,6,203.32412208135332
5756,1641,794,318,144,113,58,128,325,166,37,199,757,6.103378895527455,13,0,0,997.9043727304052
4668,2008,340,106,188,449,61,150,342,159,68,237,389,1.4340036889285457,27,1,3,158.69136899844364
8989,1165,309,105,279,157,123,49,278,73,71,179,842,2.5179219542787576,10,1,4,5215.201471415817
9914,2708,251,217,240,236,287,110,493,190,59,480,474,2.468653306129357,29,1,1,4324.970445477041
4460,2817,518,260,184,227,349,21,407,168,47,139,527,0.7543032656073556,7,0,1,0.0
6636,1579,398,184,236,136,157,39,299,58,19,320,876,9.3958625435148,12,0,3,2312.058376520381
5724,727,245,465,189,458,62,116,364,56,44,442,706,4.3156632290668595,1,0,0,1862.6075412410785
7809,648,704,347,113,367,283,48,373,81,55,415,981,8.740144305294388,27,1,5,3346.21342536928
7178,1569,739,265,172,184,294,28,293,109,33,207,159,2.2179565386248057,5,1,3,3089.4418250582703
8264,1667,713,244,286,309,370,23,181,142,82,490,280,7.6786062700693964,23,0,6,3683.5082981283986
9600,1131,216,130,162,238,141,59,267,156,88,212,849,8.040907277403061,13,1,5,5940.640785213955
8997,1863,514,494,90,126,247,160,165,100,41,274,82,0.04579077794087949,3,0,5,4881.223329042049
5048,912,635,319,237,443,165,153,121,89,36,479,879,0.34094695799443464,1,1,2,526.6065453489746
7146,2255,587,232,249,332,180,92,435,164,35,113,477,9.210408545910004,2,1,6,2047.5574599016556
7780,1019,276,163,77,270,202,45,200,128,53,456,546,5.688175809215904,25,0,4,4319.129669969658
3716,1867,570,175,172,277,170,122,451,60,26,229,114,2.8453368942623714,28,0,6,0.0
8565,2934,364,230,129,453,157,60,429,122,25,290,685,1.8603792505509054,22,1,3,2708.7528737287407
7544,2822,223,411,240,119,65,61,460,65,35,392,959,8.178653842481836,19,1,5,1755.2585049619352
7976,2900,234,418,294,496,348,147,275,74,65,424,821,1.9359185142627922,17,1,5,1526.964640776668
7583,1602,713,460,52,402,105,80,371,187,46,201,26,8.437451113728011,6,0,6,3323.6866339582402
4823,1097,660,137,150,363,152,81,148,133,87,337,465,6.222994651815915,27,1,4,981.5816263042826
5081,2159,337,153,81,296,257,40,453,90,91,377,12,6.602021279999409,3,1,5,614.7571868211907
6419,2185,773,229,70,426,200,178,200,173,25,425,875,4.374709775134614,29,0,5,608.508138626466
9238,2660,770,317,170,163,311,62,162,114,11,400,888,0.36083350291994165,14,0,0,3206.7929582630895
4574,2688,464,101,104,143,92,168,411,153,93,362,414,5.547310115311399,22,0,0,0.0
9297,2424,532,345,286,343,349,126,453,144,39,360,628,7.1378293504277055,11,1,4,3015.200587136534
3249,1229,387,239,67,111,167,176,463,103,82,253,450,0.030574983538549372,7,0,3,0.0
3673,1088,262,395,102,460,385,77,432,174,64,191,30,0.26010648127310576,21,0,0,0.0
7533,2958,478,357,161,359,328,171,136,124,72,146,215,9.070633870181418,7,1,6,2091.646552550093
5165,876,741,204,170,395,193,64,495,171,73,442,189,6.803481749924049,6,1,2,1275.9072605330837
3770,1907,370,480,159,356,277,99,306,90,74,165,758,7.9071928914239455,17,1,2,0.0
6962,2369,702,435,124,474,253,156,321,132,36,341,292,0.26511702567837636,17,1,4,1448.4702340767203
7363,1250,732,284,110,334,278,149,322,163,18,248,661,4.006966678112742,29,0,2,2869.800053576813
4984,1126,498,402,227,346,314,184,448,110,93,476,352,7.471267517774006,5,1,4,411.90317632509965
4077,2129,400,343,57,240,186,146,453,184,48,352,684,0.9150764125802746,24,0,3,0.0
3235,1494,334,263,61,405,289,184,131,151,44,421,142,1.883748486301764,15,1,1,0.0
3388,2083,471,231,228,280,235,65,463,102,42,357,869,5.088573000008289,14,1,0,0.0
6037,1202,734,302,293,464,364,25,250,146,22,373,61,8.933681085862814,25,0,0,1490.0670720854655
7858,2559,641,309,243,252,200,67,173,149,87,330,617,3.2884322869131033,5,1,3,2112.000734305188
4848,1679,286,446,90,143,374,146,171,110,62,318,205,8.27814807979648,12,0,3,937.8448403419784
9544,976,230,200,199,208,340,131,376,142,10,291,303,0.09194840774187196,26,1,6,6117.927081078827
7719,900,320,485,176,197,159,155,302,84,59,401,123,1.8203237053582988,8,0,5,4467.740713911532
5814,2724,268,370,186,326,89,51,495,52,80,296,526,2.903208927824581,11,1,5,491.4872881039443
6374,556,695,148,127,180,191,120,202,159,56,364,503,7.091177137253554,15,0,3,3082.706576051496
6278,2375,345,467,256,317,389,96,274,113,61,241,796,5.792905545576808,25,1,6,458.27124692590115
4252,947,532,338,188,248,62,87,310,188,43,167,537,2.6438340189820684,6,0,0,493.5079909955214
9996,702,680,314,190,175,102,47,352,183,16,292,789,5.814968569076466,7,0,4,6136.6838062747
6981,2156,462,390,233,179,129,187,453,179,55,395,643,8.897612739265725,26,1,2,1401.7752228129389
7673,1237,492,471,205,151,282,163,417,89,97,249,288,4.6939586349237485,26,0,0,3392.679832318421
5122,701,628,449,138,162,88,76,393,176,88,114,696,6.960730222128454,18,0,1,1329.4165354684585
7530,1853,285,379,113,183,276,74,453,155,33,419,68,3.4550349964053373,19,0,4,3189.2161617531924
5150,2910,215,415,278,493,389,102,465,192,48,278,27,7.126170780974773,29,0,5,0.0
7859,1391,317,176,113,442,170,125,253,148,71,259,126,8.670275697769869,0,1,3,4255.0541165004
9881,2903,469,403,119,466,114,105,395,55,76,322,496,5.666885935281582,10,0,1,3989.549601194271
9949,715,594,250,104,354,345,186,243,147,83,314,546,3.861628202837575,8,0,5,6036.903842906568
4329,522,361,495,86,158,254,95,118,70,85,244,425,7.542530800928592,28,1,5,1457.3913760488954
9241,2702,303,396,210,107,184,177,128,133,50,481,415,9.561183941737617,12,0,5,4009.371078500982
9941,1709,366,256,74,406,94,123,464,148,38,261,860,0.6815789415609841,2,1,2,5236.936565965269
4358,2796,499,297,163,488,327,189,288,186,81,146,173,5.164032399353479,29,1,2,0.0
5482,1248,227,483,72,175,184,152,263,101,83,269,279,1.8200678215130972,26,1,0,1795.0187492914692
7542,1304,623,386,237,177,101,120,440,86,26,449,93,2.740208702827327,28,1,5,3441.948410083683
5017,633,761,123,233,223,278,192,365,58,18,149,328,6.361440768669651,16,0,4,1539.1775322950298
4331,820,355,108,240,111,117,51,274,172,24,208,894,9.597929807416957,8,0,1,1027.6980646503978
7344,2937,523,231,185,379,247,117,271,193,13,280,687,8.530389357050407,24,0,3,1106.2171697996175
7261,933,547,176,66,144,116,31,215,81,30,113,949,2.576030504358825,17,1,5,3871.074494481386
4358,1545,320,325,144,152,52,126,463,151,80,166,913,0.24172137229266033,15,0,3,0.0
8115,1372,727,230,139,280,107,85,350,161,57,329,778,5.993326223597368,6,1,5,3561.3151585417386
7637,2598,760,475,296,473,305,71,106,52,17,119,149,5.338574805005299,28,1,6,2208.265852580435
7854,2723,363,189,234,333,314,51,296,191,55,250,868,4.602756341299331,25,1,6,1950.3001997859647
6177,752,261,216,124,285,65,182,374,70,93,122,214,4.752292295945084,17,1,1,3290.6905496204367
5128,1465,539,209,111,392,317,153,465,121,16,488,476,5.917077748744687,14,0,0,532.6059581486232
5180,1238,511,476,271,174,151,41,132,165,79,151,120,3.970499019115681,4,1,1,1659.8493750094704
7892,1629,575,453,60,297,336,194,251,70,18,300,972,1.7124894472868613,1,1,4,2695.8192089646245
3137,1839,545,370,244,178,271,160,122,91,87,121,351,2.5915150849453505,6,1,3,0.0
9327,801,349,491,217,332,70,42,354,145,57,310,825,0.6387428783547555,14,1,3,5428.889373229955
6472,2477,784,326,217,267,70,191,185,194,61,168,107,0.5604999936617017,17,1,6,1375.8515269934617
8449,2815,780,343,170,122,141,28,455,89,38,295,201,8.674016057401793,5,0,6,3076.0819638176017
5832,1050,376,407,105,329,333,125,280,107,12,248,682,1.2538035165552985,7,1,1,1789.549995512269
6579,1978,553,154,102,404,182,78,465,164,40,232,367,0.689227025985848,11,1,0,1921.4563973110187
8971,1815,713,136,134,483,376,136,248,181,97,330,389,8.263743680146973,20,1,5,3932.736113631589
6031,2087,508,487,276,234,378,120,437,91,72,176,724,9.535442047536497,26,1,0,481.34659203438446
7164,2322,318,154,77,392,224,49,201,136,33,353,162,2.057387039815901,2,1,2,2825.7212636638515
5593,2324,718,111,135,499,262,103,190,106,57,317,898,7.572893986948043,24,0,2,0.0
9196,1664,677,284,219,137,197,63,136,85,44,307,596,1.6254373361777774,24,1,1,4920.527023538691
8569,813,613,336,164,331,281,196,148,101,34,223,723,6.8074928013602385,6,0,1,4587.391351403095
7300,683,786,392,95,454,214,35,138,199,65,110,369,6.79738198517208,18,0,6,3854.399272444195
9269,2187,550,303,67,267,363,140,129,138,30,166,682,4.293034019535053,16,0,3,4165.846134214445
6818,1212,705,310,72,384,194,93,142,59,24,423,289,8.820119257879696,25,1,3,2922.594646782596
7138,2675,394,325,203,202,347,103,305,163,82,468,258,1.2104949211584093,14,1,5,1510.171631428929
6823,1810,386,106,148,244,272,149,325,127,12,492,172,4.765488731687769,29,1,1,2467.74296155313
7042,2933,649,319,78,342,111,86,131,197,19,449,812,6.0174240401493995,10,1,5,1031.4521306372183
4906,770,695,410,101,247,145,61,225,159,59,150,103,7.590448929205413,2,1,5,1981.818773538345
9254,2294,714,127,159,465,161,155,194,101,88,415,382,1.4268570525740987,5,1,2,3974.8646928984977
3760,1310,472,392,252,252,136,92,101,63,89,400,676,5.349310873658972,24,0,6,0.0
9991,2962,251,311,155,415,304,111,402,122,22,157,820,4.5495960556957495,16,1,0,3940.896814251806
9238,697,462,288,297,418,162,168,198,133,53,175,388,4.164137865466015,22,0,5,5694.922318543499
9090,1579,567,174,95,394,303,134,122,116,10,281,817,3.593388993823611,9,1,3,4614.779838462196
6445,1726,332,341,50,225,397,116,489,161,56,354,970,9.969267343181752,29,1,5,1253.289472428473
9031,2144,424,213,240,291,371,53,440,152,64,148,959,1.701042013317402,9,1,3,3577.226867917838
3899,1127,509,266,193,182,81,151,317,61,42,496,111,7.529840245726146,27,1,2,321.57895562584343
7455,1103,772,205,74,120,113,136,321,91,81,248,528,3.7690905014753895,2,1,2,3586.1532129747247
5947,1661,215,250,111,387,203,81,396,186,25,334,387,6.490870869619087,22,0,5,1789.6142050150113
4719,1945,394,465,279,383,54,115,397,175,57,333,7,9.882987867477249,17,0,0,87.01382493343445
3280,1580,642,183,131,458,379,95,171,100,44,376,40,4.777405156834146,15,1,6,0.0
6266,2085,502,311,129,367,259,21,266,86,60,424,878,8.244490656597854,9,0,0,1024.1675383844104
4887,2618,247,366,260,220,141,146,324,199,69,180,510,0.7593955031574462,25,1,3,0.0
6266,1410,320,421,193,210,271,197,237,186,87,410,21,5.546041067438373,25,1,1,2291.7294187340844
3666,1093,698,368,246,178,239,131,309,165,53,184,607,3.821538499722842,18,0,4,0.0
7188,1895,761,276,140,447,109,136,211,112,57,115,794,6.991655319317111,16,0,2,2298.2174377120145
3671,1099,668,370,285,475,254,45,327,134,10,442,57,0.36867917206098166,8,0,1,0.0
4969,1013,240,411,247,184,261,104,332,122,44,247,645,4.477173942502865,28,1,5,1197.5060701318544
7156,2395,655,281,170,179,307,127,149,189,19,483,158,4.945633258472903,24,0,5,1957.791040793201
9777,2631,733,258,211,250,138,184,430,76,21,427,570,8.446931222235186,24,1,4,3867.0868304187607
6122,1566,570,288,257,343,285,74,335,165,44,401,771,3.8467397715531737,12,1,4,909.506154883715
8124,2457,381,285,102,317,381,119,491,96,48,404,430,3.206140358941477,27,0,5,2555.4251286595704
8585,1309,716,408,200,114,245,37,356,122,85,460,102,3.8908515719660928,19,0,3,4243.196258951234
7699,2680,789,345,220,200,381,43,299,77,54,201,733,4.378083511845289,5,1,2,1718.1486651761122
7777,1588,430,416,93,367,232,49,296,84,37,321,170,2.5453327002895287,29,0,5,3699.980106733406
6900,789,547,483,81,487,300,36,100,156,92,165,372,0.4525686935358042,12,0,4,3173.944965590171
9677,2923,678,141,284,134,273,61,382,145,33,161,352,9.903020158964624,12,1,1,4315.544964117877
8524,1268,408,384,72,450,220,100,464,116,29,475,862,7.654785888563911,26,1,2,3654.641320694793
9981,970,477,399,197,382,247,127,288,186,95,220,827,9.854490577252307,22,1,4,5524.948288886817
9788,2696,252,488,68,224,298,159,224,180,20,290,923,6.627492891652118,22,0,4,3842.2255275422367
9376,587,209,468,270,323,230,46,275,100,37,259,472,8.829451708693218,4,0,1,6173.111771875415
3523,2943,663,461,249,260,326,23,378,126,29,368,249,4.503099372001833,15,1,5,0.0
5393,1289,782,393,78,112,324,182,494,65,78,269,574,3.491545633933868,10,0,3,816.4834583564925
6117,2164,357,280,195,264,210,95,464,118,72,365,912,9.937852309377284,19,0,0,514.4218645642454
5593,1809,218,470,118,357,297,176,238,57,67,274,760,1.69509365837763,10,1,6,778.4667701248484
4968,1364,254,485,189,392,368,91,455,179,49,296,94,2.1674982595281547,16,1,5,710.605779219125
8197,1793,220,464,59,213,237,95,201,105,16,318,49,6.6817051850503875,24,0,3,4478.430827665872
4753,523,481,281,160,219,68,183,386,69,95,157,611,2.5530155638597076,12,0,5,1372.903382180705
8932,2386,739,439,86,168,293,53,410,101,46,343,365,4.308458565121898,3,0,3,3542.6685241815417
9937,810,616,317,130,373,162,55,417,186,38,349,746,9.32201097304193,13,1,0,5625.915287424907
5296,1984,484,262,145,147,327,23,246,114,85,124,16,2.6578331689589874,12,0,2,1260.3251342452375
9190,1731,731,145,104,436,100,30,451,115,45,170,905,5.106751708650437,19,1,4,4260.985559010356
8240,2985,731,191,181,421,393,78,395,68,44,479,114,7.36673147791452,2,0,2,2160.6572844860525
5261,1205,710,204,272,461,172,22,457,193,31,417,303,0.7183225532612647,24,0,0,827.3378285561342
5286,1859,595,306,177,157,287,31,372,145,27,160,405,0.7210035940834947,1,1,0,838.1857091579606
8175,921,319,427,112,177,368,132,454,69,66,272,319,7.459081859304187,17,0,3,4535.577429071839
9493,2273,296,238,267,303,111,92,111,156,95,126,734,9.20058268169641,26,0,2,4649.261139298976
7202,2868,319,128,61,324,123,168,242,101,92,407,413,5.918280975962142,17,0,4,1834.9223290344567
5878,1446,736,350,195,362,294,169,266,191,43,286,787,0.381676262487578,3,0,5,964.6143143336042
7143,1686,352,290,57,202,81,165,368,171,82,398,525,4.518263549989083,18,1,5,2796.7375353868533
6644,2334,444,146,81,208,202,25,193,140,83,127,270,7.204595826023827,9,0,5,2377.061463927084
7432,2064,715,466,261,364,193,108,205,171,92,376,764,6.317874122146929,25,1,1,1593.9773130145827
8145,1348,592,350,98,424,64,133,374,129,18,261,298,1.981809316174078,0,1,3,4072.7405931028366
9947,2089,342,362,153,487,353,128,300,192,60,184,312,0.5312563582090069,3,0,2,4979.494461801185
8376,1818,703,472,240,488,323,98,412,52,37,146,402,8.893060296422268,1,0,3,3233.8691018191053
5055,2589,419,163,254,155,294,84,191,176,34,382,436,2.2588119159644315,29,0,0,0.0
7720,2447,359,437,236,411,328,74,335,164,91,370,295,9.957751267926042,8,1,6,2325.973924201962
8986,1808,275,419,136,351,104,187,159,53,61,104,94,1.1542018840953605,8,0,1,5294.9863899065485
4276,886,231,447,244,399,91,101,334,199,35,419,228,1.1435245314223053,1,0,0,480.2895131844547
8811,2535,533,367,148,171,101,71,283,118,28,372,918,6.681294908792488,23,1,3,3167.7910849904765
5766,1661,724,111,216,240,60,139,459,154,77,491,363,2.701342279240222,28,0,4,1119.5459321034768
3302,2525,639,391,99,487,360,63,332,72,58,156,717,9.74392889207891,21,0,2,0.0
3638,1215,551,128,262,279,137,114,487,190,35,412,21,2.3701809077504663,29,1,2,0.0
3055,2978,538,238,248,302,276,81,226,109,54,147,221,6.236112804312818,9,1,6,0.0
7821,925,599,184,295,370,163,103,200,76,76,338,239,4.064183752848532,7,0,5,4110.136943241866
3525,1939,595,173,203,475,74,116,234,168,16,443,199,0.9029528725686808,7,0,4,0.0
7569,2573,401,350,200,209,141,93,332,99,19,483,542,7.07993362348075,24,0,6,1982.734040021301
7123,884,729,323,145,181,136,176,167,61,77,397,271,7.904260871642872,16,0,6,3637.679268206624
5125,555,292,146,112,183,130,166,186,187,16,409,53,8.265673832123445,1,1,2,2584.2258037850543
6287,605,557,180,243,356,299,175,335,98,31,243,870,4.899874649288161,28,1,5,2167.5513155493963
3364,1169,595,220,216,292,299,141,207,156,95,184,407,9.759018009952735,18,0,1,0.0
9809,875,259,142,115,238,259,142,236,84,62,303,532,7.997697610879061,20,1,4,6744.069819180513
7621,1242,676,245,152,320,58,166,476,169,38,388,327,4.40122003150198,7,1,3,3475.10637631207
9842,1466,200,173,95,288,148,50,364,69,20,494,977,0.9945750693343458,23,0,3,5373.07720645817
8431,807,754,152,192,448,85,118,486,61,72,267,549,2.5438180367465666,15,0,1,4301.534035300591
7978,2638,510,332,65,443,106,161,432,52,89,264,325,7.721407473160368,28,0,5,2468.8571031886695
8126,1301,367,394,169,439,112,69,162,51,70,174,141,8.796589309105261,12,0,2,4522.799268592435
8122,609,391,462,139,296,387,78,329,71,65,127,630,6.624331156685761,23,1,0,4592.700129702101
4646,2164,233,299,121,400,325,28,474,84,66,206,669,3.8792154145513233,14,0,3,0.0
3918,839,233,261,65,173,262,76,337,58,15,257,461,3.5598448351572207,5,0,4,963.3743885677674
5797,2088,616,136,134,297,352,188,448,136,46,433,262,3.587887928238528,17,1,2,645.895032479461
9506,1478,357,196,88,423,69,46,346,66,22,214,259,4.914687049040461,10,1,4,5939.016353529709
8870,2903,699,148,188,359,296,77,485,191,56,440,376,7.258150269793887,12,0,2,2531.4228140847563
4531,2415,565,483,265,298,55,100,258,153,81,323,594,1.631405767624765,4,0,3,0.0
6345,667,539,109,85,403,122,87,137,85,84,190,792,0.20902341349791964,11,0,4,3156.4186342389044
9949,1056,534,139,67,452,156,43,343,113,73,352,920,0.7645379141642894,12,1,6,5638.969844279684
9882,1404,782,252,200,236,142,99,106,190,53,453,402,6.658480347179908,15,0,6,5582.663858537275
4906,604,526,205,126,445,334,81,459,182,57,363,797,8.487071001187656,19,0,4,710.7810960245746
6086,2547,313,140,98,274,268,100,493,182,27,142,170,4.065732530398868,2,0,1,1275.667718112397
8311,2697,617,263,285,415,98,120,176,160,54,388,349,3.376642499409439,4,1,2,2733.4947933300277
8750,645,667,357,291,407,344,136,356,67,41,154,526,0.19989327883183527,6,0,3,4931.735309392438
7580,1373,342,310,219,479,337,22,136,138,33,413,943,0.6088764889391629,8,1,5,2958.514572785865
5075,798,508,301,152,441,226,70,449,67,95,120,796,7.547463841413585,9,1,6,951.8598480734668
3713,2236,600,294,285,452,348,124,165,133,59,406,482,0.8959802596538691,16,0,1,0.0
4062,1145,519,152,93,403,157,118,199,69,68,115,672,8.283740892410655,29,1,1,394.13149783917845
4976,1137,411,246,299,232,333,86,431,152,12,423,806,7.810856452525499,13,1,0,402.30269747165875
4296,2786,516,381,158,126,350,99,360,153,76,444,807,8.194639251644533,13,0,3,0.0
8350,1283,384,409,178,356,114,167,411,174,23,168,22,6.85932265435119,14,1,6,4564.338859667862
9229,1396,404,342,56,150,355,64,141,133,82,246,509,0.21037734836686472,28,1,0,5384.742580379419
3125,870,563,150,97,243,103,153,148,158,25,206,470,4.434271685744921,4,1,2,124.85499290308837
9955,986,415,213,161,454,356,180,401,53,98,266,317,1.571785239818826,3,1,6,5980.27726031685
7632,2537,445,372,262,455,348,190,170,71,78,425,938,3.3810135390516125,26,1,1,1217.74641160438
9288,2712,438,219,193,335,369,197,345,176,71,129,703,5.5740279039584095,0,1,3,3509.830852915158
6596,1860,590,288,97,259,79,174,101,134,86,127,100,7.319386082808904,15,1,6,2702.44288344481
6283,691,719,145,255,458,295,49,422,58,68,368,630,2.3217603968335663,6,0,4,2076.1084784203126
9168,1229,789,342,220,402,259,118,487,82,30,338,297,3.3482827331542406,12,1,1,4541.682385280303
4603,2761,476,410,100,370,270,165,161,154,49,166,819,2.099611330864514,17,0,5,0.0
3066,1456,401,149,156,253,219,177,467,56,70,163,349,9.842423088645415,25,0,3,0.0
3232,880,413,430,115,136,392,162,435,115,60,157,847,9.291777338646192,26,1,1,0.0
5156,1297,677,110,80,316,263,115,126,146,82,423,126,6.53715794612138,22,1,2,1216.9634653030798
4169,738,707,495,88,229,371,118,441,84,94,365,800,8.248320889655806,6,0,3,0.0
5158,1605,274,147,58,175,118,40,166,142,82,425,346,7.1887046659880935,5,1,5,1752.581061516999
9371,1886,341,476,90,387,283,159,468,50,19,356,393,8.485974520444277,8,1,2,4562.934830101006
7206,2749,789,155,112,296,64,196,477,166,50,100,147,9.359839885600858,15,1,3,2011.4103772259793
4493,2027,521,107,63,410,183,20,244,144,21,490,62,9.304464482161302,22,1,2,92.46150987239042
9177,2167,660,113,107,316,255,44,313,84,84,179,643,5.745721549733377,7,1,0,4240.137473673541
7718,536,345,314,251,198,73,194,426,89,93,315,467,9.646597868567554,3,0,3,4505.945035007847
7007,2496,253,469,289,411,134,58,156,88,73,483,142,4.075603067125061,19,0,2,1941.420643566767
9891,1925,555,344,137,384,191,46,385,69,48,103,741,1.9345910631822039,22,0,5,5054.313106415239
9738,1990,476,153,291,329,189,112,310,146,73,371,270,2.3147700484675946,15,0,3,4924.348826252804
5472,1724,794,372,146,208,373,69,292,180,80,298,830,4.58547726698776,13,1,4,109.31857153934703
5660,2522,599,488,297,439,171,175,499,102,10,469,942,2.5312159865830997,3,1,4,0.0
8637,2941,715,230,147,263,349,76,213,189,23,124,400,1.2710779522758053,13,1,6,3094.6844097699372
5739,1332,698,108,261,215,390,101,221,185,54,498,467,3.9676494317910227,3,0,6,1194.4941091741775
8401,1096,510,311,241,170,228,35,459,160,30,492,253,5.812290011278309,1,0,6,4387.942500995525
4761,2940,470,221,205,313,257,54,202,171,54,366,304,9.679953661051119,17,1,2,0.0
6514,1199,775,213,181,437,215,175,254,188,81,298,528,6.205428288633662,20,1,6,2025.8272300738183
4975,2146,648,119,211,152,90,65,173,75,90,152,500,7.73913741025151,28,1,4,565.1899951032168
5362,2518,311,438,181,184,171,86,453,87,71,138,779,6.821967643245066,22,1,6,0.0
3876,940,438,120,296,441,93,35,274,182,54,230,522,3.8467161447662237,21,1,2,287.31455111149967
9085,2360,343,307,119,175,124,98,113,81,63,298,221,1.8908560269435581,16,0,4,4870.145445427669
6812,2140,573,132,235,366,397,93,485,161,88,102,665,2.822590440332964,24,0,1,1370.1950624534304
6448,2029,219,232,135,347,321,136,266,192,11,495,120,8.765328623312369,10,1,1,1977.4534677565675
4312,2867,775,290,53,431,215,68,154,156,22,102,879,1.5569612992942794,29,0,3,0.0
4460,1594,488,125,99,385,299,169,125,101,38,426,344,0.9756479448020294,17,0,5,68.88305109701531
5709,1067,792,463,54,178,135,37,143,162,37,122,428,8.532339234230403,18,0,2,2118.1425952067825
5324,735,396,188,124,206,186,41,168,175,17,314,976,5.482026201432431,19,1,4,1610.2795377679613
4733,1804,581,191,94,181,382,125,137,77,44,477,437,6.825009143914484,22,0,5,176.7490948099629
4605,1685,780,132,212,301,88,138,435,196,33,141,872,8.25829724624634,28,1,3,0.0
8622,1532,691,337,260,491,136,35,111,103,16,232,576,3.4002866116436903,28,0,1,3890.343859376372
9767,2607,363,117,293,329,204,22,204,171,37,140,62,7.50117582086672,26,1,1,5195.173283874353
5563,2340,448,373,252,326,209,142,343,130,95,468,537,6.309839603709775,22,0,2,0.0
6421,724,267,388,252,119,113,54,463,64,99,161,706,0.24813999890893057,26,1,5,2954.1383679369824
9986,2342,220,126,166,367,272,124,372,62,90,438,244,7.20346988544671,17,0,1,5222.6722715843025
6517,1081,711,404,76,422,395,122,380,72,72,481,58,3.44287878802891,27,0,3,2403.034699412986
5397,668,796,498,179,277,195,168,291,129,15,127,633,2.0796941115464107,21,1,3,1469.5254820271173
8726,1965,589,207,231,481,253,76,187,74,20,436,298,9.610731990357674,8,1,3,3899.52051268059
6735,513,735,325,288,239,116,66,238,198,47,108,119,7.695510273693062,24,1,6,3577.355875240859
5870,2711,310,423,167,409,54,181,245,178,75,244,138,0.24492423892135018,18,0,0,853.7675432135825
4160,1943,794,454,249,179,108,67,263,77,72,164,430,7.598368594142628,18,1,6,0.0
7854,2370,659,118,275,479,125,186,358,140,41,459,923,8.50357487094543,7,1,2,1542.3747136562174
3242,2043,277,322,153,281,309,106,438,165,35,492,795,3.5630868425568574,26,0,1,0.0
5590,2189,633,380,297,173,297,139,425,189,41,331,221,3.2645150242768217,16,1,0,131.07730390453074
4063,2071,579,203,261,246,65,177,186,69,44,370,418,4.236808349830068,4,1,3,0.0
7324,1551,639,431,264,332,124,197,426,157,11,210,390,4.662256132779401,4,1,2,2686.3983644802747
5595,2231,538,431,256,241,225,116,466,132,12,361,96,3.805886977284636,22,1,0,486.82876229004313
3919,945,623,461,225,249,371,163,463,100,42,472,538,5.061844169383038,8,1,6,0.0
8342,1215,368,388,254,231,185,113,338,134,16,473,92,9.725691424810655,28,1,1,4224.886969916952
3005,1318,461,136,296,338,326,22,364,150,94,346,922,0.3207739132505383,1,1,1,0.0
3467,2651,778,447,272,471,331,80,293,126,57,213,873,9.825561729631477,7,0,6,0.0
8851,925,428,479,98,414,217,21,227,74,98,213,94,8.494317007793619,21,0,4,5358.869379788273
7170,1624,360,343,159,261,79,45,221,164,89,321,174,7.973417418352832,26,0,2,3177.5082859167014
3003,2064,626,142,127,419,371,37,343,80,32,310,644,4.502930368734761,29,1,4,0.0
8966,1349,321,225,50,349,385,85,146,195,90,157,225,0.7507492453887366,27,0,3,5299.379568508822
3645,2045,348,108,169,227,318,59,419,136,91,447,548,6.188162405113605,11,0,1,0.0
3117,1629,310,113,268,373,50,150,464,116,96,122,20,8.942530587113668,4,0,3,0.0
5928,2202,420,230,210,181,220,36,211,60,18,126,345,4.25045090708873,16,0,4,1597.7148075387045
8725,2501,263,424,84,331,178,171,402,189,76,432,629,0.6930482889264755,29,1,1,3000.0086546510074
5551,776,553,283,231,130,217,21,174,55,57,174,234,0.0540572229251024,1,0,5,2440.8754073774185
9117,2306,673,381,105,333,110,89,480,119,44,481,68,1.1940288974310242,29,0,2,3935.0773874123197
8042,2735,684,482,192,183,166,187,397,138,71,114,96,6.059437519238724,11,1,5,2460.070082922309
9717,2439,212,152,246,141,371,173,404,96,33,489,809,9.909045961024239,27,1,0,3941.0306860128762
8560,2652,352,140,278,301,172,68,129,85,79,380,318,7.121081952374401,4,1,3,3449.8438050775662
7289,1045,438,437,53,350,309,76,107,131,92,130,513,1.5715002472166462,7,0,3,3507.1117874950496
3846,2927,389,457,159,486,275,75,440,93,87,366,342,8.62667118777715,24,1,1,0.0
5762,609,285,120,133,184,341,95,107,136,12,423,127,6.602635327095828,11,1,6,3092.0964287835614
8511,1044,220,476,241,282,235,40,338,84,15,467,178,3.0155784231026175,22,1,1,4942.241449012591
8554,2901,518,394,280,365,134,35,290,142,90,379,860,5.016726071731211,1,0,4,2249.52607299064
9316,1242,357,307,71,170,267,25,227,110,45,369,401,4.030074452681156,18,1,3,5799.470044529144
8764,2864,680,250,73,121,192,53,110,51,95,123,418,8.71213177287163,24,1,3,3889.75639777795
9469,1789,275,168,224,175,139,78,355,196,62,442,393,9.533139213563137,29,1,3,5187.106816621365
8529,2375,528,430,124,368,390,86,332,160,13,168,934,1.2368725684664739,23,0,0,2656.1449807246754
4141,1588,615,417,159,267,317,60,476,146,19,210,608,1.474374223129744,10,0,3,0.0
9979,832,402,400,183,478,125,166,285,72,58,253,799,0.824587237242439,21,0,4,5669.7405521072105
4810,2036,428,126,204,496,118,176,220,75,52,193,233,3.800311110546941,2,0,3,480.3069456703522
3723,1656,351,215,187,452,347,51,266,79,77,397,36,9.710570538245372,0,0,4,0.0
3224,1091,271,241,216,450,209,29,243,68,22,201,470,9.873092778569209,9,0,1,0.0
7627,1282,424,140,251,339,57,138,426,139,92,211,960,5.959456608276721,5,0,6,3040.5393122253918
7208,1039,672,205,159,150,268,112,487,155,52,147,528,4.635104977796294,9,1,4,3284.8415020309467
9283,2058,559,173,139,182,359,96,451,77,57,349,365,3.0237898625292114,21,0,3,4490.627548131511
7654,2019,739,159,86,451,137,39,200,176,99,406,547,0.004881865692752951,14,0,2,2596.09245459664
5048,1118,245,397,103,189,190,175,121,110,39,215,154,2.628447518164374,28,0,6,1847.1767538373056
9233,2333,200,221,274,481,78,46,298,144,52,185,47,1.4630322830273146,6,1,6,4832.688855133426
7749,1491,444,302,100,112,62,172,368,145,40,127,166,0.019833357115600636,8,1,1,4351.0674551704005
7415,2646,418,110,109,256,363,143,181,190,60,129,960,8.959942221878128,0,0,5,1818.4721156275855
4573,2864,490,246,121,298,112,48,269,135,47,101,421,0.8433691087424633,23,1,0,0.0
4828,2670,657,315,177,253,392,135,112,172,85,391,829,7.0863705423782,21,1,0,0.0
4917,2116,403,473,100,297,224,162,481,188,28,376,909,9.24525291714325,12,0,2,0.0
7234,2018,401,420,111,323,265,192,296,146,32,161,451,1.2707588058422514,17,1,2,2365.1655778405293
9988,1021,765,402,98,217,284,64,194,157,59,127,991,2.4049039318489407,6,0,1,5439.079661402236
5026,1416,681,113,228,250,136,49,366,119,55,387,468,2.3503848353116608,29,0,3,733.7420287886656
9402,1216,710,166,77,343,123,57,418,176,50,285,942,0.8611514243678375,8,1,1,4795.266460273353
6744,2862,477,279,289,174,343,51,457,56,83,169,810,9.097201105263203,16,0,0,826.0068982550184
3901,2436,215,464,213,312,118,69,150,116,88,224,625,8.490581779470185,23,1,1,0.0
7785,1059,724,341,281,374,118,90,287,187,26,250,385,3.8075956524641374,5,1,3,3562.2072908985583
5039,1468,555,259,202,453,272,182,402,110,61,425,889,7.694499087044702,10,0,3,0.0
3009,2903,555,109,213,466,334,95,103,170,22,479,88,5.094144306385473,26,0,5,0.0
3260,1577,798,223,126,343,171,106,362,151,33,258,421,6.7908021845446775,17,1,0,0.0
9038,1389,277,372,237,277,312,24,442,86,89,118,698,6.891459858988016,26,1,6,4791.277913362891
4673,1292,266,340,56,207,270,126,130,64,39,299,687,7.7531946044435065,10,1,6,830.8735444881125
5219,2812,413,242,114,390,360,138,217,99,53,107,333,8.99180396501064,25,0,6,0.0
5060,1481,648,452,250,276,213,50,308,53,24,354,140,7.890905100658,1,1,5,719.3442469217532
8287,1301,632,266,172,273,312,116,301,150,13,419,171,7.065312238778384,28,0,6,3990.307529966511
6713,542,744,156,269,192,141,20,185,59,61,315,530,6.2199783156613595,16,0,4,3349.8287675592524
4619,2109,314,237,85,199,315,105,129,172,83,304,907,2.0908689102318103,15,1,0,0.0
3320,2277,619,426,287,280,385,84,256,199,55,225,59,2.8313676462214756,16,0,6,0.0
4342,849,698,452,271,258,123,162,308,176,68,479,670,0.7535841236973817,1,1,4,0.0
8732,2067,579,116,122,195,363,122,142,125,55,140,545,2.577767811381666,25,0,6,4088.8721640901563
5376,1629,342,431,79,331,139,199,184,77,41,472,680,5.43941817431416,27,0,3,802.9216001327914
5832,2548,223,372,276,350,345,185,275,147,30,278,918,9.536813741384114,13,0,5,0.0
5824,2280,738,466,96,439,178,43,330,68,38,106,456,1.268059560318241,5,0,3,749.201658032482
4994,1083,274,475,140,166,98,170,459,127,39,279,783,4.427940690427762,5,1,5,864.6900610577075
5958,931,734,499,78,491,135,66,467,96,16,171,727,7.508399719430754,18,1,3,1440.4789365210877
9039,2432,240,474,54,336,193,154,249,164,51,318,583,7.936546776881903,19,0,2,3642.380233100497
5038,2600,767,433,114,118,184,178,418,163,83,334,228,1.9106005349992161,8,1,6,0.0
6490,1848,612,102,284,386,164,26,359,60,59,358,286,1.7830927462359214,1,1,1,1815.628868677263
6677,2694,614,342,164,387,326,23,445,126,95,244,950,6.1070401097584295,4,1,4,430.6352636704756
4118,2530,648,207,246,306,115,123,477,123,26,360,351,9.140478328475002,29,1,1,0.0
4604,1689,635,150,112,410,236,71,102,140,27,172,884,8.043588411149212,0,1,1,0.0
9461,1662,751,469,295,202,394,101,436,103,14,470,169,3.8441005149659557,25,0,0,4699.227209175094
7027,798,438,449,142,258,250,99,334,108,70,169,278,6.583633352497795,29,1,0,3756.55792666475
3235,2439,241,273,233,294,187,67,438,81,48,235,677,2.548337505384728,15,1,5,0.0
4969,1288,209,215,66,150,101,114,181,195,90,275,867,4.717411017208541,24,1,4,1323.628431965443
7429,1349,464,282,176,477,262,85,351,181,77,183,351,5.354754687607846,3,1,5,3146.3282860213853
4908,2725,780,460,100,323,207,129,472,131,50,381,511,6.377406685199965,14,0,0,0.0
3375,1877,644,454,162,301,339,144,498,103,81,157,918,4.003585403067989,1,1,0,0.0
6530,1677,338,253,86,191,399,146,406,175,35,473,245,0.3201345319005644,10,0,5,2075.9171003458177
8256,2449,395,346,137,254,255,119,253,187,98,380,342,9.280561138895626,14,0,5,2961.673283154958
5635,1377,273,175,165,275,391,192,390,184,48,370,249,9.562407301112524,12,0,4,1496.0699102585463
4570,1638,424,343,174,209,370,59,481,175,84,366,96,6.869916448682734,25,1,1,82.10444218861602
5560,2077,301,180,268,398,365,54,435,146,76,195,382,2.6636960554149534,24,1,2,702.9254881346764
8415,2992,463,328,186,322,185,43,370,68,53,323,509,5.947425902430908,29,0,1,2593.272041549175
6391,2146,360,171,295,278,124,182,488,184,73,105,488,2.7610402138682586,22,0,4,1484.584482098709
5965,2403,432,317,87,325,118,113,273,94,48,101,921,6.988327184595013,15,1,1,864.1640545634273
6643,1882,690,498,102,174,350,184,123,154,65,122,807,3.602853880116502,22,0,6,1570.7463654334758
8951,644,510,342,190,170,98,128,101,87,98,192,258,5.57447347265073,6,0,0,6258.784737030485
8468,2822,426,466,139,427,251,181,286,184,95,106,0,0.5894502638889121,13,1,2,2994.625072873741
6850,1702,472,413,102,308,111,122,263,116,22,129,972,9.961915848569937,9,0,3,1990.2887458877358
3872,2361,516,177,252,202,216,171,144,124,13,179,218,6.621492019056379,2,1,0,0.0
4252,2354,285,257,168,140,254,112,450,57,37,100,433,9.40042695893915,10,1,5,0.0
9413,2366,490,147,265,433,198,23,193,139,92,304,538,7.445475961719849,6,0,6,4113.168286750176
8947,1598,668,411,168,379,170,124,303,151,12,356,299,5.618849955756037,21,1,4,4315.183064891633
9941,1651,777,397,274,129,358,197,222,52,36,456,341,7.364395121133482,9,0,4,4865.951433905382
4314,2234,603,123,98,342,146,97,136,142,70,161,566,4.692969770979653,27,0,1,0.0
7820,1067,626,209,171,151,102,171,217,61,84,179,714,9.59295608604271,7,0,6,3924.846419475545
9148,2313,574,151,119,156,58,121,440,131,15,342,654,7.743323724733027,13,1,5,4096.598440155868
5898,1030,766,389,212,289,380,135,239,184,57,143,93,1.2104040909091118,20,0,3,2037.086072273165
3077,2706,451,358,65,178,300,117,221,143,65,108,209,9.506566505585914,6,1,3,0.0
5621,2061,732,423,62,472,398,55,331,97,38,188,43,5.757671543002923,15,0,1,394.9644775651904
7227,1180,506,238,285,295,173,98,328,94,81,137,471,4.504675573850102,28,0,5,3466.410113573584
3600,2570,629,496,170,296,171,54,327,74,84,121,351,7.921905049259365,18,0,0,0.0
8868,1570,463,405,188,130,248,48,472,53,82,268,213,2.286822864597,16,1,2,4654.046673679558
4065,1228,267,437,136,431,366,55,427,181,40,357,196,9.582008902146786,13,1,5,0.0
5136,2229,306,374,179,129,144,87,318,175,74,228,324,1.6633549157019334,22,1,3,659.3423534744708
5449,2691,599,143,143,212,79,158,254,155,80,109,661,2.9568259960467635,18,0,5,236.1715607014444
5343,1167,778,358,68,237,141,74,455,159,83,198,957,8.890400592512751,6,1,1,625.6351346340713
4863,2112,398,212,153,321,133,68,106,179,18,187,880,6.08333178075997,13,0,2,148.99987477686102
4318,1180,391,326,94,271,64,76,102,122,72,277,946,8.545199629314617,27,0,1,397.0338619724297
7711,1472,713,164,223,489,192,118,103,110,86,335,166,1.9933453846988691,21,1,2,3546.5149059541504
6597,2632,641,262,96,254,358,106,315,174,36,273,405,8.037836467957518,26,0,2,1079.8988041992488
9943,2963,200,263,226,375,258,74,363,100,27,301,390,1.7839023468161241,11,0,0,4391.143424408951
6762,1326,557,265,128,319,72,75,144,80,25,201,561,7.43220535214814,11,1,4,2941.2911549703854
9565,796,314,138,294,375,375,93,304,134,13,215,252,1.5454646260793192,24,1,4,6322.114026837529
8984,1753,799,252,91,111,193,23,300,92,47,303,949,3.4297241138515178,25,0,6,4056.0224036150466
8142,2925,396,419,210,184,136,128,349,77,29,287,724,4.762099842345347,0,0,6,2270.740392235899
7670,2968,473,459,157,321,242,172,311,193,50,122,994,9.188326130650472,8,1,3,1207.114602078044
5190,2652,359,368,218,148,222,149,232,116,67,378,841,7.317287506462967,13,0,4,0.0
3992,2228,372,423,168,279,312,166,273,117,85,172,625,2.8175868098894705,17,1,3,0.0
5712,2524,744,425,246,109,344,107,168,85,37,417,651,4.464512872381416,17,0,5,0.0
5192,829,657,174,135,360,99,155,390,176,53,231,957,3.5004004684585466,17,0,3,978.1995613065727
4248,2986,784,356,268,419,97,83,242,79,74,320,356,9.398558518841782,8,0,2,0.0
6054,1655,632,299,160,285,98,153,116,142,18,254,726,1.7462868990161973,10,0,3,1393.7857521544056
7598,2390,680,197,276,328,217,103,431,72,42,412,933,9.156864840743104,10,0,1,1364.9566116878327
7033,881,654,203,68,491,216,33,347,60,74,423,716,8.278615847341479,6,0,5,2734.282106651131
4997,2685,395,471,88,257,131,123,327,169,18,421,578,1.2869242530121794,0,1,1,0.0
7916,1342,798,492,184,372,112,124,270,68,95,298,965,2.731409730379438,9,1,2,2943.735092116497
6687,2817,508,263,88,422,277,145,477,121,71,412,605,7.104226248720086,0,1,0,359.38107373642424
5151,895,755,212,147,120,263,90,434,92,82,142,552,7.072872520783394,6,1,2,1429.3107660438488
7018,949,693,202,83,115,179,128,305,124,78,325,706,2.336874497668627,10,1,2,2978.314917816679
6110,1854,638,136,268,382,203,49,190,174,11,111,385,6.336053585342059,25,1,4,1755.79470786067
4970,2486,558,205,221,214,291,27,213,186,87,190,824,6.87473264243052,0,0,4,0.0
3197,1808,235,286,246,105,145,161,121,74,85,185,314,0.7201753517159226,10,1,6,0.0
8765,1797,233,463,117,397,281,67,236,80,38,462,925,3.809527444194545,25,0,2,3712.3213563546774
5626,2567,287,120,240,499,287,47,402,190,89,173,188,9.062182259939052,6,1,1,537.5896134248492
9534,2786,215,247,248,358,67,153,312,114,57,390,859,9.004991851359506,1,1,2,3748.221219658185
4202,1793,620,228,97,139,393,177,102,78,82,439,244,6.618341986920404,7,1,1,0.0
9697,2965,752,286,52,375,373,151,386,144,60,387,688,6.526946643616853,28,1,0,3234.023160393775
8567,2349,325,383,262,331,295,119,112,67,41,311,688,8.55411936477768,25,0,6,3125.24018667132
8742,685,207,298,211,106,109,86,101,180,33,488,888,3.4215455935947525,2,0,4,5329.820945974568
8788,1733,671,334,162,414,179,157,466,84,67,256,554,0.49657184635827134,7,1,3,3700.9862807609848
8408,1937,667,207,186,494,399,121,362,181,29,318,743,8.463784037361963,2,0,1,2672.0903756303446
5035,752,709,108,110,192,98,46,384,90,93,445,993,3.121847521369061,19,0,5,1070.8699795683135
3477,518,601,325,197,407,215,192,487,128,52,110,862,6.727577915335562,13,0,1,0.0
4254,1659,375,308,217,486,217,94,231,163,14,128,144,4.881706188060412,18,1,0,280.36225136106174
3922,722,566,344,174,120,302,119,443,139,93,223,569,1.4478173966718955,26,1,4,85.46649418609306
3419,502,687,387,61,110,385,54,333,79,89,207,712,4.183961362593863,7,0,5,0.0
5204,1759,217,165,152,149,358,32,342,136,28,247,531,2.6251342149241506,26,1,4,1229.2540414103853
5597,1353,255,455,287,364,113,139,272,60,85,142,332,0.08263810841527164,9,1,5,1541.7838136544476
4120,1988,234,252,77,144,82,74,482,82,90,169,565,5.23919039430341,11,1,5,0.0
6068,727,772,290,225,384,107,62,363,87,36,235,986,5.640605542880963,13,0,6,1914.940391792728
3950,2177,799,317,274,417,355,92,141,54,50,272,995,3.0593977864971156,19,0,4,0.0
5336,998,546,253,251,370,113,87,244,148,99,466,123,2.9419065266695665,8,0,1,1626.1940858524033
8373,2385,231,376,124,374,174,62,492,100,43,421,57,4.469727664571819,14,1,4,3562.387738265922
5243,2515,332,181,184,498,110,59,439,114,30,289,771,6.177109713390231,16,0,4,0.0
5645,1662,775,320,131,134,298,133,424,107,51,282,602,9.685370266271727,19,0,3,760.3910405979186
4857,1799,398,379,132,240,187,178,454,184,76,190,71,4.7776561611386725,3,0,1,707.4868966462866
7612,2838,455,210,191,243,115,22,396,109,92,448,447,9.335797527520649,1,1,1,2116.3748155828534
8754,1576,541,191,258,422,228,140,153,108,30,293,648,9.749568725851653,6,0,5,4342.930251485296
4865,1214,430,111,264,344,335,164,259,187,85,114,724,6.082704500076917,18,0,5,505.33339252837163
5912,1447,500,238,196,450,330,99,322,82,96,388,802,5.606273926063966,21,0,4,914.3210200305049
8237,1369,746,254,103,410,220,58,322,172,56,366,380,0.6025505788498275,11,0,6,3611.48097614995
5853,1570,225,122,237,292,292,116,476,127,37,443,155,2.232065090145051,13,1,2,1697.8021458266296
9028,593,734,319,286,134,169,96,142,160,72,268,666,9.9816010330719,29,0,4,5407.161536556835
7910,1059,673,447,296,371,393,95,168,87,73,178,710,7.460943799832308,4,0,1,3381.3461978400537
9371,2275,586,336,116,484,241,166,470,104,64,488,177,6.679774736691347,25,0,6,3777.8825614305197
8996,2760,484,352,211,277,236,41,199,75,21,487,684,5.66658616296289,24,0,6,3126.362932898883
9359,935,649,282,138,369,276,27,303,144,11,318,481,6.8280805581243955,9,0,1,5217.978707511731
9158,1351,519,297,218,417,315,127,307,91,68,333,269,6.8075506557932055,19,1,3,4826.811153321855
6228,704,355,269,208,490,241,147,371,196,39,214,540,2.21542196799101,20,1,6,2582.4856234802196
6719,2928,670,222,216,250,289,37,260,153,21,112,109,7.847614687983226,11,0,0,1286.5833139741958
6228,1599,619,133,127,198,143,153,253,126,48,248,315,4.652779244911772,6,1,4,2252.490753838618
9190,576,312,480,278,128,175,23,486,136,27,366,156,7.015632106065521,23,1,0,6159.677087656446
5371,1315,621,412,229,249,148,136,378,129,33,113,56,3.4752059149005543,21,1,5,1422.752273905266
5891,1267,797,102,224,307,393,188,188,174,21,349,245,5.7743016430067,0,1,4,1611.1446357108196
6756,2957,484,105,69,448,292,198,281,174,91,496,888,7.351639936468598,22,0,3,364.53736949140426
7225,605,771,403,145,361,69,31,439,134,15,286,828,6.117746912295726,17,0,5,3375.801296362296
3094,2635,253,201,274,309,166,131,146,67,17,168,212,6.333448776770289,8,1,0,0.0
5674,2246,524,291,229,188,148,56,343,58,66,376,699,1.8523038114950585,11,1,2,470.58513136129346
9898,1965,657,475,144,336,379,21,348,160,58,452,112,5.058963588333847,3,1,4,4665.835992079082
4955,744,464,112,120,347,204,22,340,153,24,207,321,2.743287604187279,9,1,4,1919.4294093424985
3793,1905,581,135,239,357,356,192,217,66,16,291,50,3.7020875440616097,7,1,3,0.0
4834,1481,412,169,182,291,234,104,263,143,67,180,521,8.018289157353568,3,1,4,812.7857101648608
5116,2236,532,388,234,195,384,58,390,181,62,446,855,0.47661797762000635,22,1,3,0.0
8779,641,209,204,181,135,52,96,270,104,34,296,602,2.5745505021121096,26,1,4,5901.0695374894585
7106,1392,557,303,188,195,206,131,104,103,86,431,50,7.89175560414453,25,1,4,3459.6866544106138
6325,1891,402,412,68,136,224,37,359,154,70,124,242,8.46347454030233,24,1,5,2230.7394590580184
8961,2899,257,154,151,333,385,32,157,58,21,380,351,2.1297085816365047,28,1,5,3676.7218456916594
5919,1044,693,206,261,201,118,33,299,185,34,239,492,1.652630441426599,5,0,2,1983.8538663662803
5597,2699,709,240,76,279,70,60,462,171,28,110,982,7.992673485081213,11,1,1,0.0
6205,1969,422,324,78,424,347,59,237,98,51,193,687,7.173503878215972,28,0,4,1395.341110717014
7807,1262,568,406,67,169,167,108,478,119,89,403,56,5.631993603836119,0,0,5,3937.9821672497656
9166,1123,617,447,214,206,326,120,417,51,21,436,435,4.580069402095765,14,0,4,4605.1544430635695
3814,1155,746,408,238,370,179,67,477,125,69,486,235,8.752802742379856,7,1,0,0.0
3345,2997,302,135,293,453,255,29,336,68,45,430,739,2.793375600581265,12,0,3,0.0
5349,1747,360,232,224,146,246,140,247,170,33,276,312,6.475449967832371,17,0,4,1102.3783702078988
3362,542,399,474,294,207,184,73,387,150,42,146,852,9.300051559758801,22,1,2,0.0
5443,2811,359,124,138,463,252,182,403,150,45,428,853,1.7194110684521324,21,0,5,0.0
5265,1526,335,436,69,168,84,171,318,114,13,245,726,1.9321170878483118,14,1,4,923.2087815416172
5188,2160,597,136,119,407,79,68,276,111,59,100,885,1.1875467160794517,24,0,5,184.33536120810112
6005,1791,591,118,149,101,360,189,381,147,65,169,11,2.6703169148236947,25,0,3,2031.057087819672
6281,1095,305,134,226,318,306,103,477,65,17,325,460,5.688521679641248,17,0,4,2175.8124338723946
3984,1512,782,462,192,144,231,69,262,154,70,232,801,3.293647510696851,28,0,0,0.0
4639,2724,788,409,67,332,257,168,383,184,17,102,472,5.593221880403199,10,0,3,0.0
3827,2610,253,105,87,288,178,175,420,126,16,189,449,4.830129957153259,25,1,1,0.0
5730,1457,476,484,169,466,112,174,474,189,34,456,424,5.3093600937270296,17,0,0,713.8327795647754
6531,1060,310,298,138,447,391,116,285,141,57,331,508,9.519235917564245,8,1,2,2604.4136277418756
7451,1830,423,133,133,221,126,87,105,182,44,366,693,2.0697133317049463,21,0,5,2910.8412183299893
8443,1812,274,155,199,164,64,118,149,141,88,430,788,6.706686994760162,14,1,3,3936.2059411084424
5935,2321,705,355,292,471,374,103,404,96,27,462,887,4.748678465886416,18,0,2,0.0
6876,2050,213,310,253,248,108,153,145,60,20,395,350,6.795462306000965,27,1,4,2584.4668038695636
8959,1349,681,196,282,348,200,153,316,100,38,201,401,5.98147327690719,17,0,0,4682.06573308453
3126,1778,388,381,153,482,157,79,308,54,96,163,975,7.563114849578111,16,1,6,0.0
6177,2033,563,340,237,166,156,100,445,97,92,179,461,5.337536507108461,20,0,4,1039.251796088255
6056,2314,438,269,160,449,188,166,195,80,25,311,864,7.017703871645993,0,1,1,566.9277699852087
3603,2241,600,446,274,484,329,132,124,184,15,183,301,7.352794390422427,22,1,5,0.0
6449,1105,503,393,270,158,121,36,451,148,24,413,774,1.7809048398066796,18,1,6,1978.8847380366424
9024,1986,290,326,243,214,160,196,224,134,82,326,933,9.249052827724476,16,0,1,4026.56750488142
8109,1794,591,414,75,215,275,150,460,89,38,331,787,7.24582463730176,19,1,0,2843.589229156567
7146,1245,383,226,113,336,155,129,162,191,73,355,899,0.9678512054402333,28,1,1,2993.5900208171893
6533,1057,216,379,298,146,208,53,438,59,75,336,10,8.608760575331377,4,0,2,3302.358251674101
6367,2611,211,466,273,208,199,81,421,131,96,252,773,1.9074924666742454,5,1,6,688.1570586848255
6368,1441,365,120,107,373,63,106,262,98,22,385,358,5.863731297875576,23,1,4,2725.427329784737
6797,2796,345,415,180,212,54,142,435,194,93,267,241,3.131179918187371,9,1,6,1443.380560624936
9922,1769,481,345,79,132,176,142,388,169,80,124,646,5.757615083921007,26,1,5,5319.626537139157
8526,1439,748,189,68,498,322,146,342,104,66,109,44,8.881421659752563,28,0,4,4467.204269051778
4792,2110,781,105,59,379,387,101,405,83,90,464,29,8.906740922176228,20,1,3,0.0
5861,2704,368,365,138,391,260,181,251,82,60,412,361,7.860524977905678,27,1,1,310.071269529136
8732,2225,369,495,223,415,376,176,194,182,94,262,982,8.147208048924588,0,0,0,2590.7962676776506
6476,1484,545,196,196,261,395,79,436,153,37,382,539,5.077130880143503,19,1,0,1833.9715645262645
6417,2087,698,249,176,189,266,191,196,91,32,351,357,8.68380987940623,18,0,0,1590.22548560341
4645,1836,659,179,235,150,128,162,392,180,94,161,738,4.670698660364194,23,1,4,0.0
9563,2374,496,116,173,243,142,64,455,62,10,307,567,2.0833336420637116,6,0,5,4511.485877137477
4205,1161,341,237,156,203,287,94,162,185,90,454,128,8.979503787101992,18,0,4,610.8089123785419
6030,532,252,239,134,269,283,122,347,110,97,248,343,4.595514530148257,28,1,4,3017.065287141525
5872,2316,317,438,55,115,226,28,418,99,80,268,315,6.007844083748354,9,0,4,1277.9120784963843
6072,2620,564,139,100,232,304,54,374,118,44,246,431,6.2649839283273785,16,1,3,681.334186141792
4854,2389,335,267,191,489,370,29,138,87,45,393,27,0.8226645636410834,0,1,5,91.35200727755083
7021,1656,613,173,107,269,181,123,203,144,23,103,182,3.539838973280689,10,1,3,3030.8582121623085
7662,560,276,173,185,129,314,185,182,51,65,177,609,3.5879301748967296,19,0,2,4593.574719315501
9514,2043,756,149,51,259,341,146,299,106,71,164,336,7.167249217476933,4,1,6,4890.692690155988
8031,771,217,109,295,246,228,176,204,56,21,203,87,6.772294812487675,6,1,6,5431.508472356272
9030,2793,602,202,67,406,393,193,278,187,96,182,798,9.889230524157837,13,1,4,2702.805284802062
5708,1699,404,449,298,336,195,135,159,78,23,147,915,7.310561252307847,0,1,2,931.0541812524519
6502,2306,698,487,263,274,192,64,355,147,71,480,442,2.22726135236511,3,1,4,653.527565399046
4332,1654,523,484,234,171,69,96,437,176,98,363,540,3.457392344886748,3,0,4,0.0
3201,1625,794,398,271,483,107,137,305,149,31,232,795,1.6705741240356597,29,0,0,0.0
6507,809,761,438,277,462,345,72,309,120,38,299,845,8.620069735496681,18,0,1,1780.0728409739768
9456,1815,480,488,141,226,115,103,328,127,81,276,425,8.458837798281788,20,0,5,4916.318133144218
7212,2245,365,203,212,484,394,21,447,133,84,297,703,9.135879882125792,20,1,2,1581.0511710565142
8032,837,442,389,243,295,62,151,221,82,68,198,891,6.597547662209893,14,0,6,4110.125216535816
3574,509,678,379,105,284,111,38,223,144,95,408,665,2.6886312589976225,17,1,6,45.35687083388791
9387,548,363,241,277,249,95,118,452,146,24,482,488,8.966781818886734,20,1,1,5794.270347162571
3536,2010,523,396,259,313,142,158,489,139,30,215,895,2.7270689911524415,26,1,5,0.0
4625,1844,767,269,92,193,272,102,234,175,98,159,235,3.840772537419639,5,1,1,111.71519654656049
5122,1230,750,112,122,157,72,179,287,61,86,496,10,0.21872442059538755,27,1,5,1532.0974885284847
3385,1294,407,256,269,318,116,161,232,69,80,444,655,5.780016587226243,16,1,5,0.0
6281,2148,514,273,121,318,163,196,190,115,91,406,419,4.355697362589677,3,1,6,1193.771242788158
3474,632,503,261,166,112,255,88,491,67,21,119,284,6.478996922071788,24,1,2,304.5806084223382
3417,2630,438,231,57,382,115,172,201,168,70,390,346,9.679437076457786,9,1,3,0.0
9490,2604,423,127,54,476,99,161,260,55,56,189,796,0.5728176938469776,9,0,0,4205.112455063675
6600,875,287,182,62,239,190,186,495,115,35,470,923,0.9148171773907887,13,0,3,2454.561766862471
9783,2896,736,484,56,373,307,159,456,118,78,183,607,5.641192660821962,25,1,2,3289.1945517983913
8034,770,628,462,70,218,83,143,224,176,81,330,410,9.978937132053552,5,1,3,4409.9837077035345
3954,2006,419,368,270,370,345,196,392,174,45,462,266,2.879954519033828,15,1,5,0.0
7971,2658,474,350,86,499,302,103,242,151,64,140,684,5.3644919795302135,13,1,2,2337.438001307931
7858,575,265,469,222,196,118,137,372,171,78,338,199,2.037125477859283,11,1,3,4611.988680964102
8298,2456,791,205,229,429,238,136,136,199,95,271,951,5.297343960216271,7,0,4,2128.8803535969287
4205,2166,622,360,225,146,202,37,358,199,96,399,688,1.8336956167900997,10,0,5,0.0
7759,828,454,452,111,251,252,20,253,114,81,233,820,1.771190045346539,23,1,4,3841.021337378911
7120,2669,324,113,255,272,126,126,203,126,28,290,362,3.3868466053023436,28,0,2,2130.5711331859684
4990,540,345,179,150,374,240,23,220,189,43,244,323,9.39619152711725,29,0,6,2116.4630361016157
8299,1690,584,475,168,446,77,31,400,190,79,475,435,6.59444418199244,13,0,1,3220.493177389189
7805,2826,646,259,228,336,262,173,233,164,72,213,120,3.716728591386543,21,0,5,2305.334488126148
6572,2556,586,277,181,130,105,179,198,172,59,190,203,6.386733560607301,23,0,0,1847.2600532504712
8975,512,582,254,169,312,161,120,315,108,26,396,671,1.9949788139421054,0,1,1,5229.605918771822
8280,1423,476,134,135,371,292,98,342,172,90,323,186,6.374674784300955,18,1,6,4227.452150974975
9320,2342,581,358,233,177,203,71,330,188,88,250,715,9.20250253423738,15,0,3,3607.557847610263
7380,1732,323,359,124,378,204,118,325,163,48,137,754,9.369419519255791,13,1,4,2702.382823553308
7158,1714,466,234,83,140,331,109,112,131,40,268,703,5.864793508255906,4,0,5,2873.0706739676516
8098,1152,310,230,94,245,320,34,412,50,31,130,823,8.795978806361903,6,0,0,4228.186480581033
7757,2203,580,180,193,111,99,155,334,117,67,499,955,3.8730898818911896,8,0,0,2295.2481762357575
5713,1120,357,466,186,347,117,49,428,58,34,222,920,8.855848764434851,19,0,4,1417.8055974095773
5203,2462,747,158,257,328,181,146,182,52,28,486,727,3.3416853787526133,23,0,5,0.0
8588,2145,798,173,280,430,207,145,342,58,63,179,83,7.031382032423554,16,0,6,3542.7648954386427
6120,2743,317,338,65,278,382,114,323,131,80,470,305,9.189112617560271,3,1,4,674.6344360058233
3966,916,527,228,144,440,314,27,440,118,11,243,233,5.650110223572562,4,1,6,281.96004067341414
7944,1163,267,414,208,259,219,112,323,71,88,167,6,2.7458386156739256,2,1,0,4478.682751040916
8203,2278,633,473,190,320,319,164,284,150,31,168,863,6.97934342334186,16,0,4,2218.1543645911074
6432,1879,558,237,177,426,269,35,273,167,47,281,626,1.1276069260619692,28,0,0,1303.139804049564
3688,647,642,202,54,263,89,132,367,129,16,319,517,3.457535916641868,25,1,4,227.38312950476035
7243,2545,363,486,172,267,338,64,196,182,96,442,210,8.958793229572631,5,0,6,1785.0032444106089
6701,1888,560,490,176,481,128,157,420,88,75,397,563,7.370108630133622,15,1,3,1105.9184050672175
3341,2911,784,108,224,318,288,166,404,52,42,291,657,0.5464494318521484,29,0,4,0.0
9619,2225,318,331,216,169,109,186,226,75,91,225,779,5.73782145648913,5,1,1,4659.637224092744
8182,901,394,198,67,359,369,69,487,57,16,118,746,2.4821143124499456,18,1,4,4520.180979113518
4724,2015,787,317,197,162,367,79,314,101,68,188,622,0.13526711292585314,21,1,1,0.0
8479,2531,440,496,296,345,384,87,127,183,97,182,676,2.6735667438354094,9,1,2,2563.503701217671
9704,728,708,336,179,149,286,146,149,175,20,417,265,7.739825548816693,29,0,1,6010.023212651141
7422,2098,764,321,89,385,125,179,367,170,21,358,854,4.02372770267378,9,0,0,1554.1475938269566
4792,767,341,267,207,333,355,99,182,199,27,363,977,2.658528727469709,23,1,2,622.7194557383372
4759,1928,230,469,59,115,88,108,343,105,10,317,20,9.98921778070364,10,1,5,931.1457937075497
6212,2316,422,161,113,103,248,105,324,92,70,374,949,5.76954997975346,16,1,6,967.1694998417116
3989,1534,465,417,91,381,154,171,117,76,10,218,885,2.219628338756796,20,1,4,0.0
5262,1843,481,109,252,256,119,47,325,94,36,308,652,2.0290608233569305,18,0,1,859.8631319193505
5482,625,580,333,230,319,331,170,462,95,82,420,961,1.0329584768311861,6,0,5,733.5679321929606
3951,2853,755,186,142,494,107,82,210,162,74,408,253,6.11717768370231,0,0,4,0.0
3722,2225,261,366,230,447,378,137,466,82,85,368,577,8.793053078847755,23,1,3,0.0
6389,1612,720,303,89,463,228,146,489,176,73,158,657,8.599323935929363,21,1,1,1203.086375457289
5079,1875,270,417,193,150,357,92,423,144,58,284,802,9.398932676494027,21,1,5,0.0
5717,1188,735,432,225,141,271,85,175,77,89,111,879,0.2308682566946807,26,1,5,1198.7651697565511
5332,1780,339,459,174,234,193,185,122,143,80,323,97,5.6131410460246824,7,1,4,1052.4589835402774
6376,1732,515,340,110,373,353,47,255,147,44,187,232,9.168803983275334,2,1,5,1822.7246204889086
7524,780,539,155,269,358,76,173,302,158,66,197,457,9.003004792855375,5,1,0,3920.8533844681224
4500,942,789,209,258,290,210,79,319,130,50,492,100,2.7097741184310644,24,0,1,493.39754902474976
3285,2363,727,148,215,355,200,147,139,84,32,275,927,5.019457710788888,9,1,0,0.0
6495,1336,740,342,163,335,222,44,197,55,44,167,792,0.9593400118206064,27,1,1,2023.4451751030476
5065,888,615,115,290,375,260,168,403,177,89,252,151,2.741944177906671,16,0,1,1200.1956332115524
3768,1116,666,172,93,453,71,44,261,63,57,455,980,9.919820744106252,7,0,5,0.0
9733,646,574,471,192,172,347,77,312,105,51,251,492,5.850992829976467,3,1,2,6146.203913186843
8490,1020,490,301,144,173,82,57,191,128,81,378,806,9.987502962215757,19,0,4,4534.060896120923
6057,1129,242,192,110,222,158,65,289,197,89,458,827,0.16547092391640428,26,1,6,2139.873233834272
7289,2981,252,236,56,169,96,132,261,195,15,417,737,9.713567716310065,7,0,5,1865.3322879929929
9645,2691,431,132,173,178,145,119,156,173,44,178,537,3.5391431383570726,23,1,4,4689.169350439642
8083,788,411,187,287,347,174,151,332,194,26,444,766,0.8291669735953455,8,0,2,3927.834170094695
8232,1909,207,302,79,286,384,166,128,191,56,288,809,0.8956968082500916,23,0,3,3381.215524405627
5161,513,682,138,213,240,344,43,445,75,39,219,806,3.4391176777065002,16,0,5,1459.9739650599265
6293,756,241,213,162,397,351,74,304,142,18,462,580,4.7368117141227035,25,1,5,2527.761128499953
8797,2221,532,432,139,143,377,172,223,120,32,365,837,0.8527293393375524,27,1,5,3410.1186060689333
3946,1923,432,346,188,346,356,91,453,106,54,109,863,8.515428155932122,1,0,2,0.0
7926,1730,269,442,172,435,74,146,107,61,74,169,296,4.8599200243999,7,1,4,4008.863173171956
9016,1357,215,469,247,325,131,84,448,52,21,343,671,3.6492453701861303,4,0,5,4738.13967838502
6335,1695,268,307,155,166,107,87,206,146,90,424,519,5.215157931416065,15,1,3,1981.8193984550794
7150,963,252,411,206,375,75,159,459,192,55,415,17,4.875451081103695,14,0,4,3573.8959266759002
7895,769,578,493,141,352,346,172,499,186,42,448,697,1.0317024393007013,3,1,3,3134.4156619987552
7873,1744,662,396,256,402,93,168,191,98,31,420,885,0.501260083239462,17,1,1,2475.931552016745
4481,1706,726,459,142,379,134,166,257,130,19,412,640,6.786020525534422,1,1,0,0.0
4901,571,262,310,183,278,71,89,442,62,99,210,663,4.876464691800738,27,1,5,1606.209970155418
9305,1806,460,454,161,378,275,199,448,96,23,314,174,0.24503677616357855,13,0,6,4641.759178365804
6451,2621,699,158,253,228,86,73,183,70,98,113,848,6.667664804541147,15,0,5,875.1797618394203
7064,2902,320,255,100,478,150,182,436,99,20,391,574,7.0566833162760805,5,0,2,1033.2034856589344
9230,2250,439,221,129,214,191,22,138,163,28,354,913,9.700199014331755,17,1,5,4114.0696063631585
3054,996,664,219,159,421,53,52,132,54,60,417,403,6.300265802077996,4,0,3,0.0
4823,1487,306,396,87,488,73,26,433,56,37,355,25,2.7502140416444334,24,1,4,942.3570609161279
8297,1409,379,421,299,373,240,124,386,86,36,431,113,2.3871023550000814,28,1,5,3736.262470003529
6462,872,215,161,250,301,370,174,307,132,20,114,221,4.57479042470219,3,1,1,3424.0314848233793
6079,861,554,257,71,216,371,20,376,116,31,404,100,0.9237009600719237,10,0,3,2725.4368317025933
3832,2640,508,139,274,134,318,187,277,152,34,435,346,4.959930571524435,5,1,4,0.0
7408,1844,788,341,139,205,76,165,483,148,28,498,422,3.2784923078793113,29,1,1,2162.617977338708
5806,823,380,139,231,348,130,182,489,76,73,271,22,8.298737957201958,19,1,4,2672.9230590432535
8954,2931,373,457,217,251,170,100,287,100,48,433,345,6.949472191846527,23,1,2,3433.5121525846052
9103,1074,553,289,184,240,118,58,314,121,16,229,4,2.5667683913185133,6,1,5,5948.952573244103
9102,1235,553,333,159,394,362,143,445,143,15,474,13,4.785175050301965,13,1,4,4815.457721251335
5490,2893,418,114,273,261,121,30,300,97,18,162,98,7.168726384901244,13,1,0,701.196670455817
8886,1715,514,223,217,246,295,120,496,59,27,379,255,1.7303600930010132,16,0,2,4445.266749798157
3327,2195,633,327,156,355,295,64,413,143,40,355,628,9.690118947661658,12,0,6,0.0
9904,2407,481,486,173,190,302,150,271,186,79,101,735,0.9171476510581456,13,0,1,4317.948957483031
6310,1218,458,379,73,469,122,199,306,135,71,181,428,9.532661659865223,25,0,0,2249.3341433103897
6300,1280,758,147,90,317,323,79,387,144,70,487,451,0.1669141427695675,25,1,1,1777.3344901917253
9722,1519,204,288,100,238,65,111,158,95,55,191,533,4.83453310649042,26,1,5,6059.965049813007
6675,1903,773,403,216,276,228,77,458,187,95,316,112,2.8815946777321564,12,0,6,1413.951102416487
6054,1926,795,146,151,390,89,130,335,85,18,460,544,9.67648988381134,17,0,0,973.8848645917908
8383,1163,593,283,163,439,88,53,180,59,31,106,780,8.555322354693912,27,0,2,4652.61927721088
5143,2272,535,204,278,175,105,175,276,173,62,160,327,9.02566037979459,9,1,3,430.7179994802983
8207,510,262,468,260,156,282,80,416,76,30,208,613,4.917050379023254,6,0,4,4719.391072931411
4311,2734,243,346,220,127,103,140,139,128,44,229,429,1.0580272289471992,15,0,5,0.0
6191,1538,352,363,118,421,221,129,181,196,38,144,200,2.4715742268923115,13,0,4,2246.1915475486057
9957,2958,355,305,271,420,351,184,261,188,94,494,953,5.309146571079333,8,1,6,3265.9670170447084
5538,1084,677,117,236,249,238,163,212,81,62,350,107,3.8897074022418843,28,0,2,1918.8468569005806
6983,1575,474,463,202,406,92,144,188,197,71,300,411,3.27670883723137,25,0,4,2540.7004960652703
7547,1874,557,350,143,446,53,192,111,95,67,222,128,3.0280243999856626,9,1,0,3318.835485676949
8619,1951,625,337,169,492,310,34,498,109,70,106,142,2.3416835526750033,0,0,4,3780.15271005036
3164,2354,731,439,74,298,107,23,462,117,44,128,902,5.379283429241416,5,1,4,0.0
7277,2289,682,420,250,263,86,42,364,66,96,419,400,6.88223820204263,9,0,5,1965.6222174176942
9612,1242,413,464,268,281,284,99,331,114,49,251,459,6.9109361832353375,18,0,5,5279.670716639152
8005,2276,278,401,201,339,314,35,188,68,96,422,310,0.4467453625842821,29,0,5,3155.591767237179
9878,703,338,165,239,341,64,107,466,54,91,356,958,0.26948409886700997,20,1,1,5976.79912312853
3822,1576,297,435,153,165,137,72,315,131,68,196,118,0.8723435071554386,22,1,6,120.63175876993341
3943,1473,397,249,92,270,148,29,148,104,96,471,220,0.1774379353399369,1,0,0,170.9354051448188
9097,1898,355,292,108,232,154,181,369,155,10,325,823,4.404103805174341,3,1,0,4144.157704315339
9150,2365,249,495,103,180,266,165,488,53,53,398,13,0.5367118163631168,25,1,5,4245.079092143625
7425,1799,678,246,279,264,240,72,481,68,67,493,588,4.356312276870344,29,1,2,2122.540003066649
3774,1554,427,282,128,162,264,35,403,180,93,178,116,3.3690117044636803,10,1,6,93.61611459069312
5198,1658,656,205,279,454,247,147,412,116,63,174,55,0.5860932512226436,13,0,2,572.6965912826329
6156,604,721,335,203,150,154,199,448,78,89,483,927,0.8473843207854936,13,1,0,1764.1688486365113
7242,752,348,225,103,171,76,134,159,185,18,137,745,7.720878273926681,11,0,0,4355.55322239045
6695,794,257,278,238,142,231,76,436,169,34,247,124,7.244539854554439,13,1,5,3532.1530705493365
6452,1681,361,112,271,422,132,42,345,182,47,451,884,2.861312581302593,10,0,2,1468.518179424283
3914,1048,676,330,124,420,208,59,398,113,34,342,24,1.29876580802339,0,1,6,216.94861537054743
8667,2277,306,127,142,417,279,161,313,76,16,408,602,3.56339395301978,27,0,1,3394.2741693577273
4308,798,626,478,256,315,284,99,181,82,55,154,407,4.839917548663938,19,0,4,701.5764591150376
9843,2248,594,422,221,290,337,37,446,107,89,116,908,5.174267556048981,18,1,0,4134.762959095205
7177,2343,385,360,186,257,67,183,163,111,44,199,92,0.24584158959724878,2,0,5,2806.9018471765294
3513,600,757,199,91,189,333,186,357,131,70,485,157,6.010105194339953,0,0,2,0.0
4920,2879,645,287,206,203,120,123,356,75,10,197,218,6.301368826767292,19,0,3,0.0
9958,2274,647,498,128,150,264,188,217,63,29,238,518,6.429453944729849,29,1,5,4808.127120798038
9852,2940,286,436,130,353,166,20,419,81,67,177,140,6.263809879461755,3,0,2,4595.309345741812
9035,1373,448,399,257,206,149,100,427,90,74,365,646,9.568242054358697,13,0,2,4486.912779167071
6594,2928,639,218,107,393,137,111,440,191,46,378,610,7.097875941790982,7,1,1,589.760317523361
7841,591,456,145,135,335,397,189,123,97,33,443,709,3.1691107088621684,6,1,5,4208.02161971025
4409,946,476,167,281,422,202,171,485,140,14,143,533,8.121395713658877,29,1,6,416.3256380263491
7802,608,637,483,240,432,344,136,335,87,20,302,826,4.317049506138206,19,0,2,3293.25844554829
7566,816,715,404,226,455,226,84,414,184,44,346,397,0.6041783505368059,27,1,3,3381.377795339144
6190,2335,776,270,156,204,181,37,201,82,38,460,532,6.488350254757589,16,1,1,1002.8811375809763
7491,2443,401,457,188,354,357,109,411,156,32,382,529,3.8225827667126797,23,0,6,1595.3577721976164
4555,1958,774,295,151,403,171,33,469,146,83,275,47,9.303308132917184,25,1,2,0.0
9404,941,379,432,266,495,260,38,104,73,33,473,92,3.41775383607139,11,0,2,5723.421293354801
3804,2765,524,119,103,119,117,101,208,75,87,136,25,0.45016674877594975,28,0,1,0.0
8029,1745,674,210,79,458,106,128,479,99,84,163,38,9.46786560509096,16,0,6,3666.3730184272713
4279,2051,599,245,243,171,62,26,282,144,74,402,164,8.32385309310219,21,1,2,0.0
8853,777,416,291,114,216,242,83,218,174,53,404,701,9.793476896118467,14,1,4,5229.9085529884715
8000,1068,652,470,293,466,112,21,391,190,35,421,447,1.8101018536072355,25,0,3,3326.8834291138173
8172,1509,603,328,279,229,376,26,427,72,65,144,881,0.2121588736756841,2,1,1,3158.6178781273716
8986,1338,439,111,107,219,202,47,449,158,29,157,492,9.51099169682534,15,0,5,5157.427186254567
8619,2107,385,316,299,312,72,111,282,108,75,462,445,7.423228551765679,5,1,2,3669.9849190373548
6577,529,247,178,234,328,79,100,237,65,42,164,483,8.57021359843094,13,1,4,3772.0106232664084
5901,2906,585,474,86,282,238,49,184,88,56,481,667,0.039571397393693974,22,1,5,0.0
4387,2442,407,135,296,233,359,104,273,131,54,423,906,6.570314931162592,17,1,2,0.0
8399,2633,356,363,167,438,158,55,151,140,54,339,400,7.113475104990874,18,0,2,3132.547752415124
7688,1757,424,127,231,330,109,135,325,58,90,211,779,3.4346308493285327,4,0,6,3088.5797932437645
5761,2860,343,471,122,483,115,41,325,141,79,358,539,4.734311106913161,0,0,4,0.0
5679,864,618,185,118,463,215,98,231,71,21,189,215,1.3285540896457915,25,1,0,2448.5576766551667
5106,2300,310,287,291,439,190,97,283,124,88,341,30,0.8001148146189152,14,0,4,425.60998483025037
7223,2322,664,404,201,345,101,174,366,103,65,426,996,8.10515753386893,18,1,5,1025.877288473778
7831,2362,331,353,112,493,229,145,204,199,76,441,951,8.221794581201609,11,1,1,1934.2514287254912
5768,1404,533,179,268,351,81,29,277,63,31,365,496,2.3024237086752377,20,0,1,1853.6870978624697
6953,1197,274,285,143,324,263,41,288,128,47,365,255,8.168486608443581,4,0,0,3313.756553310148
6186,2678,611,104,228,256,314,170,250,182,94,394,183,3.6410019719325537,16,1,1,662.0742404326256
6280,2355,718,145,64,218,66,71,481,157,52,164,412,2.8896736496434396,8,1,0,1233.1425169867093
5573,850,235,453,224,193,175,189,212,143,15,468,900,7.9217645437980515,0,0,4,1580.1392653200382
7616,679,422,201,250,327,131,188,385,194,20,413,630,7.0667424970285975,16,0,2,3613.944404883769
5599,2003,729,101,223,464,89,67,222,50,26,343,802,6.351295376631546,19,0,6,391.6443123259072
7033,1686,440,316,278,489,153,88,187,191,22,392,892,7.955195928494579,20,1,6,1770.6244321866693
3236,2306,333,124,79,285,268,198,124,104,57,483,140,8.631625585178691,3,0,2,0.0
4304,1273,590,356,162,433,231,20,129,66,47,430,370,9.486278693807646,24,0,0,324.268023877912
6430,1009,301,322,128,284,205,116,266,58,93,389,428,6.2351973573080235,1,0,6,2837.6277183274324
8877,864,697,423,197,486,227,90,173,177,47,478,584,0.9094433804842084,6,1,2,4265.922503707723
4301,852,710,168,106,379,67,171,479,148,58,493,414,3.5383204618785924,26,0,0,261.62858919238147
5541,1606,736,296,226,329,190,162,494,144,74,177,470,1.3165261477001977,1,1,1,734.7411721615396
5051,1748,744,371,105,364,210,191,172,61,59,393,890,1.2157326624286624,12,1,1,0.0
9809,911,542,281,105,257,263,100,211,171,22,416,655,9.891241876495409,4,0,3,5981.267987257504
3441,1234,205,117,202,451,271,68,310,158,12,202,949,1.8485754159052437,3,1,3,0.0
5076,617,393,206,58,176,311,196,279,115,93,173,979,7.379037890848032,15,0,1,1542.6772711348888
6180,981,336,116,286,181,94,114,104,192,37,128,244,7.818079762137579,2,1,5,3349.587634883179
5657,691,672,224,71,280,236,137,431,86,79,277,558,4.913945993000132,24,0,1,2040.702001476681
6798,606,415,181,126,441,290,117,301,102,55,420,135,0.0461220132528517,16,1,1,3672.389014299534
3804,881,548,103,214,295,274,93,355,173,55,463,687,7.277109853863891,25,1,3,0.0
3074,1282,382,214,173,159,383,56,241,127,18,348,720,9.520684653596236,23,0,4,0.0
9981,2937,367,450,77,250,97,93,119,53,71,353,191,7.697408170440959,26,0,2,5000.52457665721
5175,743,237,450,191,160,160,189,199,185,54,359,305,5.285788213668766,11,0,2,2049.1932964721464
6924,967,670,236,207,234,132,147,380,136,42,196,146,5.875302205397953,7,0,5,3633.7178870702037
5089,1365,651,386,216,430,153,29,268,120,13,337,42,1.5843044879251533,0,1,6,1066.9210403617287
8475,2061,689,488,234,138,123,121,465,66,22,251,996,8.834815879803724,28,0,3,2830.45738192919
3040,1733,341,327,182,352,104,72,482,199,61,268,364,5.970081050324937,8,1,5,0.0
5081,1103,302,115,61,477,366,189,424,151,47,121,602,2.481662484381851,2,0,2,924.2753427179297
8796,2160,241,397,212,205,51,155,332,185,74,109,334,1.0043731063114725,5,0,0,4422.3043250831315
8497,1596,346,311,218,332,291,94,190,71,55,143,599,2.6765629991400894,7,1,3,4288.087025464919
7683,2515,265,345,112,453,307,103,357,89,98,287,708,7.661782439431334,12,1,1,1986.2873661080312
4622,2158,392,385,219,488,381,171,495,199,10,253,180,9.552001151721118,3,1,4,0.0
3341,2233,497,381,174,269,59,70,127,153,41,497,174,2.3342178167673744,8,0,6,0.0
7052,2113,237,276,242,316,125,90,143,182,58,239,805,3.096951180852816,4,0,0,2285.6774541893515
5074,1359,701,130,287,447,307,168,240,58,28,119,56,8.054871517087621,11,0,0,1095.213587856573
3645,2379,627,149,242,113,170,127,184,109,90,390,264,7.285913926607895,10,1,3,0.0
7826,1776,551,242,155,115,370,25,398,69,61,464,856,1.2353997945877193,13,0,1,2722.6955467621074
7263,512,525,151,220,318,264,50,410,135,48,313,654,9.105235356951368,11,1,1,3678.3511225301345
3609,2846,237,332,237,485,294,159,491,172,71,162,747,2.3404956934173793,19,0,0,0.0
9411,1599,296,265,197,268,386,120,479,83,50,244,538,7.680159922504648,4,0,6,4928.989092435385
8868,1574,307,137,147,113,229,160,419,141,85,314,442,6.511556849740577,24,0,6,4813.815442682702
9136,1286,350,119,168,342,390,68,472,174,29,435,172,4.682104305909997,12,0,6,5059.680106580787
9964,648,273,198,275,418,349,50,367,176,31,186,5,0.8740284091117523,22,0,1,7015.802930723466
3454,2254,256,314,240,107,339,28,396,120,40,341,550,8.925672175513883,9,0,5,0.0
5953,2669,534,143,168,382,122,174,143,81,96,378,15,5.30370844531359,12,1,5,900.1417964186147
4708,1803,451,210,201,210,258,135,110,158,65,322,767,1.1322982075041232,4,0,1,0.0
6472,1679,453,188,269,139,290,134,374,144,28,242,818,4.768182811886136,16,1,1,1818.126053280742
5969,2923,584,418,252,167,222,70,480,74,75,496,796,1.0381121621065825,23,1,2,0.0
6028,581,655,217,249,222,54,91,415,113,75,497,224,3.736712531034007,5,0,4,2661.106998059228
7797,991,458,338,212,416,266,174,299,96,47,492,81,1.1828908638026303,26,1,5,3884.7059134581978
5681,2903,664,171,90,265,263,147,298,118,48,235,867,2.621639142773966,9,0,3,0.0
6629,2525,233,409,171,302,374,187,220,175,85,216,256,8.113782991344141,8,1,3,1444.3002821238085
8695,1424,694,492,65,227,359,81,113,78,37,170,140,2.3260395396528057,13,0,2,4827.700427332003
7225,1796,525,498,171,463,87,77,163,75,20,422,901,6.379719047912225,24,0,2,1899.606476929719
6067,2103,437,403,129,251,110,162,319,112,30,455,531,2.303314635230973,22,0,3,1055.994069372007
8941,2096,740,262,155,245,144,186,251,134,38,122,101,6.161685751150815,27,1,6,4389.238607379158
4386,622,665,350,55,148,282,89,345,108,51,180,865,7.441919894401016,1,1,3,639.231890016576
6776,1207,503,456,69,102,326,27,485,96,21,396,81,1.0329133999053042,15,1,1,3013.77567340109
5866,2877,316,294,233,350,85,182,194,71,11,188,637,8.47761526393506,19,1,2,432.289039545636
7788,1490,406,159,293,176,50,82,367,158,49,442,966,9.136646562840617,27,1,6,3093.0916019629226
6363,2870,680,197,293,319,199,50,292,147,72,387,548,3.723610508375974,24,0,2,157.84591675483145
8490,2540,602,455,252,497,264,189,157,140,42,472,501,8.775436815218232,14,0,5,2305.5162337140973
7889,2980,786,454,185,484,95,107,193,116,55,292,463,1.1610425775606736,2,0,4,1637.4613738529463
7124,1209,432,172,261,447,114,134,397,158,19,126,461,4.254307728655016,23,1,0,2997.598895151026
3148,1293,483,321,273,478,55,60,100,83,20,317,973,1.6111805603207874,0,0,4,0.0
6850,1211,679,218,146,327,130,20,461,120,25,419,387,9.612458217353328,14,1,6,2796.68524514919
8415,2217,208,281,55,217,238,93,427,168,17,172,653,7.742970842773004,23,1,5,3536.827471418509
5058,756,578,483,269,366,200,52,496,115,56,422,64,6.200034209814619,28,0,1,1248.210370535013
9819,1712,580,317,57,334,197,127,305,61,55,462,311,0.7115401732477444,10,1,6,5229.278532921999
4136,1370,559,355,239,267,77,56,292,64,13,280,928,1.6579258027201482,22,1,1,0.0
3186,2231,375,495,63,359,214,143,323,175,53,109,199,3.5053121301333414,25,1,1,0.0
5854,1308,684,187,180,292,184,76,137,65,26,150,346,2.2776349240375895,18,1,4,2227.2402942860053
9887,770,604,460,179,283,303,30,431,52,91,259,736,3.1111289819532537,1,1,6,5637.368272985189
4250,2043,232,374,71,109,354,103,407,97,14,292,761,9.684148695808798,19,0,6,0.0
4333,1049,664,435,274,436,261,66,210,140,81,145,377,8.016283368272974,0,0,0,333.14729990185106
7193,1637,356,125,284,426,329,108,351,96,62,299,349,0.6999189316622356,15,0,0,2768.5195447628776
7150,1067,764,220,134,458,129,142,435,194,14,202,403,0.5607698019922536,8,1,1,2837.9246697702897
9766,858,401,388,247,240,318,151,183,94,44,237,389,0.45835678012038916,23,0,1,5981.263632270085
5711,2173,374,461,281,121,397,102,463,147,32,443,896,7.194950933539842,12,1,0,0.0
7853,2137,443,129,248,411,64,96,259,178,31,335,520,5.136477458320837,23,1,0,3070.37055482721
7501,1857,468,301,183,477,136,159,254,69,68,438,54,1.4798771284744017,23,0,2,3029.9007569302025
9212,2212,645,481,227,292,272,147,197,142,75,289,31,9.39649251235084,24,1,6,4185.472407580744
8408,1862,273,135,93,191,374,85,288,119,45,216,864,2.0080776031232306,2,1,3,3855.9825110348684
4785,1297,295,224,57,196,140,184,185,102,76,170,761,7.21875600225271,28,1,4,1074.7125929295853
3750,1784,372,322,73,240,365,170,161,158,37,409,529,9.984975651100553,6,1,4,0.0
4762,1386,605,334,76,356,315,74,358,142,96,310,804,9.9054049693444,16,0,5,0.0
6920,2258,354,223,230,137,356,166,180,157,82,384,190,6.193375023631064,12,1,3,2281.6636385795373
7460,1722,382,270,100,346,369,86,481,123,92,371,786,1.5310158604622448,16,1,3,2331.673420001144
9122,2758,522,280,205,355,155,170,446,74,32,330,352,9.928118683579338,7,0,2,3455.540858749077
3481,786,488,314,236,397,302,23,458,78,22,296,132,7.267336744873801,6,1,0,26.114348741705953
9344,2215,457,217,297,184,248,37,465,164,82,372,311,8.26924442576941,24,0,0,4329.4272036853035
3153,2285,786,326,118,136,105,31,194,84,78,308,139,9.813485116896349,13,0,2,0.0
4524,1242,373,478,260,284,288,54,386,96,39,141,448,2.0320181155028685,27,0,0,127.59402953932073
5120,2005,529,136,250,197,396,174,320,176,65,195,197,3.2219602227764597,21,0,2,526.3395406203651
9856,2540,430,416,74,417,390,62,291,95,69,346,208,2.4593047905531806,8,0,1,4620.560096715633
5343,1546,360,195,93,486,267,97,269,85,96,395,391,9.90954317550878,7,1,2,1026.836271171874
8136,795,385,219,224,129,261,114,157,120,30,369,644,6.544638105569957,0,1,1,4575.914480047459
8760,2553,342,111,168,290,238,86,142,187,86,259,482,3.10574984782125,23,0,1,3885.661642885832
4240,1180,481,221,158,437,384,83,259,95,51,250,795,3.703418982359689,10,1,1,0.0
3060,2391,226,134,169,378,151,112,257,147,57,159,462,4.540704363974358,25,0,5,0.0
3938,1294,445,350,62,300,192,122,334,146,85,111,827,4.386154523425374,26,1,3,0.0
4639,702,686,166,230,421,334,71,438,75,31,185,91,1.7356471823741892,15,0,6,1142.429197213233
9185,824,401,137,102,288,119,36,482,62,77,216,343,8.564864651575036,28,0,6,6098.377188966121
7120,2791,220,379,86,357,385,52,400,174,82,157,89,7.723911700161703,14,0,3,2070.5373041892813
8158,826,790,329,240,254,114,91,493,56,59,377,71,9.136256703670933,20,0,5,4480.191770619818
7226,1486,293,436,243,418,247,199,243,105,72,291,354,5.255181876341386,8,1,0,2767.6617294448706
6569,1260,207,267,164,327,65,182,109,79,57,429,79,6.719775207252395,8,1,1,3280.11984648532
4252,1536,671,427,89,104,359,167,429,104,75,495,582,7.5397946272157785,11,0,3,0.0
7203,1406,538,345,127,228,312,100,447,55,64,455,528,5.9429431697689825,16,1,1,2707.8015069084818
3171,1903,458,178,238,173,109,64,367,57,45,442,562,7.041380315518571,26,0,5,0.0
4458,864,254,213,144,464,59,96,255,122,84,379,438,5.340447075152651,18,0,3,1054.5670039220795
6549,1744,747,400,183,123,358,87,117,177,38,119,98,3.9944293369561956,2,0,3,2318.7012388079893
7197,2620,205,316,74,414,57,69,383,124,56,230,319,9.828856841570804,2,1,4,2341.848667231491
9667,2148,576,299,152,378,390,177,330,119,59,298,926,4.775389519373872,9,1,4,3880.154391166478
5322,1569,753,480,95,305,139,21,369,89,18,122,698,8.379084779343072,21,1,1,692.8465457838486
4636,773,249,451,208,245,86,140,363,129,85,454,582,5.980331313781303,7,0,3,931.2832996297592
6115,2755,311,341,151,188,133,53,455,66,94,132,562,2.723555469483707,18,1,6,778.5757525292788
7090,2452,345,112,257,121,283,199,358,137,71,470,834,1.1290175494433496,18,1,4,1439.852653987278
9960,2384,429,465,240,399,299,35,301,184,14,145,17,9.150503990406756,28,1,0,5103.897416724314
6004,623,696,306,140,143,289,143,236,89,16,134,628,3.3729079181343966,21,0,1,2690.822279299083
8136,1852,505,361,143,136,153,190,146,153,53,121,666,2.9533567396111127,13,1,6,3422.6525201710274
3329,2191,741,196,117,106,260,83,162,107,46,133,208,7.472147039542421,22,1,3,0.0
6640,2607,660,170,88,379,274,174,176,140,12,135,159,6.45981893525529,6,1,6,1774.7854932157463
6894,941,425,402,129,268,328,84,441,103,24,200,74,6.606866023146063,7,1,3,3263.0086696492162
8616,1740,258,448,213,169,215,32,220,58,92,253,715,1.317313400802348,4,0,6,4329.620947685795
7107,1410,275,329,184,312,350,59,112,100,12,140,685,2.4810536061250996,28,1,4,3326.9190885956345
4341,1525,627,456,134,170,95,179,489,187,93,109,675,4.958348093285992,5,1,0,0.0
6663,2059,331,399,115,306,51,86,278,98,88,456,75,8.687874271661478,21,0,1,2353.1433802576917
3215,2241,697,131,104,171,225,33,415,58,84,213,651,4.253955285699853,24,1,1,0.0
3338,2234,792,349,121,415,322,139,430,171,23,490,314,1.4180825861739166,28,1,4,0.0
8895,1125,504,353,91,279,167,139,256,175,13,141,211,4.003153552362402,8,0,2,5459.318524302704
7062,2190,266,358,204,307,321,77,115,75,44,238,681,2.9159812448705558,28,1,6,1895.1481368815832
5708,1497,429,281,179,276,222,111,345,177,17,171,322,9.94591460885255,2,1,0,1774.6231997945054
6152,590,532,439,119,294,353,65,291,76,94,170,286,3.7586662781439317,20,0,0,2732.3231265857844
4750,2714,476,265,181,400,201,109,440,133,44,209,260,6.155841162788711,22,0,1,0.0
8604,706,783,103,70,492,242,145,154,132,77,206,595,5.747348476366248,11,0,6,4910.933741094715
5421,1588,343,244,50,471,141,129,433,67,45,352,743,1.7008461070506509,16,1,2,798.5752636804468
3709,2411,450,264,215,338,210,134,410,99,87,171,362,1.3013114127662218,26,1,3,0.0
8319,1015,279,443,109,253,155,140,287,92,53,324,686,0.17669628798757997,13,0,3,4511.6892246094685
9609,1680,256,461,125,253,278,52,268,90,73,233,247,1.3741131112946892,14,1,2,5710.569501574046
8208,2292,565,204,140,129,152,65,307,153,76,145,681,7.266756836336084,18,0,5,3140.717029233845
8387,2853,507,135,191,126,181,101,108,67,29,488,768,6.326501221228797,22,0,4,2860.595010692234
6726,2401,373,413,256,339,306,144,105,149,81,179,183,2.840398433494941,18,1,3,1791.6796901772716
6642,2505,661,268,137,342,338,73,201,102,66,211,138,2.1521867823566487,21,0,1,1555.3771820717816
6993,894,795,107,131,231,150,85,245,129,64,369,748,0.3141536069081363,28,0,4,2887.149004452202
3488,1597,692,185,66,278,350,151,379,102,23,133,168,2.8309994454723366,23,1,0,0.0
8657,686,759,196,122,438,70,73,150,62,10,157,803,3.363288343128048,7,1,5,5022.763951342454
3046,2097,573,414,224,197,298,133,372,75,66,405,634,8.650985716251132,23,1,4,0.0
6359,2091,548,129,259,425,241,23,327,161,93,316,286,0.13647011763241568,16,0,4,1420.6332163899126
7873,1229,266,200,105,336,122,164,376,139,23,441,318,2.6393219827682115,10,1,1,4201.264776470186
8135,739,529,166,176,434,362,99,182,105,60,294,87,9.529298656343041,18,1,4,4806.878129317338
7806,640,393,487,102,237,217,92,417,134,67,204,958,8.519173808889025,4,0,0,3668.5264221200246
3400,638,354,448,177,217,111,195,446,198,18,482,507,8.81799755375644,21,0,1,0.0
6990,569,359,162,195,205,220,196,216,57,96,368,398,0.02848690274826038,2,1,4,4061.9300223193322
8913,884,465,131,246,135,170,170,174,179,89,225,824,3.622571854232871,22,0,3,5123.844673755087
6157,1129,367,186,97,145,265,46,472,121,57,333,385,4.809594047485685,5,1,6,2405.194781358865
7345,2745,344,310,186,203,223,44,409,119,36,184,284,1.0774316505916814,10,0,1,2086.840287954047
3390,704,385,150,103,489,73,112,494,55,81,448,826,0.8035115293543382,21,1,3,0.0
6853,2249,622,162,212,463,187,171,270,71,37,300,296,3.572709412908025,1,0,1,1813.5801747267249
7430,1067,656,179,285,459,148,99,313,144,65,203,853,9.207834120072164,12,1,5,2893.924333613155
3628,1481,544,442,297,169,373,111,476,111,91,441,40,4.00445764246525,25,0,3,0.0
7232,1304,753,331,223,306,106,39,310,118,43,322,250,7.567181779069676,21,0,5,3111.769836180646
5930,2210,715,465,50,320,296,72,491,135,11,144,138,5.980583846289239,9,0,0,973.8622531711744
9831,1381,303,200,90,188,221,102,250,106,33,258,247,8.874164923510913,15,1,6,6416.320258934319
4521,2535,446,228,122,102,250,93,339,161,83,268,606,3.3346157261352785,4,1,6,0.0
3826,1473,222,118,209,397,380,173,220,122,58,145,381,1.3312043281503882,18,0,1,0.0
7822,1139,724,456,261,465,156,149,408,142,49,357,979,1.3686832153189654,26,0,1,2528.106577991283
4500,1954,343,193,126,330,97,22,314,167,17,223,874,1.882327902675297,0,0,3,0.0
9737,824,392,180,89,217,382,122,395,156,78,490,934,8.087218399568505,24,0,5,5346.5308567571055
6294,941,664,202,188,410,335,85,364,57,76,239,718,5.712206858731205,23,0,1,1982.5394068059913
8085,1303,574,468,239,494,95,172,251,153,39,419,98,5.456647973900922,21,1,3,3691.7899564424315
5419,2835,465,253,223,213,169,128,431,169,61,142,464,1.230085377243103,28,1,4,0.0
3934,725,577,368,97,301,109,34,175,190,48,150,131,1.7766944949056518,6,0,1,1061.5217868320892
6042,1587,749,217,92,129,196,154,323,110,80,438,755,2.0527679877333096,27,1,2,1231.2461929720714
7497,1466,755,441,228,463,153,147,229,185,94,466,30,7.527059618224714,17,1,5,2753.9565132009716
4466,1059,273,378,238,346,117,101,350,166,22,375,732,6.955656514828337,5,0,1,372.6761771029062
6561,1213,637,462,295,180,211,90,425,163,98,496,797,5.835302352013425,4,0,2,1443.1922244277944
3614,997,425,324,91,345,264,60,359,154,11,328,444,1.0173454061068432,26,1,2,0.0
8392,2607,507,367,203,283,167,145,416,76,75,324,452,1.5413309861281421,25,0,4,2959.9371621486434
4182,756,547,236,153,372,286,191,304,103,75,413,604,2.5728904504100383,0,1,2,186.8566186432347
6223,1076,675,325,60,132,267,142,225,180,88,414,531,8.30867598614255,1,1,3,2092.0490278178104
5667,2786,514,433,74,201,173,52,291,82,24,302,456,7.223075259022236,8,0,5,197.28818026117622
9331,537,724,328,89,376,166,170,135,78,68,498,244,9.148003297469863,6,0,3,5929.274452434332
8217,2572,624,422,74,210,312,83,140,142,27,272,868,0.3407136045550474,4,0,6,2363.2224615651844
3130,909,723,207,133,305,387,153,458,122,78,402,269,8.212438335223213,24,0,1,0.0
9948,960,761,399,155,365,219,82,265,110,99,181,503,0.24023058711327816,22,0,0,5737.420819323696
8290,1940,448,106,290,314,245,145,437,199,39,130,118,6.65469902885383,22,1,4,3936.068296195635
5983,2904,768,227,168,202,358,190,242,106,87,466,43,6.499193890976982,4,1,6,157.97558440961188
7278,882,381,452,252,394,199,172,403,94,14,453,529,2.679301886261608,20,1,4,3024.8166326289206
7459,2332,305,366,157,177,295,27,452,130,49,140,944,7.488586684423593,2,1,5,1904.8125031681254
3038,1068,390,272,123,274,331,184,333,79,30,308,208,4.222852257022632,3,0,4,0.0
6959,1571,336,313,229,441,240,112,327,191,73,373,592,6.333805535652206,5,1,4,2114.032524345133
9640,932,319,346,162,151,223,47,290,129,17,195,441,6.302345213460683,11,0,4,6281.166557901811
6587,555,271,205,180,396,130,72,124,195,15,109,764,8.815194651198016,5,1,0,3535.600083587917
8468,2815,330,182,88,274,221,139,359,159,99,364,837,6.74154407477074,27,1,5,2319.1078702100694
3920,2616,656,391,140,442,213,143,117,165,77,471,276,6.706358572608817,12,1,1,0.0
5769,2251,678,473,212,298,346,74,219,102,67,254,760,5.964430763511372,6,0,5,0.0
7111,2547,251,302,290,187,160,183,452,192,61,381,693,1.0015997911063657,5,1,1,1481.0504777595274
3492,1401,773,140,296,270,256,162,183,171,39,348,809,3.0100963744178264,21,0,4,0.0
8545,2124,318,304,217,136,387,73,312,98,66,184,265,4.5940795981540266,4,1,0,3798.699747936572
4131,756,463,447,272,222,119,80,428,82,36,128,363,2.5032228818592186,15,1,0,818.2045863391604
6521,1171,438,148,262,300,147,116,164,62,53,119,347,1.6557783415365224,21,0,6,3209.604242035867
3310,989,550,242,71,163,54,73,466,196,78,428,612,5.116968117775231,2,1,0,0.0
3738,2596,454,240,239,287,234,48,126,134,20,242,812,8.351692039075001,15,0,2,0.0
6241,2182,508,152,68,314,253,100,306,105,52,279,182,6.340848700205765,7,1,3,1716.0482638241515
3545,815,694,206,63,474,61,128,187,86,44,314,532,6.9466979960482735,21,0,0,0.0
5461,2960,256,132,278,342,288,46,335,107,20,205,960,1.4144581000571221,18,1,2,0.0
7346,933,602,299,292,249,380,134,149,58,63,461,296,7.97531714137971,23,0,4,3408.775191916184
7854,1525,266,218,158,223,329,159,282,181,59,435,579,1.1099709162931881,0,1,2,3355.347170380573
4804,2475,245,387,227,297,164,145,493,120,70,228,740,2.8203478989586173,0,1,3,0.0
6212,2479,568,328,239,135,259,42,464,190,14,414,748,8.769484638613372,20,1,0,231.54496705399896
8393,1889,431,217,264,401,368,69,332,153,35,103,510,9.217970063539719,19,0,3,3568.682791391826
8727,919,601,275,267,377,182,94,285,112,42,417,947,0.8768714537522426,6,0,1,4286.832187806661
6810,2096,760,284,92,134,272,107,188,110,32,319,111,1.6212043534087683,14,0,3,2396.482075552632
9010,2084,222,417,104,212,394,174,486,57,67,284,645,3.584182122816899,17,0,0,3941.377941982069
3813,1343,773,437,285,274,230,78,185,139,80,481,24,7.164650969472905,10,0,5,0.0
7124,1967,466,314,217,132,77,28,203,76,18,287,64,1.4907288729995694,1,1,4,3250.238322463397
8053,933,317,320,61,312,242,52,209,94,25,390,739,1.5473265024260296,5,0,5,4233.007715851945
5032,2078,799,229,242,302,350,89,219,63,82,262,253,5.454540380391819,17,0,6,0.0
7572,2604,254,432,291,496,305,198,187,155,53,463,233,5.901571513402697,4,1,3,1828.9839999024766
7413,1463,352,371,211,353,160,187,155,121,37,200,930,0.8795229713478769,7,0,6,2831.0263025381614
3244,1476,438,345,157,155,243,25,254,169,32,254,258,4.050820845767408,8,1,1,0.0
7843,545,464,222,132,422,173,151,189,101,21,274,107,7.322277022099581,11,1,5,4760.855993344138
7792,1693,467,107,72,112,140,22,499,100,51,459,807,3.4156805203586016,1,0,2,3285.61406088717
3271,916,312,166,248,149,185,160,393,179,18,368,63,2.4220310797668154,10,1,1,92.72745824826839
6511,1347,365,214,184,347,332,45,460,97,67,409,215,1.1434297445278674,18,0,2,2532.218167781179
4771,2686,207,468,242,332,278,53,295,116,85,361,598,4.646591480084792,2,0,6,0.0
4262,746,416,387,195,127,194,66,122,129,82,186,89,9.401007875134384,13,1,5,1315.0458648680471
5424,729,630,204,185,203,291,155,182,186,28,260,452,6.140556376143005,17,1,5,1759.7645823397309
7361,1291,491,124,138,453,80,95,283,152,45,236,545,0.6655067521206437,21,1,1,3235.008683874491
3920,1136,249,152,91,195,310,155,306,51,86,424,244,2.5840072937680523,6,0,6,482.00882603988964
6430,2921,306,346,142,442,109,166,322,124,75,285,435,7.4070983568215,0,0,0,915.4871631375547
7435,1237,208,436,264,443,138,51,187,63,66,137,717,7.568046243832136,3,1,2,3531.9176019542238
7484,1588,655,380,142,292,150,40,152,108,66,339,791,3.757525057489566,14,1,0,2780.0433308980278
5624,587,522,132,50,224,347,170,301,96,34,399,509,0.669649636193006,17,1,6,2119.242595418625
6760,1212,508,386,128,180,328,110,299,161,22,423,893,5.368645595520004,0,0,3,2149.776241756246
5050,2249,344,135,192,106,170,108,294,176,68,131,677,7.3254984956096525,7,0,5,358.8539811976228
6500,1727,611,442,205,429,292,90,103,177,22,486,864,3.3179284039902512,14,0,2,1062.5512063898204
4165,2436,313,478,213,182,126,61,460,82,36,325,180,7.886684541529769,27,0,3,0.0
3375,1905,774,338,155,123,322,54,120,152,49,205,439,3.2937098120658104,27,1,5,0.0
5033,1100,598,316,281,492,107,149,409,67,92,158,16,1.6887209403207437,13,0,4,1259.2095498462936
9467,1999,474,276,273,213,296,125,343,199,95,495,480,7.9889978914238196,23,1,1,4358.656503686581
3145,713,323,143,95,114,145,95,225,150,61,199,235,1.336646463618394,19,1,1,752.1193124826734
9077,2621,285,403,254,212,94,71,464,54,26,466,235,2.442788144663961,5,1,5,3971.8764412869086
7388,2608,781,257,70,477,340,36,300,81,60,273,654,8.533966480039012,11,0,6,1672.0793637792717
3431,1197,246,368,226,441,307,105,151,165,11,240,354,5.228809705471504,3,0,1,0.0
3704,1742,400,270,216,349,352,28,342,122,21,404,13,1.5421619040734036,15,0,6,0.0
9094,2559,475,320,87,244,308,199,310,63,37,446,700,6.156295838309569,7,0,4,3230.672343070834
5632,2579,748,499,58,118,295,22,244,113,99,346,960,5.8594643325854765,21,0,6,0.0
7494,1683,329,329,69,108,289,41,143,81,34,168,941,5.512569992524453,8,1,4,3139.368387445752
9960,1500,647,190,133,419,177,55,206,186,40,163,525,3.4054659336691273,22,0,5,5777.486890077743
3963,736,588,230,57,284,251,186,251,158,36,253,357,4.066658978600779,6,0,5,640.4522346142007
5234,1704,775,325,63,137,325,37,212,97,68,148,748,7.6092895832520435,22,1,0,617.5264648385829
5041,1981,462,324,111,310,256,100,489,101,10,310,676,9.262690343566515,3,1,2,0.0
4828,1603,477,242,261,491,89,46,322,158,44,335,587,5.779587219665688,25,1,5,238.48724684136437
5108,1146,245,165,212,233,370,137,254,186,10,319,372,9.324351075843584,6,0,2,1421.3544934473973
7068,972,367,127,104,201,395,115,273,157,18,293,226,1.758127102287621,8,1,2,3787.7238211980325
3938,611,644,224,94,248,368,160,446,81,42,358,543,2.9006856838989368,19,1,6,164.5738532998704
7805,2345,245,311,198,192,105,36,446,157,53,248,513,8.359086184295604,24,1,3,2911.5344815391136
3806,2154,739,179,282,389,209,80,262,187,62,464,864,9.632256199320468,16,0,4,0.0
4463,882,286,337,102,239,371,165,284,142,56,266,401,8.904287082331056,18,0,4,767.8962566096006
8421,516,584,231,282,394,145,36,495,118,88,433,110,4.914138727301661,16,1,6,4814.484102401682
6415,992,464,427,231,451,165,67,384,60,88,137,249,8.108496470153243,18,0,4,2780.4420292963187
3010,2396,221,399,135,361,261,35,412,77,94,127,143,2.011345924989114,15,1,6,0.0
8181,2009,649,218,220,180,136,172,297,137,55,400,856,3.172865506237579,20,0,6,2733.9258469735146
4868,616,431,145,55,131,356,46,154,155,27,201,345,9.985672238436088,26,0,1,2213.8111985773253
9369,2078,385,183,232,287,317,33,170,89,25,161,260,1.7863036619838935,20,0,3,5128.62837302303
9707,1379,525,381,93,235,93,111,297,165,68,372,143,2.425821065138005,12,0,4,5706.817322764375
7867,2662,382,451,140,265,132,130,152,187,88,267,107,7.2283405171232165,4,1,4,2884.031922806708
8690,2318,596,112,245,246,260,135,113,75,61,330,335,6.690821205762322,26,1,2,3862.0133419234726
8703,2072,680,224,53,344,395,136,120,92,62,209,522,7.180552961357289,16,1,2,3606.640733384818
8429,2148,602,424,170,282,58,69,459,120,69,134,519,9.501087038730269,19,0,4,3440.917125405881
3884,1143,662,271,112,108,206,48,113,161,18,309,450,1.1977031755249634,21,1,1,280.9599011835815
6564,1859,616,333,141,255,397,47,408,164,37,284,820,5.778561441879609,4,0,4,1365.2484805500078
4389,835,401,280,296,417,238,168,214,128,75,312,315,2.5710427880006748,19,1,2,815.0614540402277
6401,646,264,150,268,275,369,171,451,111,94,380,207,3.9426678544078664,16,1,3,3156.323883981723
7321,621,754,368,235,213,180,65,317,159,84,370,518,3.242508844149139,28,0,1,3337.5452029245243
3824,580,216,268,231,342,264,79,482,94,31,466,731,9.307020432339723,28,0,0,71.2028237452264
5265,2922,382,494,130,266,164,118,294,179,44,348,641,9.46356669198567,20,0,3,0.0
3936,2610,590,415,280,322,172,167,306,143,50,246,882,4.982228587459656,12,0,6,0.0
5800,1003,243,387,87,290,382,71,440,96,89,278,866,7.288019555400968,10,0,3,1691.9561068101998
5553,1167,681,373,237,374,368,169,449,116,40,240,30,2.1145575605532727,10,0,6,1461.3348639395383
9402,2996,462,448,101,388,241,87,210,78,72,195,778,3.3799316848230907,17,0,1,3303.864026806183
9007,1944,373,306,206,163,197,163,266,74,68,450,232,6.582235860377783,3,1,1,4437.131741030787
6845,1845,640,247,217,381,77,168,200,159,19,305,970,6.724771289919377,3,1,6,1517.111387897124
4796,1689,765,399,248,272,173,191,268,53,45,124,64,9.089632332911052,7,1,4,534.6685984240856
3053,2120,419,136,57,356,126,81,255,118,94,355,60,7.544556613718152,17,0,0,0.0
3726,2480,757,260,154,302,124,168,357,112,81,310,696,8.426750285463314,26,1,1,0.0
5736,2172,593,482,274,176,235,123,377,55,56,250,93,8.233693418409246,1,1,1,826.7585565497284
8640,958,394,374,273,202,88,158,335,132,67,310,605,2.71286150799124,4,1,3,4507.865840662776
6170,1712,608,387,212,325,283,139,227,67,56,180,800,8.136374971626076,18,1,4,1176.8682156083307
8139,963,670,205,259,325,297,56,451,165,31,414,139,2.063415347463895,4,1,4,4223.003778173284
4913,1411,546,121,164,326,378,191,222,151,39,499,457,0.12601855380328209,1,1,6,520.4798204265901
8872,2926,661,332,172,195,180,143,288,85,32,451,182,6.157789056659976,3,1,2,3164.5123712281334
4596,1525,260,221,284,175,54,41,435,125,88,406,749,3.643756085816472,24,0,0,103.82516592634175
4914,2911,365,228,65,132,397,190,391,137,56,472,298,6.70009892067543,13,0,6,0.0
5466,571,350,409,67,181,308,40,436,191,63,208,963,2.2229907397243642,6,1,2,1549.4086963266814
5737,1950,310,316,236,168,294,180,404,88,99,237,617,2.505270566606895,8,0,4,880.8185402089326
3849,1693,687,247,279,438,399,164,358,179,25,477,119,8.995546300455356,29,0,3,0.0
5109,2348,748,157,266,318,127,55,378,171,19,400,496,6.648029472381979,12,1,3,0.0
9359,2884,202,336,83,461,385,161,456,83,45,380,480,0.8921891811305693,29,0,0,3331.674377791223
3002,2522,682,169,181,457,164,184,330,107,37,285,613,3.50343035704338,0,1,6,0.0
7255,2742,212,288,246,469,53,178,255,166,51,190,350,6.5025452464840106,28,0,6,2014.8446027654895
7069,1511,361,341,294,498,180,151,208,149,99,163,222,7.165148990206695,25,0,5,2789.4912525305344
7876,1152,543,162,176,401,276,153,460,165,91,271,260,4.970289654092458,10,0,6,3697.3043182453157
3892,1798,648,340,255,219,177,197,427,83,26,251,318,2.5195055793039547,11,1,4,0.0
5030,506,531,284,242,147,58,104,132,174,57,341,980,6.691176506429106,28,1,6,1621.2140472098708
6160,1404,463,358,110,167,373,57,225,151,61,406,529,0.8391925461925653,22,1,3,1724.9890627485322
5376,2528,282,328,263,438,167,98,167,185,69,418,849,7.920900112637922,26,0,1,0.0
7675,1115,533,322,95,184,393,152,344,92,48,251,131,7.558261122424492,26,1,5,3952.137833634925
4933,2373,579,198,198,481,237,185,426,112,60,403,945,2.876880382177198,14,0,0,0.0
4380,1269,418,346,126,476,188,43,366,164,60,119,787,0.6074331841990044,12,0,1,0.0
6681,2789,653,144,295,484,174,37,235,143,14,131,52,0.8932223068092848,19,1,4,1661.1880082328717
4290,2066,288,498,289,375,272,112,375,160,73,261,659,4.26630195384779,3,1,4,0.0
4640,1985,532,372,277,355,377,179,161,69,45,151,239,1.8364222065603353,10,1,6,67.45389314450875
8047,1940,509,498,270,304,355,90,270,133,48,354,565,4.364926737727325,16,0,1,2693.6134664902092
5682,1265,619,104,172,332,308,121,202,133,20,137,27,0.5714093464987924,7,1,5,2229.2865733243757
3987,883,553,110,215,164,116,109,191,95,63,369,238,4.43019372731686,22,0,2,783.1179140011557
4218,2938,299,447,122,498,134,91,174,136,13,251,76,9.027060160199555,26,0,0,0.0
8016,1187,344,497,274,416,111,108,213,181,57,472,162,6.782825882107453,17,1,6,4059.9661854256237
9881,1649,209,138,135,178,63,177,220,111,64,299,913,0.6481687342856479,13,1,1,5711.577965906165
4355,546,243,141,130,113,171,107,313,176,42,363,416,0.8434491795399746,13,0,1,1628.0284597744155
7265,2472,585,302,237,424,328,177,297,187,10,233,804,5.076948589290161,28,0,5,1218.516258797904
7616,963,694,193,264,477,172,152,362,182,94,333,227,2.6366078046528596,26,1,2,3344.67484079674
8582,2372,692,104,213,404,126,23,237,145,90,468,136,4.416409470194173,23,1,6,3420.311486442101
7135,622,368,151,183,489,321,198,267,195,43,270,537,7.6807345558808136,3,0,3,3563.6057425550007
4560,2681,730,249,289,268,195,156,103,110,38,410,0,3.932811509192552,9,1,0,0.0
4418,2142,535,304,216,258,318,74,300,112,76,379,152,3.0051530441343246,2,0,2,0.0
3954,1340,712,399,206,215,105,52,201,138,33,447,87,8.953153986466976,4,0,1,53.89651507195394
3983,2085,329,470,204,445,267,134,118,54,75,166,669,7.135722357135416,20,0,3,0.0
3974,2303,738,286,118,291,222,112,465,148,80,105,553,6.344314614109191,12,1,4,0.0
7133,522,713,252,186,444,89,50,121,70,70,165,75,0.7188013580870001,19,0,3,4380.320630569535
9471,1065,449,482,201,282,208,127,458,149,84,243,235,5.008803614845975,21,0,4,5507.755417485235
8370,2409,337,215,240,472,81,102,228,68,52,161,250,8.947531298585643,4,1,6,3891.4195189000516
6972,1464,474,248,196,477,297,85,468,118,98,332,398,8.223778665165701,1,0,2,2272.8704408312433
8295,2782,663,319,146,330,178,167,248,181,92,312,723,0.6437837287202075,15,0,4,2158.0369044561417
8721,1495,340,291,172,267,340,133,490,84,84,245,730,7.509947193379345,6,1,4,4036.615032520154
3913,1687,455,332,207,114,85,104,337,108,54,350,92,8.738163406942908,8,1,1,0.0
7549,2294,655,423,235,292,397,55,106,91,44,212,321,2.439678828568703,1,1,4,2397.9345668654087
3036,1325,633,320,217,332,115,103,432,176,42,179,526,5.209818990609975,27,1,4,0.0
6387,715,372,146,293,362,334,127,122,150,78,245,610,8.855997900338066,27,1,6,2905.253767462814
4711,1156,672,226,168,153,206,39,189,135,76,369,777,8.806228431451224,25,1,0,475.38701609772045
6020,1613,622,390,245,279,92,192,117,98,21,253,696,4.1278176338769645,1,1,1,1420.1730266586956
3795,2487,638,314,296,103,324,119,472,90,77,169,153,5.071665823308058,17,1,2,0.0
7036,810,256,106,81,356,170,65,170,126,41,366,417,1.0618246145802357,27,0,6,4177.0145292693105
8068,1056,697,283,162,460,241,136,165,154,33,101,519,5.343446394457397,22,0,6,4038.9278078884413
7688,2804,368,215,114,421,80,37,152,98,60,380,697,8.610705611122668,12,1,2,2237.494272705624
8233,2056,781,151,211,339,68,116,291,120,75,349,64,1.727835373139005,5,0,2,3675.4891545375567
6111,551,760,465,134,262,334,165,241,133,78,349,255,4.582834299646793,3,0,5,2417.239564413377
4324,1861,627,145,208,436,122,53,124,113,21,267,142,6.432341811717839,28,1,6,55.50359296113801
9367,1694,618,492,108,237,125,98,349,83,34,108,195,0.48568631852572763,23,1,2,5364.682950581467
3317,2148,546,122,255,423,237,150,132,151,33,441,450,0.36555140414745946,1,1,5,0.0
5396,2847,716,230,75,328,228,91,275,150,98,400,553,8.489702473035344,29,0,3,0.0
5162,1171,654,226,199,201,387,158,138,56,53,239,129,9.650568715481652,29,1,0,1556.4666516166178
5745,1277,401,364,211,292,355,193,477,172,54,141,402,7.60763307748017,29,0,1,1427.3526346876727
8442,1331,378,408,274,406,186,189,467,72,66,223,914,9.631879337303547,5,1,5,3500.518851083826
4591,2779,256,295,170,129,211,36,311,176,54,280,301,1.5343156876788666,12,0,1,0.0
6111,2360,700,147,62,394,339,66,463,179,27,257,360,8.701830900535068,26,1,3,794.7800432686182
8985,2029,311,478,273,346,96,49,232,107,60,401,338,9.058766445877616,0,0,1,4349.270787639856
9183,2575,347,181,104,493,73,190,212,60,29,169,248,2.9013667800327436,20,1,5,4339.181311970708
6930,2472,577,208,185,320,385,155,248,56,38,446,83,6.481703617001725,23,1,2,1609.2258482191014
4996,1574,547,362,239,271,333,59,414,115,95,325,688,3.0584641777022457,0,0,3,0.0
8868,2216,557,454,199,259,223,167,475,159,85,159,247,1.0930338233601622,1,0,2,3624.961082326339
4312,1783,255,130,282,271,356,95,176,80,72,220,185,8.13063097493821,16,1,3,510.7427827867622
4285,1090,515,457,105,162,311,104,113,95,43,154,420,9.059502741252233,26,0,2,600.4350553179611
7311,2486,384,155,133,160,279,175,153,119,77,409,833,1.1007100758304877,13,0,4,2020.2275116985786
5383,1501,253,454,198,164,240,47,352,102,14,434,792,6.481913912958447,19,1,1,644.1927257131794
6239,2731,236,288,147,268,167,78,272,142,83,354,870,9.710385732880255,8,0,0,443.1823279015274
5139,1546,469,104,226,180,102,99,268,117,31,158,469,2.7312160332017,19,0,2,1346.6894359879545
9496,2676,707,385,143,346,241,93,191,95,34,135,929,7.509945456403856,22,1,6,3527.358721429148
9714,2838,427,377,183,367,109,26,482,86,71,157,853,4.122929916069719,11,0,1,3790.4711089811726
9959,2355,627,244,84,479,60,87,228,125,10,412,203,0.6370813538077036,4,0,6,5132.596476072216
4704,1000,200,493,204,357,309,43,229,74,83,206,749,6.997122430942863,24,1,1,763.068782367475
9924,2733,222,295,261,172,319,117,171,61,88,192,934,2.4591525454571728,29,0,3,4318.51112367247
3362,978,702,126,175,431,190,60,354,66,49,490,139,5.964173654593965,20,0,1,0.0
5604,2094,647,226,162,287,192,73,240,177,40,407,687,0.706946670690406,5,1,5,183.9351693006672
4716,1012,695,234,279,124,162,33,406,144,90,406,621,1.202246407452775,5,0,6,567.5640260528671
8289,2832,624,122,217,327,313,191,225,168,85,192,894,0.05768621742778479,16,1,5,1988.73100378077
7451,1100,217,430,63,217,393,68,350,58,14,113,478,2.1784310345189404,14,1,4,3945.42339096848
7286,1940,644,216,123,207,60,82,101,167,57,301,116,1.3067955365965456,18,0,5,3335.734713805579
6738,1623,760,491,101,341,148,64,109,78,82,357,827,2.936638485179055,26,1,5,2026.2173833361044
5469,688,758,107,155,198,72,91,473,166,60,298,991,2.0411275873482184,28,0,3,1373.50719058153
7795,1488,238,200,256,121,288,125,385,177,90,219,355,2.6359793486825778,17,0,1,3723.8444155737952
9150,2381,409,360,89,155,158,26,323,192,38,472,653,1.287235142582892,22,1,2,3884.323631248239
9276,887,410,298,92,248,312,22,164,186,60,390,153,1.7759450701733737,19,0,3,5850.04652674167
3556,2788,764,185,161,410,374,107,208,190,64,319,219,2.8198943391130005,11,1,0,0.0
3825,2305,480,327,235,139,209,194,399,96,51,267,0,4.362763613502882,8,1,0,0.0
5808,2533,332,485,52,249,269,49,141,180,90,277,137,2.6277417820415137,18,1,5,1005.4580310850475
8150,2254,648,278,192,220,221,24,358,171,87,253,214,1.874401067883631,6,1,1,3342.8463110617563
9678,2964,463,339,222,359,143,123,210,195,29,451,418,6.365332027508276,14,0,5,3814.5405052041383
7521,2723,310,111,144,125,171,132,127,187,69,242,974,3.625826065769935,4,1,4,2127.7972329973645
5719,886,754,402,188,211,349,26,150,173,48,462,564,6.0335835926413,1,0,4,1635.6443668404238
9506,1994,437,333,287,468,246,186,470,52,70,314,380,3.9949839886618332,16,1,6,4373.687744245728
6508,1352,656,282,216,122,100,149,312,197,73,237,940,4.136973992355766,10,0,6,1771.4586272434478
6741,951,715,381,68,268,366,190,224,195,93,344,647,3.7616778359682526,25,0,4,2105.5759121089645
4574,2824,372,457,256,413,356,159,368,69,32,382,513,8.525391671140085,9,1,0,0.0
6998,2258,392,475,279,363,69,47,139,123,18,340,403,3.8373179517358325,20,0,1,2132.26188716827
5129,712,714,289,197,215,79,127,253,71,62,245,168,6.014286902122676,28,0,0,2071.0443902540287
5403,540,767,425,263,406,349,166,459,198,60,387,874,4.668194761879474,18,1,1,448.5635461192618
6329,1645,608,314,248,330,135,47,257,129,92,328,28,5.9240224779734865,14,1,5,2145.740207453639
3588,2841,283,357,105,288,279,118,393,149,41,450,830,1.9578435169848085,28,1,0,0.0
5012,1099,279,125,127,356,206,95,460,178,61,205,897,1.1878955004120983,6,0,2,946.5461639618987
4547,2524,777,369,167,219,230,111,465,173,21,176,39,5.905546445382504,8,0,6,0.0
3294,2530,408,181,181,385,161,166,371,189,75,339,936,9.831487963794372,3,0,5,0.0
4985,2282,721,457,58,372,188,83,209,62,30,158,939,2.5790260199691275,8,0,3,0.0
8343,2351,398,284,280,457,59,110,333,57,49,418,127,0.015331335906768606,21,1,3,3413.6221039404372
8644,2998,770,387,202,477,340,136,410,164,20,448,434,9.1285302231967,0,1,0,1800.3498690626438
6117,2279,433,161,224,251,287,156,276,54,70,286,974,1.3160062166351372,25,1,6,743.74929205478
4690,2881,443,470,276,185,181,188,226,177,37,486,564,8.672080959436244,6,0,1,0.0
4136,2404,592,129,278,424,379,69,179,100,85,352,323,5.142900867287769,26,1,1,0.0
8352,2591,765,496,98,444,234,29,151,149,14,423,780,1.788164152675763,15,0,4,2197.908568992216
5064,643,645,130,204,426,344,101,404,62,72,499,249,1.9688322167922834,2,1,4,1416.0428201844345
7455,832,592,392,77,345,257,29,403,81,24,418,667,5.271767108452442,1,1,0,3296.921669322039
7795,1497,208,272,265,413,299,154,429,199,41,365,295,7.946564760173528,0,0,1,3388.3761144127852
7543,1919,352,201,274,414,399,123,181,183,90,113,618,8.106590485516147,24,1,6,2483.8644514075663
9999,554,309,227,274,392,372,179,393,98,50,344,228,2.380239631607055,3,0,2,6587.538171444205
9508,1830,465,185,239,261,138,73,372,60,45,278,148,7.109970609235531,19,0,6,5368.483763863464
7770,1946,572,414,65,199,85,89,140,120,87,200,462,4.796005259946199,18,1,3,3489.1973475114264
4007,1940,351,127,136,468,53,53,409,192,18,182,829,6.203771399912722,0,1,5,0.0
8445,2872,794,221,223,284,283,62,395,117,90,212,288,1.2966253901465719,29,1,1,2541.5416353073997
5514,2233,614,350,252,375,379,145,386,156,53,193,692,4.343487198830883,3,0,4,0.0
9557,2194,525,160,223,116,318,152,445,153,16,330,240,1.2325335408564853,14,0,0,4651.051419986014
6526,579,750,270,217,359,119,166,253,68,53,417,203,5.025490673222384,9,0,1,3126.1823884734195
7681,1484,375,371,132,344,56,132,331,150,53,475,797,0.6145372934491788,0,0,1,3122.1315094622337
8352,1364,724,424,83,405,205,133,431,163,15,199,195,1.336092854996943,23,0,0,3929.7405541864664
4247,2087,514,399,264,437,342,73,245,111,25,339,550,3.2512276635105817,21,0,2,0.0
8089,971,266,212,187,149,335,161,390,79,75,417,650,5.111617124659342,12,1,3,4106.815365066319
6902,2621,752,293,278,371,123,157,478,81,83,259,619,1.1462370402890976,11,0,2,839.032386285274
4435,2076,383,493,288,334,61,68,475,132,13,190,986,8.790461921989259,17,0,2,0.0
3571,2002,234,118,50,171,386,30,155,165,73,378,879,2.803223245231771,1,1,4,0.0
5382,1088,704,439,115,416,161,178,472,150,14,133,465,5.838223619599312,12,1,3,804.1670627098213
4245,1910,275,192,164,143,79,157,129,158,46,302,461,1.420108931687084,14,0,2,107.27198996707817
5084,2405,671,316,263,405,85,40,174,136,35,378,654,7.38634465254446,27,0,1,0.0
8084,1063,781,278,194,179,393,148,151,61,39,399,560,5.396678897836069,6,1,1,3723.425602113684
3277,966,722,496,96,385,279,65,295,58,11,205,417,9.341987441149014,18,1,4,0.0
8315,1098,482,290,73,148,326,126,410,174,27,267,214,6.872156900350738,1,0,3,4727.120295111522
4887,2144,735,499,227,197,155,93,327,66,16,283,482,9.815676161216057,0,1,6,0.0
7579,1491,473,262,262,124,337,39,237,162,96,474,196,8.124332288421162,26,0,5,3403.079082083029
4265,2432,738,199,153,313,299,40,281,154,29,299,960,5.300351503552431,13,0,0,0.0
7826,2795,253,286,78,155,112,184,389,170,24,492,217,2.250317390731974,1,1,6,2851.179180198194
9335,2104,254,394,294,354,93,161,290,109,61,475,137,3.404135859410027,17,1,1,4517.812994219796
4040,566,476,166,255,255,198,76,258,53,37,113,590,3.754513723005375,14,1,6,971.1395096158149
9667,969,642,172,121,260,95,76,291,180,73,338,479,9.131510882483932,4,0,0,6021.040459740744
3917,2224,617,331,271,293,224,88,277,186,76,339,809,2.5736186542926265,19,0,5,0.0
9544,2833,424,288,135,103,203,171,462,60,12,413,343,7.2216863172449965,27,1,4,4066.4837149983387
3885,2131,769,149,264,367,310,170,136,110,66,345,291,5.881290267782454,13,1,1,0.0
5752,2859,454,408,153,135,182,66,323,142,64,162,556,1.718415692864288,28,0,1,296.20654099067514
3021,2856,375,401,292,115,336,185,259,161,21,331,335,2.68296010072958,20,1,5,0.0
7569,1274,765,407,190,476,205,199,308,147,73,389,521,2.839556487392932,21,1,2,2532.4920777600037
6191,1636,345,223,241,236,382,160,390,70,66,259,353,1.7919510526304427,23,0,4,1832.6728622326018
9353,2511,584,256,205,177,290,27,348,74,45,235,871,7.844865203672424,10,1,4,3827.4689897445246
5353,1986,461,360,271,410,380,121,284,111,17,122,377,3.1324432597912333,26,1,2,394.18097409739863
7799,631,730,294,182,172,176,179,440,133,18,393,397,5.337723276545679,21,1,4,4034.1465184228377
3686,1429,570,429,123,419,242,164,387,73,44,479,196,7.367987421522061,12,1,2,0.0
3284,1428,396,450,280,344,318,24,325,115,97,334,529,9.687206704226721,10,1,5,0.0
7811,2668,784,430,186,445,171,91,325,58,97,326,888,9.10173140753103,24,1,2,1239.1353156350388
6747,1720,796,355,191,327,195,142,107,185,44,465,437,2.1210849575517123,29,1,2,1937.4403928086745
3762,2005,483,299,151,294,201,144,122,175,20,121,263,8.940947335359905,20,0,6,0.0
8346,1133,501,471,187,345,206,197,322,145,15,456,350,8.461340193056529,21,0,3,3959.9480046158396
8043,1562,331,485,210,493,205,113,448,107,34,312,619,0.29917131005058883,3,0,1,3331.547423253123
5428,1684,319,167,124,188,151,159,265,120,10,279,571,8.84607605702015,3,1,1,1142.8874198611425
5507,788,335,179,89,359,389,191,374,87,18,256,337,5.344471057480331,20,0,6,2165.78785214388
8126,2747,772,332,183,385,301,87,400,197,85,240,140,1.915761439221274,11,0,1,2614.4540311916394
3028,2311,728,285,66,238,316,157,135,96,86,472,228,9.95323444459807,9,0,3,0.0
3906,1027,233,204,213,150,356,67,276,128,38,328,138,3.1188790781421116,16,1,5,814.8042438127065
6104,1416,731,424,119,246,108,175,287,77,55,269,258,1.8765606041400373,1,1,1,2025.0262229659122
9222,2208,407,241,110,341,389,24,411,71,41,225,911,1.7300794721909307,28,0,5,3788.1243158648444
6999,1906,498,498,160,496,154,63,419,162,40,141,583,5.263278828702892,19,1,2,1913.600814886501
5994,1741,721,489,251,486,318,178,417,73,99,203,720,1.7478315108156983,22,0,5,441.5526772450512
5506,1610,293,371,226,467,96,35,326,122,97,261,824,5.198255461496925,29,0,0,663.3654449278694
7665,1298,613,442,283,433,137,142,158,110,88,473,229,7.372164568071508,10,1,0,3299.9562960350677
9102,2023,570,223,246,331,220,42,356,51,15,342,524,9.486425127874222,1,1,6,4247.954447802022
6609,511,608,322,132,126,201,112,196,158,38,173,560,3.675992752932533,1,0,1,3403.057337851219
6553,1332,582,273,248,443,225,130,308,138,40,254,802,9.759022216177772,19,0,5,1766.9175871629095
4453,1741,640,290,73,307,368,40,348,53,25,179,812,9.889097689256394,26,1,4,0.0
7833,2172,646,239,100,237,194,149,432,107,83,461,359,5.8802783977034965,12,1,1,2572.353564001342
6356,2653,270,396,219,473,374,42,360,176,13,269,647,3.0248061251074185,19,0,6,589.1087748122733
3515,1190,283,218,196,254,359,158,157,62,17,381,850,8.530579868075836,24,1,3,0.0
9096,1027,408,374,111,106,271,137,156,79,84,407,681,0.5324872210318787,24,0,4,5160.045630836894
9540,1995,458,175,252,214,64,142,269,159,74,254,631,4.406642582527275,12,1,6,4723.834800769628
3038,1392,438,208,116,191,187,149,172,152,46,295,78,6.337789256409811,20,0,0,0.0
6342,886,501,218,79,445,299,101,489,171,96,416,757,9.813140641191453,16,0,6,1834.6531017353595
3886,1749,431,468,156,181,199,160,440,111,39,204,318,6.953919074418138,23,0,2,0.0
5844,2277,481,357,215,112,318,64,121,60,88,102,454,2.3113302783537204,14,0,1,1064.8166911781198
5204,907,593,119,183,171,130,91,152,136,33,252,497,8.534806944613056,21,1,5,1853.0054362598414
4098,2176,617,218,160,190,114,157,156,66,82,252,384,6.577170889660052,13,0,5,0.0
4823,1397,405,450,276,287,191,110,481,192,52,457,58,8.644587722055094,26,0,1,289.2335566777349
6201,1210,463,236,199,497,349,100,202,166,20,292,76,6.9587148752809025,20,1,1,2312.075976473132
8806,2182,510,376,170,204,296,40,211,187,88,355,828,3.4763980714714613,0,1,4,3235.757776766453
8069,1417,278,354,60,399,242,20,406,179,70,477,944,1.1657916392235212,26,1,6,3214.736259608436
6155,2750,541,363,121,183,332,163,360,84,47,332,253,6.917526204125269,15,1,6,678.3670225303091
6093,916,761,266,140,127,303,190,469,192,57,392,786,2.0316820665612956,15,1,5,1832.4373837273542
6530,915,294,264,78,378,222,153,234,104,35,477,950,0.6542574056390926,21,1,3,2501.2418361855766
8658,1971,550,128,168,111,362,95,419,124,33,368,56,2.927433652705841,10,0,2,4142.072979279146
6778,2035,261,134,168,406,327,131,284,101,95,181,62,3.1700761980821657,28,0,2,2621.3896336146436
5896,584,341,336,57,463,339,30,125,68,91,242,449,9.9251725766451,25,1,1,2735.3494774933174
6453,666,310,393,264,249,355,115,124,59,82,233,405,5.634543742290495,26,0,6,3121.120324365044
9891,2931,726,189,270,417,359,196,424,115,21,394,7,9.900077801264457,20,1,2,3821.334710807216
6511,1595,356,302,129,125,235,39,363,56,26,240,554,7.724420283439914,18,1,6,2555.471535687096
3988,1309,738,327,212,313,273,40,108,139,98,175,152,4.944646580920756,15,1,6,165.53282731011188
7116,2044,796,167,121,413,111,55,409,196,62,477,793,2.8419102857190826,6,0,2,1329.071818313139
9446,2316,208,230,249,498,133,57,319,168,23,173,459,2.2419259944092396,14,1,1,4601.385677915403
7964,1492,475,464,222,339,76,75,375,177,34,222,770,2.3430271325271956,19,1,1,3122.437398607627
7026,1781,426,210,82,321,369,110,294,60,22,253,788,8.614600873568545,26,0,6,2294.2173064400854
7179,774,385,111,283,167,180,30,271,101,46,121,452,3.963800747561633,9,1,5,4199.023902002452
4682,2273,790,387,54,361,176,37,269,149,19,196,651,4.511357156530254,29,1,3,0.0
9072,2256,415,274,239,210,60,100,494,189,82,206,26,6.171937783304062,26,1,5,4461.586336283668
8506,2873,632,418,214,229,329,117,211,122,86,179,247,0.5604435466599833,17,1,1,2760.030101259828
8626,1391,768,253,194,258,334,64,482,89,16,292,896,4.747518815845916,16,0,1,3578.015884250708
7665,588,555,142,71,379,246,173,270,99,23,142,170,0.1598580908199787,17,0,3,4785.043834394272
6963,1207,591,462,127,390,274,145,313,113,14,332,962,7.4485237490300715,26,1,3,1987.1556139148909
3933,2897,778,304,279,402,313,78,491,196,22,337,181,0.2284825374563959,6,0,5,0.0
6598,886,474,271,209,130,324,153,273,67,29,270,565,7.0508349658478755,8,1,2,2689.8090129559123
6233,2634,693,393,63,188,117,62,389,146,37,164,435,2.0081882925420604,13,0,5,1088.3900025093892
4980,2854,650,384,285,431,282,113,167,142,61,366,958,8.12541364050894,29,0,1,0.0
4855,2373,619,410,197,217,148,199,498,122,88,225,628,3.1643568019535486,0,1,4,0.0
6056,1677,363,151,199,229,271,122,245,93,48,332,329,9.045124947944004,16,0,1,2017.732367331433
3792,939,762,214,79,306,173,36,238,107,30,441,780,7.386551574906824,0,1,2,0.0
3791,2811,791,118,231,459,353,96,318,111,73,192,274,2.1001014526712316,10,1,5,0.0
4809,1476,382,134,210,158,151,136,428,140,26,133,862,8.846787849136952,28,0,0,585.7547915277439
8390,1234,509,147,54,195,369,65,124,102,79,166,972,0.20456212049233313,17,1,3,4250.533805305165
9635,2968,216,332,67,418,313,188,351,152,34,322,627,6.207752207841545,12,1,6,3528.6364153861973
5255,1132,645,318,112,345,279,160,314,110,83,348,93,8.412731830552053,23,1,1,1228.795053813163
6610,1492,369,209,223,244,172,153,264,99,87,413,205,1.2950585999179987,12,0,4,2661.1024939294584
4607,2958,479,353,184,409,276,180,493,103,28,366,57,0.45232610258156725,17,0,4,0.0
8179,672,539,287,206,224,277,151,180,91,20,149,31,8.8877992864003,19,1,1,5234.0266001726195
9573,503,718,130,106,121,202,197,407,57,41,209,873,2.96410703435808,25,0,5,5987.896803298886
3984,2163,210,358,224,480,358,67,176,191,19,456,560,6.652224726801568,27,0,5,0.0
8776,2515,723,262,58,452,354,118,423,62,53,299,613,8.375959417807696,17,0,0,2965.310924474411
6676,1995,332,443,288,471,377,46,383,128,95,365,868,1.102838256852502,5,1,6,789.590886248162
6380,1560,347,407,236,384,198,25,257,151,87,457,653,3.7744737025398134,12,1,5,1531.5648472801581
3519,1554,765,170,161,306,356,77,273,92,68,107,45,7.269168101426407,28,0,5,0.0
3590,880,278,406,154,357,58,20,267,195,11,257,868,0.7672411377755917,5,0,3,0.0
4050,1791,545,155,172,397,369,47,248,181,21,263,603,7.48395158638353,7,1,1,0.0
8805,2891,448,198,120,151,273,48,242,126,95,129,188,8.806292544148507,17,1,2,3725.669531671658
6633,2092,741,120,248,137,72,115,230,88,74,194,531,7.948215405837752,0,1,3,1981.0387871627506
9131,665,223,484,162,486,241,175,436,143,85,460,664,2.39075430633784,11,1,5,4807.182926218512
9342,2889,670,207,220,252,276,110,196,68,85,148,458,8.386132829246296,0,0,4,3709.534289704978
9530,1542,400,152,108,432,103,87,363,114,77,325,700,6.901049314478447,11,0,0,5129.900126001977
7444,2151,330,105,55,315,141,60,492,89,26,176,26,7.471861170549273,13,0,2,3422.887723138493
3959,1707,555,330,159,322,64,125,477,145,62,212,248,7.475588757161887,4,0,6,0.0
9059,1044,349,181,160,242,357,135,445,125,28,349,924,4.499228574317939,11,1,1,4608.080805445423
3692,2739,725,316,102,204,228,179,485,166,10,494,836,9.01084752255534,20,1,3,0.0
8655,2867,503,434,113,109,53,142,264,162,61,129,982,1.2391347047999723,1,0,5,2797.5162346232705
6899,2974,740,146,281,341,150,169,495,79,26,170,754,9.587164046442476,5,0,1,648.7773975881784
7473,596,249,451,297,475,179,140,118,142,67,349,750,0.06713224177690269,15,1,4,3745.558794215807
5946,1801,663,461,268,482,56,76,382,135,80,293,48,7.68272272656597,1,1,0,1101.7524629154364
3526,2556,439,340,53,213,233,41,115,158,71,390,528,1.8613256419507185,26,1,2,0.0
6224,956,681,277,50,332,380,85,101,98,42,145,130,0.6458226836045977,22,1,4,2726.576736796422
9877,2318,654,181,119,168,381,188,109,178,79,289,964,4.9928403735186855,2,0,1,4245.9120462009205
5253,772,482,386,299,464,84,62,205,80,61,351,951,5.137695007344069,14,0,6,1040.5224998104607
9598,1531,534,291,80,143,281,53,116,76,15,131,181,6.686992270405848,17,0,2,6288.65295532286
6344,707,551,242,114,268,203,133,303,84,73,255,135,5.945286896513285,10,1,5,3242.529225754906
6965,2437,526,413,166,310,113,21,106,57,68,184,566,0.3125073626274688,5,1,1,1978.8624666124654
8355,2160,535,378,246,375,296,78,300,89,31,355,736,2.043871729110366,25,1,1,2704.389217648496
4875,1646,280,140,68,206,105,55,145,183,78,406,973,7.160080766243347,16,0,5,621.8776167340845
4763,1556,286,370,246,266,278,27,277,192,11,118,425,9.42421934199056,4,1,0,731.7096255644092
3520,2036,457,186,167,304,360,180,109,70,83,452,670,7.660862468349161,9,0,0,0.0
8797,703,384,102,118,218,302,52,371,103,55,284,775,9.856110796274326,10,1,0,5533.1338097783
4016,2332,322,310,226,208,342,37,356,138,93,430,320,1.2428965129576264,21,1,0,0.0
9869,942,295,100,80,338,101,83,236,140,71,324,4,9.584559563263118,7,1,0,6873.3470935380965
8109,1188,714,174,237,107,64,80,112,155,61,234,370,3.740174650948177,2,0,5,4677.256390571323
9644,1332,642,494,285,142,391,102,288,136,91,491,486,5.604024156118912,22,0,3,4734.346698317697
3116,2886,713,330,248,493,389,29,243,68,54,257,132,9.764361248853126,26,0,6,0.0
5433,1961,570,175,128,396,229,197,325,141,62,362,33,4.475466659114477,16,0,5,934.2568335707346
8463,1659,504,359,292,231,126,125,385,83,45,338,750,3.146887853933772,5,0,0,3578.016994350456
3583,886,556,124,104,305,264,41,304,107,60,157,0,7.907502396833397,0,1,0,633.3343550217758
3394,2541,347,299,294,487,272,58,427,190,27,339,829,7.047341934613536,22,1,2,0.0
8183,1848,484,193,254,379,203,121,282,53,21,185,9,0.21839019367837165,14,1,2,4209.167915613473
6788,2218,461,451,253,338,94,84,110,188,66,126,997,4.8514213789036456,23,1,5,1438.1164948060946
5768,1179,773,207,176,376,70,49,468,70,55,139,805,9.231849103430026,21,0,5,1247.7711054452102
7167,1189,690,454,260,493,130,152,430,109,98,333,845,5.471050051093348,16,0,2,1883.784638472205
6860,2068,230,194,126,145,102,130,147,198,50,455,519,6.134542470215858,7,1,3,2514.4234999274213
3273,1669,467,455,140,297,206,45,362,94,29,208,664,4.878215032228228,1,0,0,0.0
5013,1392,211,190,215,220,196,139,356,91,84,118,92,5.859721169942596,28,0,5,1816.4250947785715
8439,1452,390,143,210,399,231,82,186,176,29,224,433,2.9575673865017826,24,0,3,4399.464574373633
7433,1754,599,483,55,319,127,193,131,52,19,190,316,2.0325241755857015,14,0,3,3177.7017347975147
4389,1283,736,122,190,455,168,50,417,88,71,169,548,3.921749666022565,15,1,5,188.11210244090665
6566,2546,290,289,254,388,392,188,242,97,73,435,212,2.3229875617466744,26,1,1,1118.1037846977524
7702,2371,799,122,254,193,154,159,191,198,98,123,30,9.106387021810571,26,0,3,2997.5529480134705
3165,994,700,333,69,391,51,36,288,67,83,353,109,1.4859900737820009,16,0,1,0.0
4567,1246,500,285,149,252,164,165,177,155,33,251,937,2.400269271406539,21,1,5,282.98296917839224
9154,2984,310,410,214,112,81,132,432,81,50,257,151,7.893498231578283,20,1,4,3965.5101683222674
8420,2354,279,432,94,306,111,111,133,171,42,266,360,1.0202372735706644,4,0,2,3594.3182240073143
3728,2892,632,162,250,354,146,58,247,188,43,272,340,7.968519102449283,5,0,6,0.0
9944,2691,616,202,130,257,184,93,217,152,68,198,500,5.782831412232045,28,1,6,4768.705155122842
5043,1156,413,415,276,369,147,130,123,143,88,344,450,4.605536063495682,5,1,1,843.307109255486
7197,2382,646,288,108,405,264,180,127,95,97,341,479,8.705929243247471,10,1,4,1803.9970008560551
6496,2892,217,435,101,167,133,155,366,175,88,276,189,3.986879945084736,25,1,5,1328.769594871592
8511,2296,253,288,195,356,206,110,342,174,19,262,645,2.7347418230468845,7,0,3,3222.9730940786503
3778,767,439,450,74,288,156,45,313,197,14,247,966,5.430151041962883,14,1,5,0.0
3213,2716,617,168,172,102,180,95,137,153,95,391,50,5.577637712135236,3,1,1,0.0
6762,2262,685,213,256,336,71,54,308,75,46,469,398,1.2283971049259368,24,1,3,1582.732897032666
8207,2580,643,203,264,231,133,76,313,188,40,246,417,7.853183558802649,7,1,1,2727.571318175506
4576,876,765,207,178,270,138,40,228,152,32,267,447,3.742051321303598,0,1,2,904.3892302838578
5448,2085,798,444,90,369,275,184,220,143,20,208,941,1.2607668838859887,3,0,6,0.0
9731,1963,322,120,151,188,155,143,311,86,83,444,749,0.9943163599260796,15,0,3,5084.127810515048
5936,2940,619,486,67,202,398,152,260,183,31,469,75,5.6518415953951155,23,1,6,27.09346415566659
6117,988,765,365,178,224,150,36,208,163,95,121,252,3.738065126018968,7,0,0,2459.8709703471873
8791,1221,415,442,295,166,345,145,164,96,46,292,721,3.173392975014,19,1,0,4395.664366862232
3591,1445,619,308,216,362,197,117,163,74,36,354,664,4.599328778863735,23,0,5,0.0
8429,2586,750,269,251,107,279,116,108,70,10,326,933,7.92316683835529,18,0,1,2757.2194461123368
8205,2135,427,293,208,143,136,101,131,92,72,250,701,1.7050796310925065,2,0,2,3554.4836035188832
9235,1540,436,446,151,234,60,44,409,72,14,251,577,1.1868784609675354,24,1,3,5181.60729975107
5720,2773,529,492,120,347,185,124,224,114,20,394,340,8.70918597270271,22,0,3,115.74993445797399
3713,2614,668,222,215,403,142,80,381,110,89,186,534,8.113880827802264,21,1,1,0.0
3935,2177,686,276,57,417,341,113,417,123,49,137,928,1.6354385363445212,14,1,2,0.0
9047,1498,748,103,211,124,202,56,208,138,37,226,957,5.585677654982405,17,0,4,4594.098940872988
7337,2277,778,287,122,473,145,128,269,135,38,274,26,5.437164432393134,29,1,3,2369.975765436867
9139,2784,614,445,138,295,111,160,275,154,25,490,316,7.741475406930338,24,1,6,3545.9223629413736
3001,1456,418,451,76,291,136,140,489,113,10,202,119,3.2920748258953845,16,0,4,0.0
9368,2089,580,128,218,468,260,59,344,166,72,300,156,0.6412750879728324,0,0,3,4703.06559140214
5848,1661,286,185,56,221,132,189,473,88,81,320,558,1.8688914540459223,23,1,1,1744.7645024392718
8864,2368,660,146,81,359,276,103,355,189,13,268,293,2.1196395637450207,18,1,2,3674.6215175805337
7044,1052,610,176,122,146,61,89,385,188,60,206,848,4.650929208020662,8,1,0,3123.1280485462735
4949,2133,724,442,258,473,202,172,331,97,70,173,71,5.035170048670041,22,0,1,0.0
9732,1194,646,290,148,308,54,189,250,185,91,147,572,2.0518938179013624,15,1,0,5823.268172961108
9259,816,499,130,161,400,125,157,202,100,92,477,532,3.1878083424009604,9,0,4,5340.247382925399
3917,1267,607,406,193,188,53,114,124,185,82,171,790,7.841505304938574,6,0,4,0.0
6174,2471,574,268,179,102,132,62,240,150,35,290,313,0.4333429752522644,15,1,5,1321.5511622472677
5241,2805,432,135,220,495,84,147,252,177,11,437,691,7.433075378118859,9,1,1,0.0
3089,2003,248,344,80,244,291,108,372,157,76,283,145,9.777705574446433,9,0,4,0.0
4709,622,385,450,129,473,193,175,207,134,54,122,43,7.6152382923386295,16,0,3,1668.9160080048066
5169,2889,404,287,224,121,129,171,126,117,69,127,71,9.318800105470682,11,1,2,515.7455524700305
7238,2368,277,114,82,138,124,118,238,163,29,268,179,2.632478061817922,16,0,1,3222.7576499108086
6041,2171,680,433,262,394,348,60,233,120,28,109,957,5.177810561041011,22,1,5,263.8923688894786
3105,1582,585,315,194,206,333,80,178,147,92,407,343,4.1462707230017015,27,1,4,0.0
3886,2228,393,257,148,199,264,143,392,158,46,206,520,2.7311801327484178,24,1,5,0.0
3427,2807,302,254,103,371,295,152,323,150,24,411,476,0.40583255234581395,17,1,4,0.0
8424,2496,575,340,103,328,287,116,467,79,79,237,970,7.593536549736436,6,1,5,2347.3982397367336
4895,2642,486,395,228,473,386,158,315,139,74,342,44,7.245243510327187,11,1,4,0.0
9090,1648,681,144,229,384,68,27,302,189,22,128,931,5.659668428586537,7,1,5,4296.729455513584
3316,2588,449,274,184,305,123,168,205,124,65,140,839,9.73931285267663,17,0,4,0.0
9082,2414,400,445,231,170,104,24,475,78,66,296,195,8.671457260520983,16,1,0,4252.725222440136
3634,753,735,155,270,268,132,53,264,52,12,399,813,5.626494854397852,14,1,6,0.0
4925,506,660,153,188,284,213,28,301,111,54,128,599,9.205565338192773,10,0,3,1564.28333597418
5056,2616,499,440,239,432,367,57,414,60,81,215,304,5.596443639857153,11,0,6,0.0
9917,1041,677,364,79,307,216,62,109,122,96,149,129,8.375504857235924,6,1,6,6516.259646786245
6144,588,282,473,131,487,165,115,356,167,37,119,587,5.013825896247656,16,1,6,2666.4329115210935
5270,2438,657,338,106,481,346,157,336,121,42,290,203,8.063962442207394,14,0,5,0.0
4439,712,497,420,223,454,237,31,151,121,34,107,921,4.469564702438177,1,0,3,584.8322743927133
3552,765,563,207,257,471,304,118,314,91,71,316,850,5.715487338615216,4,1,4,0.0
3715,2840,239,297,119,370,391,165,245,183,74,292,985,1.959058981997217,13,1,0,0.0
8383,1730,539,484,115,445,371,159,442,104,80,199,343,6.182765055081571,2,0,4,3406.297794459645
6911,2880,715,313,232,234,68,50,360,55,47,399,958,7.979483605844203,20,0,2,597.9016297011336
4713,1504,307,345,284,245,360,30,483,70,37,371,937,8.37636993544728,7,0,5,0.0
8979,2594,515,496,156,444,351,117,457,166,90,168,571,7.689992163654987,29,1,3,2916.317110780782
6389,1121,313,137,235,248,53,46,473,136,39,214,314,0.11109610957950378,14,0,1,3023.8198687589093
4107,926,366,272,59,215,239,40,322,174,10,480,24,9.325384469792082,4,0,5,931.9307812707375
8437,709,460,204,181,491,330,147,472,180,27,240,399,0.5835394516024661,2,0,2,4652.93695511593
7206,1387,423,139,290,286,112,32,202,61,11,292,448,7.092392771867503,17,1,0,3525.3800328488996
3250,1943,461,498,123,119,318,64,311,133,80,427,253,8.22097961269933,28,1,1,0.0
5430,653,450,229,122,437,303,194,448,68,68,484,892,7.67079658481506,4,0,2,1091.6211446067941
5054,914,725,280,111,472,164,44,147,72,59,119,415,7.7191781922906655,0,0,4,1569.6440852909668
3458,1680,325,293,158,343,391,96,388,173,27,202,431,2.2364572458567276,26,0,4,0.0
8203,1784,405,430,220,166,309,83,284,182,16,470,764,0.8684869372948945,15,1,3,3004.8410970852997
3207,1268,339,388,91,161,51,118,202,100,70,252,824,4.734220410808538,21,0,1,0.0
3899,1482,261,440,73,373,116,175,323,196,77,384,919,6.3169454783854615,3,0,1,0.0
6461,2011,482,158,54,446,335,167,380,61,26,294,231,8.243882571383374,4,0,0,1760.6914084727011
6385,1078,253,450,148,209,181,188,399,141,92,352,498,3.5249049590609536,24,0,5,2674.557595505911
3021,2710,545,125,245,155,97,23,190,83,78,373,119,8.239394283786364,10,0,3,0.0
3409,1538,723,202,148,184,92,103,476,129,64,472,673,5.0156877519535605,13,1,4,0.0
3894,2742,335,120,283,363,142,43,210,112,22,443,689,7.86155562792883,29,1,6,0.0
3514,1041,529,179,169,494,190,164,421,166,85,169,979,2.2693619405426055,11,0,1,0.0
7904,858,343,426,126,206,96,152,227,181,77,191,726,7.650282416813964,11,0,5,4227.22388545208
7969,1349,635,298,150,111,280,76,350,160,98,161,603,2.1273546584990646,4,1,1,3646.216516798181
7109,926,481,421,145,275,273,173,295,103,49,151,51,0.8100015911508784,9,1,3,3573.2156378460872
8066,985,335,136,222,458,333,119,252,55,24,177,593,7.859111127325646,2,1,1,4344.952796146995
5134,2331,688,113,236,418,86,164,378,184,37,253,95,7.812583870218858,7,0,6,218.2102914907953
6595,1972,600,320,169,126,77,27,455,83,66,298,573,1.1019212675105772,23,0,1,1771.373530796794
5956,1936,648,463,114,390,207,29,442,117,73,349,372,4.256315470410806,16,1,2,693.3868867122768
4560,829,469,490,240,229,271,197,219,192,84,366,183,0.3104419627670285,23,1,1,617.192466546555
8420,2255,216,265,170,326,58,143,476,62,14,120,508,7.219864470170486,10,1,0,3827.110777124511
4266,1670,468,272,252,235,119,33,383,86,71,296,301,7.789301059043754,24,0,3,0.0
5169,758,681,249,139,119,391,110,363,159,51,258,38,6.711526326361376,15,0,3,2037.716996724532
6638,2839,418,271,244,363,115,46,324,109,75,144,550,5.267335240613954,20,1,0,1124.3344806440214
3749,642,518,180,226,423,144,24,353,62,29,208,952,1.3603545019174956,10,1,2,0.0
6427,2516,437,435,164,258,230,98,256,198,95,291,795,9.874470430784418,20,1,6,715.1423627849906
7780,1126,744,324,126,259,119,175,467,144,49,382,676,2.5615482023921423,25,0,5,3363.0630484996855
4927,1888,484,458,81,496,283,152,283,77,36,324,857,8.385928685026382,23,1,5,0.0
6804,589,236,134,161,441,310,105,498,178,30,261,218,0.7638894992595513,16,1,2,3532.0189124210206
6702,1219,302,457,227,125,69,159,114,187,29,149,491,1.9088446784723934,17,1,4,3025.5051103395845
5356,980,629,287,264,180,235,27,392,57,41,199,190,6.873358602928917,24,0,6,1715.5473549118876
7790,2631,438,323,235,475,354,78,462,116,63,337,248,0.41961052307181723,21,0,1,2077.925439771247
5335,1600,324,230,101,117,113,79,219,169,45,482,890,0.07158519434121491,9,0,0,927.8372148456965
3306,1172,764,473,72,168,227,99,440,116,67,296,410,6.155846690341981,18,1,3,0.0
6665,1016,799,450,292,495,284,74,347,67,76,147,556,6.739131330889512,5,0,5,2134.490222418485
4989,2113,387,410,79,229,299,113,217,84,81,482,890,7.091850515031824,8,1,2,0.0
3661,1281,455,108,119,234,344,190,191,174,39,439,976,8.639453573415304,6,1,0,0.0
7644,2651,784,168,296,402,89,60,135,93,77,177,398,3.1699644509530547,12,0,4,2197.6081463774362
3311,2535,729,127,120,478,336,29,435,147,16,232,879,0.8670564912861678,24,0,4,0.0
5920,2886,591,498,160,317,308,135,111,185,33,495,908,3.9770460479841576,14,0,1,0.0
4082,1186,667,468,207,409,289,103,127,176,18,112,85,2.5430678361350423,27,0,2,218.46349087378854
5971,2089,452,333,86,114,121,126,388,134,43,339,298,9.58321814775362,22,0,4,1318.752842173334
8833,1399,760,130,97,285,79,26,174,92,82,446,994,2.0082286928838977,0,0,1,4419.485155086076
3754,2001,375,414,209,294,78,40,178,95,64,115,821,6.998926672924135,8,1,6,0.0
7130,722,665,331,119,290,361,94,310,89,88,423,662,9.223407978778738,29,0,2,3088.864016532538
7540,1576,776,437,84,333,136,120,282,105,21,496,960,6.6941517932343935,19,1,4,2019.1445791090623
9236,1600,488,153,273,165,157,63,178,197,67,336,574,0.663942744519529,17,0,3,4994.930729999147
9078,2241,249,274,253,180,368,107,300,106,68,175,613,9.261226175799525,14,0,3,4056.6326446112053
8326,1002,203,397,117,135,79,56,304,61,77,246,711,1.4809346730061246,25,0,0,4852.471439747458
3352,1839,699,378,209,334,358,191,405,72,26,180,884,1.9977817968903122,24,1,6,0.0
3902,1123,422,464,108,116,95,84,128,61,82,397,964,7.288157548904461,9,1,3,0.0
8451,2386,461,185,167,101,186,133,413,166,39,298,678,4.926589132522551,27,1,3,3222.8372810751284
6888,2712,734,164,212,132,312,25,381,157,72,337,375,7.780136480030969,4,0,5,1419.3249886059489
8844,1550,575,188,161,448,112,57,122,88,71,280,61,1.6444213668423835,1,0,2,5142.507489145039
3158,1593,260,153,193,479,93,190,116,91,71,100,766,8.56659964373166,8,1,1,0.0
4977,2485,555,217,168,233,300,76,232,97,27,241,886,3.041809846602611,14,0,3,0.0
3956,1888,223,460,164,455,384,89,158,140,30,230,866,5.213466951009446,12,0,2,0.0
5071,1829,492,328,256,443,256,84,243,137,90,451,693,1.1354775622149182,28,1,6,0.0
3403,1647,756,366,154,366,108,131,202,116,44,108,232,3.510724970158592,6,0,5,0.0
9948,518,555,418,229,104,255,54,193,84,26,366,333,3.604276030056841,28,0,6,6653.048467802385
7611,1780,774,121,115,385,380,43,360,146,90,257,129,9.668531369959828,22,0,3,2867.257156870396
5779,1545,228,346,55,493,133,57,381,86,98,218,248,8.310188601177785,0,0,6,1866.4222570892825
4387,1488,556,472,63,446,62,22,270,65,63,360,2,0.5779568941043289,4,1,6,594.4073229096809
6453,2997,564,413,282,190,286,198,467,67,86,129,914,2.856507316342759,19,1,4,0.0
9675,2073,608,119,206,251,207,187,225,195,33,342,969,2.0672452191172788,4,1,5,4100.269212278726
3955,1571,465,499,155,477,153,73,185,191,24,317,833,3.189026067491466,22,1,2,0.0
9295,1706,490,283,203,217,389,85,285,176,94,423,300,0.1311520741244776,29,0,1,4723.092371684896
4712,1958,766,448,67,160,92,134,208,125,85,190,397,7.821082818949509,21,0,0,48.25525968296885
7703,2654,352,149,288,457,228,79,101,91,23,272,722,1.383861013101182,22,1,1,2408.6663893494665
9563,1711,418,189,53,125,313,34,143,51,56,457,748,2.027259249683091,19,1,0,5161.402234259831
4273,1275,372,203,278,208,292,193,303,102,98,345,774,6.560805723282664,16,1,3,0.0
8631,2359,211,293,106,467,86,129,205,109,40,234,2,6.304338931280771,6,0,2,4430.409157356159
6811,2366,715,482,168,394,395,23,318,84,89,243,896,8.261468364677647,16,0,6,668.820907394562
5625,1660,561,468,102,309,299,43,208,90,67,427,435,1.3708517397245557,21,0,1,978.5291558579705
5382,2381,778,173,151,358,169,102,143,138,49,188,572,2.200809585905028,0,1,4,142.113556621035
4441,2883,676,368,74,393,241,113,316,53,71,268,406,8.76216980573815,28,0,1,0.0
5979,2280,776,114,224,141,344,122,404,70,63,278,396,6.661354082554782,25,1,0,698.306502636334
4797,1101,281,428,229,403,111,59,190,161,69,154,572,0.7894830609566017,1,1,3,1061.4244246499484
7390,2094,539,382,270,112,259,46,180,181,20,291,933,0.9398525220438347,12,0,6,2094.1987897323393
7009,2950,640,491,211,188,344,199,284,144,35,278,507,5.334074901348039,18,1,2,693.6895450263271
7850,1039,425,297,193,187,101,56,233,105,36,120,427,7.506491133550051,2,1,3,4610.764782068577
4394,1595,570,443,278,411,259,20,437,53,39,206,9,6.433517895291051,11,0,4,0.0
7281,2305,227,294,143,286,362,156,398,181,62,179,738,6.779737348907516,9,1,0,1945.2384019666822
4269,523,215,135,264,162,328,165,143,52,46,332,926,5.719903275888118,12,0,0,1025.073091928858
7732,1123,476,304,176,435,251,142,165,104,12,238,416,8.813575614567377,6,0,6,3902.150790973428
8387,2335,532,407,173,142,188,58,400,132,83,299,919,8.96915010138818,24,0,0,2709.2777280019523
6714,1579,682,238,85,332,389,49,118,151,78,198,780,6.05574399107918,17,0,3,1871.3814114555973
3529,1485,765,363,205,333,68,39,342,81,18,465,737,7.312889494950014,4,0,4,0.0
6623,722,487,156,242,174,370,162,347,173,35,233,244,4.624529106499963,21,1,1,3132.037198527505
9164,678,313,209,121,352,144,83,103,107,44,328,18,2.693326729130112,23,0,0,6565.867183518381
5958,2981,237,273,102,412,179,138,196,59,78,302,723,6.362490848695649,5,1,6,150.64050386931916
5914,2460,653,305,219,248,154,172,453,81,89,255,61,8.151302993574262,26,1,0,633.9310996210675
7889,1973,365,324,128,281,246,196,195,54,86,269,706,2.6258004724547446,13,0,5,3062.266463824971
6591,1292,404,485,147,306,309,86,309,184,20,366,594,6.259274274727896,21,0,5,1927.6238685139772
5147,1383,444,163,196,280,88,141,335,192,39,297,942,6.2255078012553176,26,1,0,496.7718018670805
9895,1712,532,351,93,272,354,45,236,51,30,283,542,9.18815104951085,26,1,0,5525.22620261633
7573,2101,595,366,79,340,180,192,456,59,13,305,402,7.592835570460169,21,0,4,2646.651879280422
8718,1309,706,489,123,263,203,145,147,188,26,432,41,8.113080421722431,3,1,5,4736.481830571221
6369,1460,320,451,221,162,90,25,263,102,69,198,218,5.709383837469848,6,0,2,2752.0662154949246
3939,919,458,431,299,481,370,51,294,105,40,489,266,7.27696210406008,12,1,0,0.0
3525,1687,609,419,166,334,171,36,373,89,15,355,238,2.4481220450218046,12,1,5,0.0
9477,1778,509,456,204,224,293,193,395,125,48,148,295,5.796660397710412,5,0,2,4607.158082610796
3001,1940,267,192,133,356,294,72,420,141,51,260,842,6.6230115871580555,16,1,3,0.0
3374,2717,313,282,266,191,193,119,280,163,59,238,464,8.338017823128492,6,1,3,0.0
5340,1840,419,399,122,324,235,151,213,131,36,420,865,1.6570181104801218,12,0,5,116.68787293360086
9980,2721,419,313,281,294,84,129,408,180,98,273,369,3.2675685843309554,16,0,1,4424.2561070839365
7005,2892,672,241,83,474,260,175,161,71,92,381,712,7.914352559637874,21,1,0,798.4261100375902
6052,2992,585,182,176,306,82,90,225,65,11,255,422,4.342353130953237,14,0,3,682.3327538206833
7648,1541,497,488,134,387,208,163,469,173,74,460,489,4.844429062694232,10,1,4,2669.7257820143245
5365,1593,452,198,201,314,366,120,262,118,23,259,342,6.192860561058921,17,0,4,1123.0478096773793
4525,1861,604,380,105,285,241,186,284,177,24,301,903,7.272096313384418,10,0,2,0.0
8947,1091,691,201,56,225,212,110,416,135,60,111,844,2.882855094694927,20,0,4,4924.347724760714
7476,1026,556,428,245,381,301,177,239,66,31,344,673,8.639197927838461,0,1,0,3000.0472503564547
4646,1792,627,477,100,354,88,76,342,124,67,351,937,3.6417763037462683,10,1,3,0.0
3013,2154,414,170,185,160,180,75,148,93,90,474,762,2.6087212305337095,22,0,3,0.0
7599,1310,579,472,233,467,145,186,249,90,71,185,720,6.995582092700952,28,1,3,3060.035097729777
5278,687,413,437,254,300,190,146,189,153,59,243,687,3.5986250498098027,28,1,6,1416.1830284528999
9104,2092,297,485,107,168,319,189,423,52,50,354,619,5.063524566263267,0,0,5,3772.3796300553295
6155,1028,727,471,134,384,218,37,426,140,41,170,101,3.302997413018862,29,1,0,2246.984046182275
3129,933,727,365,276,162,324,94,450,158,42,279,910,8.534803036768732,27,1,1,0.0
6814,2835,734,229,118,233,148,41,490,62,74,199,286,4.9965987037377495,25,0,2,1396.4734101034676
7933,2441,753,159,293,338,110,151,481,195,50,485,46,0.6541628007674483,6,0,4,2369.5138398393988
6216,2304,748,400,57,351,372,22,377,89,92,300,47,0.567081820411719,7,0,2,1048.6668788213067
5938,802,527,491,243,460,266,43,458,146,68,335,386,3.648308143897191,19,1,2,1592.6920361273258
6928,586,364,218,201,286,126,71,395,169,67,449,300,4.076003163892662,2,0,3,3512.746113511131
5040,937,315,362,219,470,257,86,246,187,13,255,177,0.3738343058795124,11,0,5,1471.5663348527742
3027,1545,349,427,103,120,397,142,152,93,84,289,290,8.524401130166453,16,0,4,0.0
5113,1332,717,120,193,442,94,50,385,142,12,256,35,5.0658502942547265,22,1,2,1278.7014684350354
4252,1296,231,196,181,390,396,72,253,185,75,354,964,5.478531462795181,17,0,3,0.0
7356,1059,492,402,108,407,251,140,478,191,45,310,409,6.518038401535132,19,1,6,3210.2008486085547
5046,1261,376,100,143,145,259,182,475,78,32,477,729,2.1758253547561743,19,1,0,863.8161534199447
8568,2198,260,495,95,293,377,50,249,184,20,460,126,5.229290956262751,7,1,3,3696.7254595839095
8543,1624,788,302,143,156,184,95,160,79,44,411,563,2.228596520769659,1,1,3,3993.620845562366
7555,1184,615,227,148,141,71,157,172,96,38,124,279,4.152898232847541,18,1,0,4390.17930793968
7023,1664,582,449,283,432,109,103,401,169,70,448,261,6.268374577673354,15,1,4,2062.771292149891
7396,637,797,231,62,334,347,165,157,193,71,301,838,2.3585957633854484,16,1,4,3207.2747814868185
6374,1077,206,133,86,453,108,127,128,123,16,140,307,8.835780313547872,6,0,6,3505.1312516134967
9430,1209,284,186,231,115,280,75,323,78,28,232,27,2.9369789499911905,23,1,4,6307.653423987047
6466,727,597,131,226,232,334,55,152,170,79,346,44,3.0374658041222604,17,1,1,3339.6587393757804
6081,2828,592,358,290,100,232,70,258,64,98,216,589,9.211361472121439,26,1,6,527.7495376771992
6778,1327,246,423,124,331,150,166,387,100,89,339,550,3.891958288981604,17,1,2,2568.728376115176
3629,930,540,412,107,249,163,100,108,105,71,218,468,1.3654118509114899,0,1,3,146.13695412170293
3269,1563,697,469,68,403,91,123,136,197,32,223,650,4.275605891938157,16,1,1,0.0
5639,2209,677,132,195,221,78,144,363,113,62,460,715,3.3904743933073735,19,0,2,303.11238945310174
4993,2186,625,486,237,381,326,158,167,166,20,232,881,4.951368828968333,3,0,3,0.0
8724,1734,625,487,194,389,146,24,407,142,81,167,248,6.126713965967924,7,0,5,4183.415000395966
8897,801,714,385,188,469,240,120,401,51,98,225,689,3.296718292213441,28,1,4,4739.511776803655
5891,1609,328,425,192,413,368,192,372,159,44,423,507,7.112173684668991,4,0,0,756.979021173715
7957,1920,448,148,249,312,87,119,120,81,22,316,161,3.0277762891877935,3,1,1,3768.7493296046378
6432,1032,330,385,157,490,256,192,147,160,79,131,802,8.386578677123376,24,1,0,2345.8702482798894
4280,1268,522,181,270,380,243,195,364,103,70,369,627,9.620994877007327,26,0,4,0.0
9276,2438,742,243,194,239,189,127,351,91,48,445,454,0.13678992704637016,5,0,6,3588.268410240516
8895,1904,265,489,139,258,338,33,104,58,77,290,244,1.1644553676781144,27,0,2,4722.708431566948
8802,943,300,379,169,126,306,136,105,68,52,223,790,5.100595833652185,12,1,0,5223.340338903084
9656,759,230,470,54,441,274,47,329,183,51,385,128,6.2301152387462375,16,0,0,6224.942193910534
5360,2038,390,191,238,261,77,28,145,147,25,304,915,9.10582188318014,29,0,5,484.7956960428966
3575,1831,777,323,181,217,239,78,196,50,20,344,671,6.304971037711816,6,1,2,0.0
9099,569,614,316,105,436,294,57,211,190,97,270,97,8.642961578405412,25,0,1,5769.023188661837
4307,1977,699,255,265,174,383,112,306,55,87,280,693,5.2234676763239385,11,0,6,0.0
6192,1962,794,376,252,192,364,172,456,148,72,408,113,6.896344732954796,23,1,1,758.042953338559
6178,2348,245,107,271,133,98,91,230,123,81,384,915,9.235133441093774,3,0,3,1058.1681318170909
9052,980,288,135,153,214,350,67,258,80,40,255,333,6.774715074251016,2,1,5,5736.308262397294
5734,1667,574,223,97,212,253,166,478,121,79,479,708,4.826599729898592,13,1,3,696.6221756929438
9116,2571,445,108,97,467,164,149,202,177,33,177,215,5.928774643890056,16,0,4,4226.23604298428
5212,1698,757,139,212,159,69,25,234,88,64,301,404,4.302927268707231,26,1,2,1105.8721730923273
5352,2872,456,278,285,381,134,177,115,106,10,276,843,1.500501931310243,7,1,2,0.0
6568,2392,551,228,297,336,302,80,191,174,47,353,833,7.7015612335967685,25,1,6,613.3895769953982
4655,2194,772,472,158,225,101,21,477,80,65,222,382,4.144538148149986,24,0,3,0.0
4579,2383,304,167,210,144,197,198,326,62,55,189,457,0.9477576016068812,10,1,5,0.0
8943,1871,536,253,149,387,235,102,242,120,94,343,140,7.039787399611145,25,1,1,4335.925317927983
5203,1297,725,102,70,328,222,32,362,100,15,226,734,7.6404714752262635,25,0,5,931.9760303378646
4390,517,500,463,151,296,163,68,454,114,88,382,557,1.0527575558986169,11,1,1,595.3765096276189
4742,543,276,477,54,311,51,27,211,94,41,255,919,4.558728690124631,29,1,3,1537.0679760847584
4925,654,710,364,241,170,83,28,491,162,91,209,375,4.812811698737425,29,1,6,1337.5989021876373
3619,1366,429,103,246,334,331,170,339,102,21,399,921,2.345100860036119,16,0,2,0.0
4274,1242,777,361,198,378,210,92,283,75,84,154,32,7.991716054010101,9,1,0,531.5122925746684
3956,2351,231,428,138,266,219,163,197,159,43,187,552,5.307528755764754,26,0,6,0.0
4939,1925,257,381,123,294,143,163,484,193,75,204,727,5.723264155010689,8,0,0,72.23338662188738
6953,724,303,485,171,272,297,31,246,61,53,228,512,3.57975059304541,25,1,4,3627.395113069674
5381,716,511,469,260,294,370,140,305,65,95,109,264,2.4550208174963615,3,0,1,1774.8828218282795
3968,530,266,184,209,162,57,158,118,140,30,481,990,8.021724086721056,4,1,2,688.5403242476308
9654,2392,573,441,195,169,370,101,186,101,79,142,186,5.329212072069049,4,1,1,4732.3035281430075
4316,1582,434,486,107,322,159,160,359,132,15,168,120,2.4088679460136806,21,0,0,245.1811137501885
4043,2415,311,134,147,409,81,182,291,125,21,492,87,4.261027220517757,15,1,2,0.0
3281,1397,588,213,289,382,100,126,229,159,13,422,938,5.557935155723363,12,1,3,0.0
5844,944,607,158,128,448,217,190,303,163,16,384,537,5.551571861977332,1,0,0,1850.0897415154172
9262,1758,253,137,201,178,115,120,122,107,85,101,550,5.577331920309705,17,0,0,5413.64786361216
4058,1630,438,132,54,135,80,177,283,50,82,437,821,1.6910742449408234,26,1,6,0.0
7293,1714,494,476,176,488,373,79,206,139,16,479,372,5.548632218780243,4,1,2,2158.8615208430724
5532,2515,311,498,230,294,61,86,181,137,56,113,149,3.457482381234245,4,0,5,883.6056754887557
6828,2436,287,302,295,316,336,48,436,97,31,161,352,5.670871498257803,16,1,5,1735.123959602069
8178,1237,675,301,145,387,72,172,258,111,36,154,479,6.6648827394907615,8,0,6,3885.7995119760644
9980,2202,503,199,250,248,210,85,413,181,47,128,736,2.3046540337250274,1,1,1,4745.854461649483
8280,1373,504,497,232,372,313,24,367,118,97,360,968,1.20616306585413,29,1,0,3069.569694162427
4008,1065,489,400,182,300,239,143,220,118,23,475,910,6.043982715086846,22,1,5,0.0
9834,2518,407,403,246,253,290,114,262,101,49,337,469,6.930145891627742,17,1,4,4271.2316576494595
4229,2385,781,217,171,121,129,24,103,156,86,296,463,8.65926629619047,7,0,5,0.0
4035,2623,569,342,218,396,320,104,383,95,59,138,354,2.460016379919158,11,1,0,0.0
7585,1046,419,128,282,414,153,68,329,194,84,250,344,1.2393980289489614,5,0,1,3888.793689612625
3275,2814,430,326,147,314,127,45,388,134,41,322,610,9.734600556245972,12,0,3,0.0
5740,816,548,439,184,430,61,90,429,79,78,351,536,0.4001232570581137,28,0,0,1662.463602717052
5289,2359,454,312,139,221,332,177,305,82,90,371,621,4.161797309323193,23,0,2,0.0
4239,524,651,286,178,365,160,117,104,158,75,318,612,4.933980422186196,25,1,1,602.0712238442761
8370,659,341,212,101,442,309,175,365,107,96,343,368,7.107461916757093,22,0,0,4920.626758513939
3125,1637,268,472,147,360,359,145,252,155,14,239,122,8.112659165866429,22,1,3,0.0
7065,1399,288,398,75,154,245,33,116,142,49,112,436,5.576138806361502,10,0,6,3685.7802962787914
7312,1689,335,260,170,381,389,37,342,86,47,221,265,0.2886924016793513,7,0,2,3043.8615343734473
6868,1202,722,118,273,359,233,76,288,64,81,225,719,9.981478035525175,24,1,4,2280.1537086686103
4208,500,641,363,240,462,195,44,311,142,71,491,401,6.3978731805964015,23,0,6,239.85159771507887
8342,2422,237,258,61,382,224,89,415,59,11,209,108,8.315783501585623,20,0,6,3971.867355179513
9638,2867,407,110,119,329,249,152,388,69,49,251,817,4.145668536582895,18,0,0,3928.7740100896267
9570,1924,409,107,133,225,237,104,236,171,80,319,540,0.5222903250064714,13,1,5,4870.561971912269
6249,881,712,252,68,358,155,58,277,186,59,392,912,0.8267819483720396,24,0,5,1836.0004916100977
3918,2241,559,212,257,149,122,133,258,69,31,446,313,7.710942035124245,23,1,6,0.0
8413,2326,776,247,181,323,321,30,488,113,16,263,771,2.125250792424197,13,0,0,2555.000385137073
6923,1773,200,137,145,480,263,121,273,134,82,172,67,8.563240073646295,11,0,5,2992.230916406205
9294,2048,580,234,259,381,235,44,342,169,44,114,948,2.5238055269816675,15,0,1,3915.4553698492095
9527,2078,736,472,54,245,189,177,210,184,33,414,78,2.5918620889989175,29,1,3,4691.424780274842
8757,1397,593,334,170,490,216,21,231,151,45,337,766,0.9786238821590709,21,1,1,4134.22186997762
7403,1216,249,354,177,472,192,55,130,113,62,360,643,1.4045348400728974,17,1,4,3530.481454685072
8455,2854,595,173,103,144,121,56,103,97,91,114,12,1.2717876024714037,2,1,4,4177.338158374062
4969,890,231,427,291,496,393,21,478,96,35,199,177,0.42175502858243785,16,0,0,1311.9494109168327
5793,2199,744,461,247,361,196,127,117,116,88,313,52,2.3680648030098137,6,1,6,744.2881186300319
3891,2845,433,473,234,333,150,194,437,66,65,232,55,0.22485845296360663,23,1,4,0.0
7470,732,225,375,255,152,387,110,331,155,95,441,837,7.035142478113396,9,0,2,3284.593567498973
5033,2426,753,308,229,334,134,115,389,175,98,244,324,6.1626268928944175,22,0,0,0.0
4364,2818,633,366,290,295,354,23,147,190,52,184,54,1.721859846356666,25,0,2,0.0
3128,1819,260,243,67,103,344,113,162,125,98,209,800,8.62161436182286,22,1,4,0.0
4014,1205,752,141,113,159,383,65,369,76,50,314,965,2.8567064216060567,4,0,1,0.0
4799,733,640,323,294,272,192,128,189,139,98,291,417,5.356775163658668,8,0,0,926.6719866916211
9812,1891,329,445,187,171,360,121,186,96,47,255,580,8.110222222978004,1,1,1,5038.096554300652
8477,1755,553,151,72,174,244,183,388,164,98,319,751,3.6917087331240084,15,0,0,3786.4348034189825
7612,2396,397,407,169,421,233,84,180,89,16,180,569,2.510415421719414,4,1,1,2591.1767849209355
4518,1389,570,236,164,121,350,75,269,118,49,438,803,8.606712987662913,7,0,3,32.939271591849575
7181,1091,346,294,298,495,116,54,483,149,33,112,780,0.7405747433954035,7,0,0,2788.417134911085
4198,1245,697,194,131,308,271,138,259,94,92,144,859,6.504374450593443,14,1,0,0.0
6873,2219,247,490,245,150,311,120,211,151,31,389,134,8.386622246243927,25,1,2,2152.5853623863986
9454,927,371,357,229,244,375,42,198,129,55,338,56,7.101829810244114,24,0,6,6188.684124518357
8238,1231,514,124,145,448,71,97,470,123,32,281,648,3.7424565845128823,17,0,3,3927.6131089353726
5474,1299,575,331,224,404,390,63,270,173,93,132,793,9.508136998565464,11,1,6,706.4972176891146
9089,2911,732,431,247,371,215,20,284,86,93,210,864,1.3584822276399333,15,0,1,2550.153576527056
6485,701,619,193,75,143,151,159,242,192,16,499,310,7.115299043322651,27,1,3,3223.0082863853436
9257,2693,595,449,247,206,363,160,405,124,43,142,534,7.180808581742243,27,1,1,3487.232638644354
7049,1335,721,320,148,249,159,174,471,58,20,193,868,6.123470561176884,27,0,0,2175.784735513194
6719,634,386,396,282,193,391,39,342,131,52,486,695,4.856202988179776,23,0,6,2641.9320260678805
3302,1787,232,302,220,363,365,130,170,104,81,446,153,9.5231138542341,5,0,2,0.0
9887,2611,268,442,246,209,228,131,162,186,20,414,627,4.663530285031616,2,1,6,4292.997369067181
6952,540,791,180,240,117,216,117,169,113,52,227,586,3.330951849389997,22,0,1,3498.6876259991577
7683,1412,390,304,255,337,183,25,492,90,34,217,432,5.14915088973048,17,1,0,3503.6153950354255
3986,2229,300,479,115,435,79,155,240,64,40,354,588,8.00932999820574,1,0,4,0.0
4863,1474,684,176,295,338,135,40,203,85,35,259,563,1.6301423459059194,25,1,4,721.1271626549641
7440,1633,484,137,292,473,58,122,245,114,83,145,986,3.7050422265020266,17,0,4,2678.9721690118167
7909,2915,589,294,153,311,185,168,262,82,80,354,449,5.656654053916935,28,0,0,2089.0196187862766
9083,1959,764,141,240,330,339,64,100,114,54,475,700,8.430483952635019,2,1,0,3713.477194104824
9944,2540,359,281,190,427,185,89,315,172,67,221,271,4.0033307555885695,6,1,6,4827.705304481168
6072,743,753,344,228,449,189,124,224,183,73,485,860,5.504846902219508,1,1,1,1407.4815216787224
8406,665,246,294,54,393,92,191,469,176,29,298,659,1.2248491969806652,28,1,6,4873.629040216109
9095,1549,358,177,224,180,154,177,135,124,88,461,607,0.941129240659403,21,0,2,4904.493546381507
8773,1997,645,419,213,354,361,157,341,140,89,301,982,2.134071760565266,26,1,1,2689.7485937153606
6124,1227,722,487,213,331,80,94,307,123,71,100,251,6.856385885022953,12,0,3,2115.902034186724
4327,1615,354,224,227,462,219,20,354,65,70,179,72,2.1212171804994595,7,1,0,555.3859446995768
8188,982,538,240,233,308,210,157,401,156,94,204,991,8.77333590645666,27,1,0,3584.0122434766245
5408,2947,564,126,68,485,324,172,352,75,63,255,643,8.987466852274238,23,1,5,0.0
6673,1730,773,414,69,397,302,102,264,103,44,467,305,2.654650035812758,19,0,5,1561.711674252683
6291,2648,347,420,199,473,268,93,221,141,43,288,809,1.0526442717503237,4,0,2,309.2733258273787
7033,1379,343,380,80,120,162,130,181,190,10,439,622,4.11292715072527,1,1,6,2899.172329079704
8105,1329,302,392,154,337,269,33,399,84,18,178,495,7.936965134824559,26,0,1,4138.9581432161285
3703,2524,292,341,288,485,232,150,448,78,30,226,649,1.0784996885242881,16,0,1,0.0
3574,1258,485,335,239,360,309,187,423,61,91,193,899,0.9924032637944491,15,1,5,0.0
8704,662,623,302,93,372,61,180,175,118,31,367,55,2.447338143441695,20,1,0,5852.308377924946
6232,1696,318,479,245,379,389,154,432,81,99,226,202,6.926925977997546,14,1,4,1454.6782190329639
8208,1807,228,426,244,491,295,127,497,59,85,229,833,3.743348220197439,12,0,1,2676.5783910760365
7783,2928,710,241,150,249,299,22,433,182,40,301,219,7.367096488182532,15,0,3,2014.6944939544603
9924,2495,229,193,138,414,107,138,278,76,46,190,701,4.047987812605251,28,1,4,4898.650335550487
5632,2434,565,251,98,251,353,184,301,70,57,475,139,0.7903733366204324,9,1,4,377.0016019665966
6828,2056,337,352,278,381,50,112,185,65,11,120,551,9.985618907874782,28,0,5,2213.097180866936
9732,806,674,166,108,160,252,173,364,78,25,154,980,6.810556394078468,24,1,1,5763.777828293653
6230,1862,762,275,181,235,93,110,469,151,59,499,812,6.312631936400082,3,0,4,609.750270876042
3488,2602,591,202,166,111,368,44,436,174,32,136,993,4.935458360374161,11,1,3,0.0
4347,832,634,190,216,113,144,187,443,120,15,185,759,0.8313545615173756,14,1,1,570.2251116812997
6681,2674,433,292,184,129,343,62,168,132,70,394,737,9.85186876166528,10,0,2,1058.1509599078672
6173,742,254,265,248,454,58,134,205,63,45,268,547,4.6576741171814176,10,1,1,2762.2855954260867
7589,2384,491,189,226,417,311,113,164,90,31,377,433,0.4134656140111703,27,0,0,2223.4836326329355
4667,1932,511,425,138,386,375,63,126,161,71,148,821,3.4326132242437213,16,1,2,0.0
4637,802,747,414,64,319,302,48,491,123,20,244,962,0.3291355407629981,0,0,1,142.19142746336453
7114,734,288,367,56,337,357,110,105,122,94,200,550,5.06779420818274,25,0,5,3766.3461919883553
6553,2686,411,150,224,126,372,76,408,65,86,393,389,7.5409924520230085,11,1,6,1201.9642747299463
9540,694,517,265,165,356,145,127,488,175,54,396,320,9.572528726696618,19,1,4,5866.954116921524
4000,2050,664,273,245,396,179,156,216,161,91,224,488,8.43389195130817,26,1,0,0.0
3850,2292,286,326,147,241,85,41,245,73,65,205,523,2.711525663191887,17,0,0,0.0
4388,1146,608,365,167,349,154,89,263,70,54,340,998,3.4703930607101485,19,0,2,0.0
8450,2548,439,108,222,173,248,25,196,168,53,422,253,5.1974412800666405,2,1,3,3592.251967629252
6712,1060,256,186,157,397,340,174,483,165,97,215,512,6.850211627136943,26,1,5,2622.3147440322973
4367,1619,312,193,155,298,79,141,409,120,10,172,83,7.363535769867888,13,1,6,674.9621714728073
3821,1212,269,151,196,395,142,137,261,184,37,420,163,8.495632377966151,2,1,6,303.8773376761146
3454,912,383,278,96,113,285,71,387,59,13,113,677,2.246523407041865,2,0,0,58.66673659675679
4624,1037,475,377,290,199,244,89,150,81,13,213,431,1.1172194374263478,16,0,5,1033.2000468421995
5772,2378,432,338,102,190,305,196,230,111,87,351,942,1.7756762664213588,6,0,6,0.0
6726,2976,253,172,279,494,80,112,420,147,84,329,770,9.433922330447466,4,0,1,587.292475065301
6147,734,456,438,204,290,74,170,353,137,96,165,508,1.3236494288603151,6,0,6,2574.271567673988
7089,2896,289,171,182,461,352,100,440,169,85,265,689,3.1893402140736473,2,0,4,945.9509685915672
7806,2279,634,473,294,404,50,168,112,165,67,142,946,1.9577382070504734,24,0,2,2028.4954052028054
5190,2393,607,167,109,205,167,93,107,99,51,346,172,1.1072644663613074,29,1,3,664.6266318471664
3916,2004,468,104,299,493,214,126,363,90,77,476,147,5.267598468518587,28,1,4,0.0
6986,2362,565,438,126,106,162,155,413,96,74,353,749,3.7940004594350163,16,0,5,1497.3580570818053
5875,2943,550,337,111,180,244,33,479,51,49,319,685,7.266019036872729,20,1,5,0.0
9748,1874,498,220,108,352,189,50,446,53,83,493,327,3.9250304057902285,15,0,3,5083.4913689308205
8592,915,358,310,287,239,69,198,458,50,16,444,138,5.556080628898361,24,1,2,5115.338012904144
4440,2409,686,361,238,456,335,165,442,199,11,224,875,8.20643347404489,17,1,5,0.0
7400,1415,725,424,105,410,280,194,235,60,96,121,439,5.274979787125542,24,1,2,2912.4640375153112
3735,580,554,157,127,106,128,113,416,161,43,174,896,4.373709262360947,9,0,3,159.2056166048538
6568,2583,600,142,271,251,177,101,347,60,60,163,541,1.3215112099318393,22,1,0,1352.7020602127723
9434,1590,604,296,96,389,134,199,298,158,21,203,59,5.593825903932461,28,1,2,5278.876969572523
9059,2190,295,171,225,225,113,184,175,63,65,144,936,0.9910342625070323,6,1,3,4320.309115507081
9245,1256,769,190,187,384,323,49,469,140,85,301,179,1.0489066106164369,3,1,0,4793.2658523666005
9105,967,591,136,209,381,337,49,457,136,25,373,973,4.511822854094549,27,1,6,4270.839017764434
6338,1665,551,413,242,173,302,119,462,122,17,168,19,5.193998473517611,2,1,0,2054.6659098348905
6015,2903,775,336,73,144,143,67,193,108,51,110,109,7.465282607296178,13,1,2,1153.4645288373815
5889,1994,487,482,78,116,338,186,429,195,15,472,285,4.56526970627915,28,1,1,682.1280850133221
3961,2144,722,392,284,332,199,46,117,110,88,382,300,6.214151462819771,5,1,3,0.0
5989,1519,361,253,184,263,206,163,271,73,58,368,203,9.198144058661066,0,0,4,1991.839935690282
6848,2114,381,269,144,162,265,179,468,76,20,210,267,9.400153925118019,2,0,1,2096.4438018605583
4026,1401,748,371,194,192,309,176,247,84,71,421,371,2.6391114637203863,8,1,0,0.0
9228,1172,281,209,143,421,149,199,101,71,39,106,806,4.561363489210278,3,0,6,5709.387507358844
6865,938,723,250,74,191,171,113,129,60,19,195,65,5.311369989310317,26,1,6,3886.713965862542
9471,626,203,230,269,472,181,34,271,173,96,114,214,4.469743464567719,28,1,4,6478.894454417995
5863,2752,694,367,85,141,54,63,349,173,27,442,889,9.633842553872604,4,0,1,0.0
8569,2576,754,122,238,340,282,170,146,154,71,187,970,2.903302409162495,26,1,0,2430.6219553924916
5501,944,250,466,120,426,216,67,398,147,18,401,687,5.192439718774869,21,0,4,1345.909497319533
4947,1465,460,238,212,354,106,170,110,125,82,211,268,1.2572285719582643,13,0,6,1215.6047607506812
9772,963,333,407,169,430,80,133,374,181,15,407,829,6.298564053714393,23,0,4,5594.798520187367
4177,2698,798,338,261,170,56,144,486,160,89,123,529,3.2816951952038664,2,1,5,0.0
7760,2787,561,291,255,398,61,33,103,114,85,153,146,8.055537132293413,24,0,0,2659.4531938325636
3011,2813,767,226,291,315,59,73,466,195,11,280,154,1.3037343632046106,7,1,2,0.0
8252,1412,416,128,99,410,206,111,265,108,90,155,906,8.797884815748535,8,0,0,3911.486903765709
7399,996,267,220,233,155,262,190,300,72,35,377,500,4.300900652905244,20,1,3,3761.6012364086037
6364,1963,755,297,271,178,190,192,261,147,18,333,29,4.073184867368691,12,1,0,1688.5348980073459
6022,2271,342,273,297,438,176,169,406,53,14,347,640,7.634174479016077,22,0,3,598.5093780664467
6371,657,545,243,177,220,247,143,338,158,26,297,460,3.022039496461896,10,0,4,2897.4475926369037
8859,671,753,278,242,301,186,80,203,89,71,359,442,8.574500887776974,21,1,0,5161.173804895525
5830,993,784,456,279,427,228,37,438,155,56,261,135,2.7736583736520206,17,1,1,1490.1535295276856
3042,1469,393,110,90,356,137,191,136,186,48,278,574,7.315478030397657,26,1,0,0.0
3943,1834,445,238,74,229,316,105,323,190,68,330,661,0.5586005162350849,18,1,2,0.0
5390,1926,513,352,211,448,213,165,158,50,92,382,147,7.009773619045589,29,0,6,840.3249479537865
8445,2192,583,444,185,141,298,76,463,125,15,338,845,2.626304090185849,11,0,0,2624.3507358579277
5545,2293,476,413,105,173,50,104,319,187,77,281,653,7.270145025899147,5,1,6,352.55826954585484
5411,1158,271,118,133,333,326,34,460,196,47,499,847,8.268542703052589,7,0,0,842.6016869961309
7986,1165,328,259,207,108,221,125,373,153,65,195,146,1.7045481766209747,2,0,4,4705.867066569085
9570,866,557,405,117,469,311,77,124,71,23,156,806,1.670276425360453,14,0,5,5610.587827843917
4004,1049,724,221,70,130,191,149,493,138,89,158,891,7.450559710215781,27,1,2,0.0
3020,1142,419,171,140,195,142,33,306,60,63,396,604,1.6991084547908242,16,1,0,0.0
3406,2393,205,154,59,357,178,40,124,124,41,260,293,0.19555415985543778,25,1,1,0.0
9762,754,427,268,136,379,185,190,183,139,40,272,456,0.6163880422256574,21,0,4,6363.568593916801
4014,707,216,198,82,328,160,64,347,65,78,454,305,0.26091422404583176,26,0,3,926.6703361242749
7431,2997,784,169,252,344,93,53,347,177,26,168,389,9.074516781577293,13,1,2,1807.588152801829
4838,594,211,248,154,297,260,136,150,188,13,273,25,8.65121872842358,8,0,2,2282.2462538564096
6188,2383,797,216,132,331,392,90,109,106,97,456,688,5.554055663202384,10,0,5,395.7335400348567
8243,977,698,125,252,398,380,98,276,114,15,482,99,5.123316555607577,2,0,5,4410.303250954791
9542,1261,701,347,53,150,296,31,224,55,73,387,531,2.438775175792972,8,1,6,5342.365252399128
9936,689,269,484,72,316,281,142,265,126,39,151,360,4.993560759252031,2,1,4,6733.722866817859
8923,2007,307,308,246,273,341,26,447,140,84,305,664,9.3125751939712,17,0,3,3686.502010849582
3714,2256,400,326,102,174,219,88,225,84,18,472,647,5.702084571775076,18,0,4,0.0
7146,2059,251,213,162,198,283,130,468,177,33,132,622,0.5682658034519306,3,0,2,2466.923955778733
6854,1255,748,293,291,100,57,122,469,166,29,262,103,0.3700466076376452,5,1,4,2687.802772332861
7419,1946,458,420,182,223,351,136,401,108,22,333,410,8.713833308965418,8,1,5,2261.379191197374
7884,1335,681,109,67,216,149,175,346,177,64,332,639,2.1697205374404427,11,1,4,3653.1558248453953
3140,2163,463,194,66,442,302,117,169,63,28,210,20,0.047781046162166385,1,0,4,0.0
7565,2128,502,220,235,294,357,44,110,168,56,413,202,7.437653115839609,26,1,6,2742.589888702919
7882,2335,775,225,244,332,331,85,182,199,80,313,466,8.192887852043242,8,1,2,2329.9309888748276
8921,632,753,136,156,228,340,70,499,134,76,169,908,2.8630197728118634,24,0,0,4846.484049769147
8453,554,754,168,162,473,237,181,259,179,49,217,686,8.31646301373015,27,0,3,4555.073939633902
9012,1009,324,396,171,162,172,193,485,169,67,197,900,8.044626957430447,9,1,5,4819.678743574434
3963,1169,469,273,249,335,181,194,157,118,40,155,89,4.8679122878372985,23,1,2,401.6974551627518
3372,2957,679,144,233,431,285,139,440,192,54,359,70,9.385314974095767,11,0,0,0.0
6635,2189,331,222,217,329,270,179,178,99,63,421,652,8.446604373538003,21,1,3,1412.6840043540565
5541,1816,201,481,136,289,111,144,284,137,82,492,751,0.2954385675428728,29,1,5,314.24389948527124
6610,1233,314,126,264,288,369,159,176,75,95,449,599,8.997742691128918,4,1,4,2618.221551931986
4692,2193,680,292,51,267,227,144,170,154,36,481,367,5.411835053504629,1,1,0,0.0
9894,758,200,439,170,194,269,166,215,174,61,246,151,4.686828293750793,26,1,1,6823.07615105749
8275,1645,530,235,152,256,220,66,284,135,64,162,737,9.57308881276334,20,1,6,3681.3935517192176
9434,798,776,294,198,390,131,185,422,76,36,287,38,2.847989255034281,27,0,3,5825.389256112047
8767,1060,590,148,229,447,63,157,114,68,54,428,707,4.388798187802994,11,1,0,4648.222007869219
3105,2412,342,195,201,440,319,29,439,86,52,232,83,1.8363104919666184,6,0,3,0.0
8539,2364,527,220,102,494,103,118,102,85,51,499,204,8.719151956027853,17,1,6,3898.0477699207495
9813,796,576,348,215,238,180,60,157,112,15,490,568,0.6768170662805928,1,1,4,5769.617564524047
4681,2909,289,316,197,290,147,74,382,88,57,101,822,0.155637638317504,21,0,1,0.0
7097,1961,241,213,99,155,250,137,498,177,67,433,315,1.5178001539965413,5,0,5,2560.162384162445
7016,2674,234,113,216,106,310,134,287,156,36,258,820,6.33353320912613,27,0,0,1525.0329965575957
5636,696,693,161,109,150,270,62,358,189,41,441,989,1.1746858925888048,0,0,2,1399.1702652172928
9787,2768,752,142,163,138,54,185,274,129,47,139,868,9.206533310789286,18,1,6,4126.97621747722
5137,1494,323,339,268,397,166,174,164,128,95,226,150,6.784626238493013,17,0,6,935.388227624285
6416,2638,256,195,157,171,350,51,110,81,62,286,683,6.8288574476827595,15,0,6,1502.4207312189792
7445,2958,655,126,88,355,241,134,380,199,86,322,957,9.726142295551357,5,0,3,953.9700202020551
6530,507,434,423,120,408,165,90,290,169,36,438,76,0.5742440920481839,16,1,0,3371.324635314723
4286,819,591,482,177,190,285,195,103,55,49,489,879,6.528823410787822,3,0,4,0.0
6179,1917,691,341,82,248,100,45,438,154,44,395,421,8.99116995067309,29,0,5,1209.4250045554497
8158,2816,542,339,206,129,62,77,153,171,86,354,313,6.16794356494137,19,0,3,2856.8822280603185
9302,2198,375,403,123,222,267,95,159,194,71,270,886,4.602071696685435,16,1,0,4032.170850765994
6654,2608,251,166,59,484,378,171,255,51,10,465,876,0.23032594021436092,23,0,4,796.9911814882536
5359,1961,749,380,253,336,117,133,237,129,36,111,909,1.7121178090128486,11,1,3,0.0
3444,1787,677,291,244,379,280,193,263,104,31,445,163,9.208302940680419,10,1,4,0.0
9441,1618,688,218,180,224,374,179,179,160,57,359,952,9.786090892632718,6,1,0,4102.941627520616
8047,1052,204,251,254,233,141,163,414,61,33,214,567,4.92288323888391,8,1,0,4506.9213992180075
3035,1160,408,364,158,105,153,109,272,158,32,414,168,8.98504836258724,10,1,2,0.0
8203,1215,416,491,208,482,127,160,278,189,62,148,388,4.783586375149115,15,1,4,4220.430267461074
4475,2741,735,330,76,472,151,121,145,100,44,360,586,1.5917553014620178,9,0,3,0.0
6957,1958,541,450,247,296,310,25,496,97,82,480,511,0.8544862896673688,14,1,3,1321.0674595852583
4798,1354,600,348,76,289,353,159,355,154,36,449,143,8.32824215787255,28,0,2,590.308930440968
4845,2759,661,158,276,390,275,156,448,119,16,465,331,9.379259347122423,18,0,1,0.0
4408,1164,410,116,160,483,397,103,231,168,33,458,784,4.09749093277275,6,1,5,31.271100732610904
8291,2397,225,270,58,335,224,78,269,154,89,232,158,1.2688362244396634,28,1,2,3694.6404082079484
8495,2174,451,450,294,178,137,86,235,139,32,360,199,8.468653783168094,3,0,3,3695.2488686941792
4708,2768,202,231,55,134,167,171,204,50,16,299,907,3.4304546020332074,18,1,4,0.0
8481,772,201,456,183,403,329,34,401,193,65,345,903,4.872379709979121,10,1,2,4114.329361331347
9702,1677,201,235,281,469,190,82,491,95,31,154,268,9.932013433791257,11,1,4,5699.716966217729
5938,1772,349,141,75,460,162,69,125,112,29,292,886,6.7801705350715835,29,1,1,1491.367224319427
9284,778,782,404,92,171,298,115,100,108,15,293,150,7.217007527785152,2,1,3,6149.328673303832
4300,1315,203,105,68,142,138,40,467,96,40,106,260,2.8131268263332663,3,0,1,1202.428772139303
9869,775,696,428,65,390,358,20,353,65,82,114,967,2.5699672485183624,17,1,4,5446.707430790514
4243,1504,749,269,154,232,269,145,310,95,71,177,258,2.9373655879307705,14,0,5,263.40843313058633
6976,1422,667,387,72,386,100,30,309,129,98,256,638,5.98059477156572,22,0,1,2298.2549928221624
6097,1141,269,498,252,205,224,169,189,99,51,213,452,9.374550158820638,0,0,0,2470.9303815707567
7616,1004,400,437,257,258,258,127,138,98,22,101,809,6.853226371006782,21,1,4,3701.020000223701
8902,1271,507,314,206,456,166,121,492,156,36,285,297,2.8734902610905024,21,0,2,4529.536084666802
3009,1764,451,168,215,107,362,107,126,69,92,426,280,6.418529361355177,18,1,5,0.0
8079,1759,486,469,108,361,362,154,297,168,89,365,607,1.3894027719331048,1,1,6,3008.694310692822
5425,1513,491,126,290,442,340,132,329,126,56,410,591,4.269455244574807,24,0,4,558.183091921441
8752,627,353,324,97,179,135,196,115,121,66,189,74,8.886557283986466,26,0,2,6276.381599271275
4660,1723,332,421,197,143,184,119,422,175,87,112,663,2.489282623759337,17,0,5,76.7198461466638
9825,2025,785,333,70,276,358,148,121,60,13,264,616,5.581123589969881,15,0,1,4732.580393252546
5631,2173,473,150,205,491,315,84,172,104,31,235,599,0.7697877096210348,26,1,6,399.33057210578943
9295,991,708,248,227,163,269,83,283,96,63,351,125,0.8757027900752734,16,1,3,5580.980009324025
7815,1757,552,174,82,487,344,173,475,176,10,139,437,0.6892873133142263,18,0,5,3110.4164473187857
4072,2166,204,405,163,387,235,36,491,127,60,448,422,2.0988767720311596,19,0,0,0.0
6225,915,492,191,89,408,212,158,234,153,94,190,315,4.556818159891413,22,0,1,2647.860830453463
7954,2695,559,467,267,212,176,144,431,99,72,236,380,9.148590578277702,9,1,4,2166.4892408519227
4316,1469,797,167,231,418,364,29,100,146,39,224,45,3.482930910932885,10,0,6,246.29753879976482
8699,2576,413,334,59,469,166,85,495,166,43,302,444,6.315681565771712,3,1,5,2994.900888237888
7145,1884,605,461,211,307,186,51,307,154,38,316,429,5.559660625234257,14,1,5,2159.550129617928
9807,807,635,243,122,325,305,35,113,72,77,186,917,1.4532545686744203,6,1,6,5966.276844877272
9674,2709,214,175,297,432,313,131,321,110,80,493,337,4.749839508384326,13,0,3,3974.144170732156
6683,560,472,185,85,377,271,45,343,56,66,432,464,1.3995798748574473,24,0,2,3332.9927710647335
6273,2672,762,326,124,482,363,123,246,64,85,332,576,3.0914148188211032,13,1,4,378.7531900637545
3145,1979,244,462,251,386,199,93,374,128,42,283,651,1.0077997639336078,24,0,1,0.0
8010,2430,611,155,287,379,285,119,176,58,97,273,86,2.16552343983893,13,0,1,2917.0435559976445
6040,2790,386,179,184,102,217,113,207,108,74,172,775,3.718879133669375,11,1,3,823.3087155495662
4462,2013,369,123,164,132,118,156,429,157,43,441,352,6.245208157370797,24,0,4,34.01121881615735
9385,972,793,326,279,406,258,24,210,183,90,216,267,1.3778466792556399,19,1,5,5451.1671449560845
7676,1458,600,127,65,313,101,26,224,187,59,218,592,5.947634029510929,21,1,6,3713.055422891793
9830,1032,445,220,228,129,316,84,192,64,66,414,221,2.425646344934086,0,1,4,6355.466197818972
4584,993,751,192,267,124,199,31,336,167,95,416,358,0.6623782440923298,28,0,2,640.568429806848
3482,581,242,440,273,127,352,195,347,137,58,364,234,9.17832581490633,4,1,1,68.89475398008528
6179,1378,378,211,238,196,394,44,242,53,57,333,76,0.5057652290238857,18,0,0,2695.47658926382
4249,2045,656,477,208,186,62,160,308,163,88,418,443,8.42049967694879,21,1,5,0.0
7768,511,734,444,292,125,149,188,418,107,88,113,404,7.193094220244738,21,0,5,4010.8141892139797
3630,1786,443,130,209,219,222,29,122,192,65,431,124,2.9073342095386865,5,0,1,0.0
9804,948,216,242,94,300,286,187,109,51,96,331,776,7.178442536483161,24,0,6,6221.651978180862
3661,1261,311,466,253,491,124,52,355,153,21,372,510,2.6279912817269246,12,1,0,0.0
6503,525,797,397,76,456,374,182,276,173,65,116,630,7.93943791453381,13,1,6,2418.674314431982
5852,2306,746,326,298,452,299,184,497,118,18,406,795,1.00519765240639,15,1,3,0.0
5466,2068,229,457,71,114,127,122,353,120,38,341,966,0.3220432690652897,5,0,3,411.7991716184208
3987,561,391,349,192,404,327,35,451,117,46,432,209,1.3824529824123422,27,0,1,441.73200711802605
4546,728,636,149,57,353,291,91,389,196,30,212,497,7.189320842091307,0,0,1,798.6207453246948
3649,2338,378,313,245,210,363,52,194,57,10,135,508,9.675937290415801,5,0,6,0.0
3968,1106,673,479,165,107,265,54,394,80,85,417,169,6.529168165458632,1,1,0,24.540271897916114
5637,1558,333,488,185,440,269,121,179,63,74,117,800,8.767994731044894,27,0,6,884.439259620844
4100,2228,511,368,136,227,70,95,317,78,36,321,301,0.26730219371524977,28,0,1,0.0
9652,1979,224,387,166,285,354,98,308,186,33,479,831,4.1054255713689045,28,0,3,4393.753733824896
3440,2025,570,294,65,486,141,36,199,150,97,154,406,5.756495086362639,4,0,6,0.0
8016,1260,724,353,225,492,344,46,122,119,58,461,436,4.052678886857592,2,1,3,3191.731409834791
3769,1094,518,178,211,113,149,133,380,141,43,478,576,7.144787227352874,14,1,2,0.0
4343,2092,429,343,263,329,315,40,296,94,66,223,822,2.215835956509161,26,1,0,0.0
8922,1555,301,190,162,190,217,168,489,123,59,420,422,2.626111957709254,9,0,4,4497.515286060665
7358,2354,649,105,264,103,107,36,346,103,55,369,191,5.071384768762041,17,1,1,2640.9353845761566
6729,2548,577,380,106,251,138,174,189,94,19,365,633,6.643902881803082,27,1,3,1138.2575203067267
6906,1958,402,249,182,318,222,95,352,52,97,479,722,1.3044399936476392,17,0,0,1759.306414498337
4577,2361,466,423,278,175,194,195,105,125,16,360,402,3.0025342579478806,11,0,2,0.0
9780,1659,661,498,93,383,170,63,118,85,23,332,3,2.8091085855336595,5,1,6,5675.377833059805
7008,1719,564,381,120,454,294,183,374,188,24,448,6,4.842709767346825,0,0,5,2296.4514584299536
9602,632,303,290,86,315,373,47,209,183,60,468,412,9.642787612864364,26,1,6,6163.459004829815
8094,585,310,373,267,258,315,44,466,166,64,342,623,3.910307995055866,29,1,0,4416.846400147115
6351,1999,627,172,173,350,111,66,194,90,41,450,486,8.587782356602924,4,1,1,1726.8551438317081
7795,2330,668,417,77,166,138,120,186,121,68,264,842,4.006758270278812,19,1,4,2418.4253104670875
5349,1703,780,167,117,321,121,42,495,156,82,260,604,3.2358385818238555,25,1,0,523.0603807601004
6602,674,760,403,162,291,219,94,112,186,48,321,252,0.9162054675927755,16,1,1,3006.6787134093697
8699,2475,449,162,273,318,222,69,441,133,56,202,775,7.100761242017482,9,0,2,3150.0892473155664
4241,1077,681,233,215,472,125,84,294,153,42,196,300,2.886319675246256,28,0,6,389.00439250564324
4125,2298,530,406,95,116,207,35,175,187,42,109,456,7.009314013928164,8,0,0,0.0
5601,2596,786,367,250,489,379,143,328,90,47,285,260,3.655002000808363,25,1,1,0.0
9431,644,400,322,149,206,262,69,258,53,30,290,990,0.15752830420813213,19,0,5,5774.377737938849
4190,1261,653,225,75,326,58,32,432,59,78,262,574,1.5801808003213158,13,1,6,166.9646582626719
9764,1877,703,364,124,180,52,99,122,98,52,478,329,7.774826163569173,17,0,0,5396.264765867772
8101,2325,745,106,261,366,358,54,304,196,20,148,170,2.1673929001122207,26,1,6,3024.9632774869297
7131,1428,310,305,230,265,219,133,425,123,69,255,599,2.301544069695096,22,0,5,2682.8918901977772
7839,1293,743,278,240,456,196,51,480,97,55,154,144,3.3335257307193067,14,0,5,3690.0741787177985
8860,2101,408,282,161,333,55,106,339,173,81,236,238,1.8464318566685956,10,0,0,4403.017110171608
7448,2160,232,327,112,261,220,172,413,149,65,272,842,5.385327615059462,0,0,2,2183.7751044681163
9018,818,754,335,161,274,129,190,294,186,50,221,545,5.141011328447551,15,0,0,5008.7158851757995
3072,1610,306,245,289,259,341,175,298,68,52,248,855,6.316507746269147,10,0,5,0.0
9791,2076,464,157,215,462,273,128,237,175,61,431,775,9.66884604817136,1,1,6,4456.629111825694
8472,1197,425,395,192,475,344,85,322,60,57,106,248,1.195045041888756,12,0,2,4502.436987132935
4914,1346,686,340,148,284,92,114,423,52,21,377,427,3.8446839244951594,2,1,5,457.2161303285262
8189,2301,378,444,58,273,294,116,425,194,16,195,486,4.995024237890754,19,1,0,2842.021984682995
5472,1282,421,386,274,337,99,180,437,164,53,166,407,9.039180457745896,1,1,6,1128.2640941432142
6046,2589,569,262,124,262,344,66,314,122,15,175,129,6.325537435294799,22,0,3,931.5235261547363
3707,1616,366,125,71,499,179,137,107,79,28,285,903,4.218929201209444,23,0,4,0.0
4804,2250,752,205,247,337,301,54,469,129,25,441,798,0.5154878310195232,26,1,4,0.0
9704,2149,499,339,233,205,214,119,315,57,20,269,110,7.577992958674039,21,0,3,5200.551467616939
9971,791,580,439,86,217,150,83,383,54,68,329,299,5.577152068692398,0,0,4,6614.1163328462635
6713,1468,234,431,106,331,324,31,354,118,96,408,930,6.762877501629367,12,0,2,1956.534672459502
8051,1987,606,499,298,175,118,139,422,127,44,127,569,3.1739930587435303,4,0,6,2859.0037816149757
5564,2342,701,478,237,104,93,63,304,174,69,157,767,2.570234074308746,20,0,1,0.0
5475,596,513,141,163,317,199,193,260,118,44,360,3,6.3394943235784496,20,0,6,2789.9648252133843
6610,1618,300,232,262,381,184,30,213,194,26,193,715,4.234661752067113,11,0,2,2097.6662588061913
7255,573,768,416,189,432,367,108,344,120,48,282,118,3.5091816651060546,7,1,1,3572.436475837938
9292,1859,414,143,184,335,394,65,435,128,13,415,358,2.1187456623077914,26,0,2,4435.474844292116
5823,1591,775,134,243,422,267,78,302,119,57,144,79,4.067021302320221,4,1,6,1679.1906394303687
4735,1257,261,463,152,131,197,181,316,81,80,476,21,9.339749152734743,19,0,2,1216.4430070950198
4585,2441,568,446,90,276,175,118,244,109,57,460,208,1.0941475212144047,7,1,5,0.0
3066,707,567,483,201,218,298,168,233,177,91,236,984,1.625174098898543,3,0,1,0.0
6061,1744,773,100,267,289,103,71,273,176,71,362,498,6.054300695804803,12,0,3,1650.768974804302
5428,1785,293,325,202,201,381,67,369,89,32,234,185,2.4056675207284406,21,0,3,1105.9759179329808
7153,909,668,398,239,464,272,97,264,76,69,317,782,8.715679773165675,28,0,3,2674.3084894650688
3341,2878,225,387,261,178,258,166,469,153,37,452,659,8.505358556173766,19,1,3,0.0
8249,2891,634,335,281,421,193,151,206,54,51,149,286,4.19864676345203,27,0,2,2424.70093568516
5774,1270,320,458,154,238,362,121,347,176,47,322,241,6.803325939638308,16,0,2,1736.8759769512326
8291,2343,249,132,155,435,369,51,431,101,92,207,324,7.761882885967727,3,0,0,3383.936408543696
5817,573,235,194,93,325,187,109,438,124,67,113,733,3.3054121973132955,6,0,4,2681.278919422582
5661,2160,609,304,179,365,274,175,440,138,72,338,181,3.182812636524901,0,0,0,449.75345670397786
4232,753,488,208,219,432,151,95,128,177,68,454,698,0.027214415061590502,29,1,5,411.75964084820953
6874,1319,578,421,276,323,148,188,319,115,30,321,757,2.3494137795690273,15,1,4,1972.132921837287
5401,1485,299,129,210,159,356,52,308,184,59,390,253,6.813273240510032,9,1,5,1719.4405563911412
4494,831,523,365,194,363,332,161,148,176,11,290,218,4.427691512845494,25,0,4,874.8084817573114
8917,1921,528,122,171,147,140,123,101,163,90,118,429,6.30715790270881,7,0,2,5019.4435481021665
7211,1335,420,196,240,180,346,72,297,50,84,428,397,2.2582320030937755,16,1,3,3193.1145630806445
3661,2191,766,138,199,396,253,127,188,125,22,414,976,6.093434462532072,1,1,1,0.0
6883,954,309,272,50,478,287,61,310,69,65,437,989,2.4460544733022607,11,0,2,2593.2970559616456
8561,2429,348,347,278,107,146,55,169,148,26,419,877,7.060979075049991,22,0,1,3312.6092183430683
6619,1638,605,478,143,448,170,44,292,91,54,292,131,1.565005347458337,19,1,0,2114.562803674915
9596,812,609,261,287,348,166,199,145,193,62,116,489,2.8948601676432553,28,0,3,5981.627007941927
4868,1517,328,279,247,343,115,187,162,82,97,313,195,2.0640291461287497,18,1,0,912.3844869930527
5334,727,683,202,282,264,180,134,218,138,46,367,578,0.2530624139235971,20,0,3,1475.7049715379214
6374,1357,307,308,231,446,316,105,325,132,23,410,262,9.120806817486855,20,1,6,2017.840177837548
4016,1768,588,121,63,419,365,28,440,65,79,330,883,0.7557309206001539,2,0,2,0.0
7406,1517,624,104,149,286,141,126,126,193,50,231,294,4.152594362714205,0,0,1,3534.7803365646937
3207,1449,646,238,274,348,126,88,290,138,65,186,738,3.5424370137909778,19,1,3,0.0
5665,926,267,313,151,226,287,168,378,104,53,103,844,1.8241258392428905,26,0,4,1851.6134911272723
5493,2589,265,259,280,187,301,89,327,79,31,376,291,4.4433308234044455,5,1,2,373.78431085453786
9813,964,764,494,102,144,276,148,455,145,93,126,50,5.038206621507753,19,1,5,6086.657417111623
3632,2145,703,238,55,499,369,50,323,137,32,110,291,2.66365158389526,14,1,2,0.0
5102,777,703,244,139,381,190,192,394,174,53,289,110,5.261628515644279,16,1,3,1402.4095278242346
5959,518,520,259,113,345,103,175,157,75,41,419,731,6.421682621659654,1,0,6,2457.3871644381766
6083,565,779,182,137,317,189,147,400,188,95,187,499,5.20314852227337,15,1,3,2345.109463745603
7752,666,646,254,82,114,195,150,308,69,96,254,287,8.980629222268645,23,1,5,4805.661388635682
8519,2108,773,387,121,355,323,121,241,93,93,222,747,1.3722005789152592,28,1,5,2837.8791573395883
4931,902,409,416,93,413,194,135,249,67,46,135,205,8.390234715583746,4,0,0,1773.4895295500887
6719,908,569,380,156,276,216,187,116,149,55,190,419,1.4557797953947405,11,0,2,3010.0919162157434
5562,2659,763,163,83,434,135,23,339,53,48,346,674,4.300891154448916,2,0,4,0.0
4679,1096,657,291,211,314,190,159,137,139,43,161,634,1.5294243202116553,1,1,5,688.1209364239685
3236,1562,776,255,201,124,94,141,445,191,90,325,357,6.045319453435589,5,0,5,0.0
7443,2652,362,190,51,423,177,81,386,139,88,483,127,3.455985524287948,27,0,1,2290.073121807027
9770,823,531,241,185,391,166,90,197,190,94,421,302,4.520034321544266,5,0,4,6200.989063301101
7725,2482,549,141,166,216,196,111,157,139,10,396,315,1.6402482096625548,28,1,1,2881.8397810495208
4540,1937,667,348,202,179,196,195,446,90,47,317,964,4.733596837744949,19,0,0,0.0
9099,928,625,394,170,274,70,154,116,140,38,178,511,7.362782990714871,3,0,3,5442.909022942656
6943,1584,526,357,271,331,73,75,219,71,75,352,389,9.344697378899095,28,0,1,2559.9863002695997
8367,2135,305,436,81,414,207,86,122,187,29,123,907,2.84119261252581,9,1,4,3321.5088936947723
3363,1877,454,100,105,139,97,160,309,99,51,298,934,4.339551660026485,19,0,3,0.0
5368,892,557,208,143,270,159,199,312,149,66,436,115,7.828383374340177,29,0,6,1895.7188891426795
3285,2751,643,224,298,216,108,82,247,65,86,167,189,5.577900523649218,2,0,4,0.0
3148,2805,312,163,56,283,66,60,195,188,17,395,362,7.397584527089398,26,0,0,0.0
8203,2040,229,305,225,180,353,170,359,152,96,193,504,7.849659997555298,0,0,0,3290.493568244823
7037,945,723,437,137,486,104,194,172,116,68,291,176,7.3364642562960505,8,0,5,3150.5800176548632
9549,1703,245,343,231,170,186,84,430,69,20,279,11,9.52009480311474,24,1,4,5699.394486413841
7551,1523,370,177,240,239,126,178,148,82,96,270,583,7.316105291213836,22,0,6,3579.4135319774136
4766,841,329,210,250,292,319,116,321,187,45,460,620,1.1918125464553109,18,0,4,775.0743991017977
7895,632,552,241,257,270,229,55,464,104,37,289,849,8.011613549229235,17,0,4,4017.9574377300637
8280,2990,402,315,179,200,134,33,381,94,90,147,370,0.8912327994348546,19,1,1,3156.2217017080206
4012,2359,425,115,84,169,349,184,131,151,81,401,657,3.97030673652906,10,0,2,0.0
5831,2800,279,153,147,273,188,179,127,80,10,152,841,3.5111282994377078,8,1,5,494.52389641087086
5507,764,509,240,71,288,356,175,406,172,61,219,197,1.5669816095802103,24,1,2,2002.7608135251128
4523,592,234,479,260,314,219,66,267,137,12,419,772,1.0743047581430332,6,0,6,577.0692128614166
5785,2185,763,435,241,124,291,99,136,187,22,375,108,2.8936721395861484,3,0,2,992.3796298025096
5556,1934,360,178,108,188,113,179,333,55,32,225,86,6.864009060626443,24,0,6,1964.1094880334904
6725,2685,795,248,226,230,289,171,278,178,96,222,88,2.058654240976968,5,1,6,1113.7103836070785
7576,1731,634,226,101,295,144,33,156,160,43,153,774,9.701252724276863,12,1,6,3065.9664206426405
8782,1501,737,257,198,418,195,194,332,157,35,317,810,0.05101266838052565,15,1,1,3557.622517194692
9257,2160,424,378,189,385,98,98,435,123,14,438,888,5.69013965578577,1,1,2,3538.6507205946937
9892,2096,645,137,60,324,194,135,171,154,17,235,300,5.588238068452168,20,0,2,5255.974444730759
4601,2854,516,256,293,448,308,20,294,166,90,119,708,2.7429901835739736,26,0,2,0.0
5408,765,613,432,231,487,208,38,102,128,34,413,798,5.954876044547724,19,1,4,1027.8307414858136
3340,1145,294,387,260,433,266,140,301,137,96,164,381,5.611177831668068,17,1,1,0.0
5817,2865,424,211,171,440,352,77,290,112,64,235,658,6.878717840239915,29,1,4,0.0
9106,1636,752,289,247,426,66,154,495,123,37,235,626,8.732008149487754,1,0,5,3843.226941726753
9904,1901,265,205,283,248,130,96,306,178,17,127,483,1.0048995045905462,12,1,4,5585.801620751779
5496,953,596,190,63,170,233,134,210,175,28,194,555,8.352795562774743,21,1,3,1827.0793161229076
8962,2738,409,453,82,228,332,83,446,69,22,115,113,0.20471364234603828,5,1,1,3865.328371557087
7930,2414,673,400,288,389,120,37,150,78,35,419,290,0.6162698184034487,8,0,0,2689.260714101068
8299,1963,770,148,151,186,139,69,337,179,48,223,682,9.075557210594237,29,1,1,3430.960037457384
4725,1710,689,260,126,486,246,87,494,103,60,132,248,7.056363115335214,29,1,6,73.3646619795589
4689,1330,379,103,297,117,179,110,233,138,15,107,127,6.42705525440297,26,0,2,1590.883199406509
6267,1890,723,297,75,142,129,35,495,67,22,332,584,5.178287231184497,8,1,0,1373.2457579603174
7406,1612,658,419,191,175,252,161,380,79,61,389,891,7.800652009119987,9,0,4,2093.6659017665747
3261,2734,267,463,286,433,280,97,325,57,96,240,727,7.288914350874187,5,1,1,0.0
4442,2469,528,476,265,140,136,154,125,100,45,371,145,3.4392537821040756,0,1,2,0.0
3405,2679,401,353,225,461,276,75,315,132,26,391,828,4.953152810008088,2,1,0,0.0
5190,1371,674,189,114,464,55,33,179,169,74,281,683,4.823374776438186,1,0,3,789.3024975858546
7437,1134,717,411,95,379,274,189,391,150,52,458,840,4.337865490875068,22,1,3,2306.361664970094
8435,1899,214,119,176,379,195,128,120,187,22,312,180,6.818002187565206,16,0,1,4544.000395664366
3243,1190,241,176,286,358,104,89,321,193,72,436,823,8.111063527411751,3,0,6,0.0
7585,2365,742,319,232,428,116,81,148,170,64,138,101,9.552906386192971,0,1,3,2581.03117409573
7107,1557,488,261,143,123,234,62,439,99,87,218,801,4.130130452824895,11,1,6,2587.805205276591
3560,2455,732,442,123,474,196,76,473,90,23,133,672,6.985215880858907,15,0,2,0.0
7137,1081,443,493,177,395,123,121,159,103,80,373,771,5.63065295380674,12,1,0,2736.461516504309
5725,2718,766,214,123,426,188,94,461,93,50,140,723,1.8093888416142623,2,0,1,0.0
3593,1889,797,193,269,492,273,178,341,109,52,206,406,3.055221717935969,19,1,2,0.0
8548,1283,373,232,245,208,281,70,478,118,72,327,305,8.491649814741377,5,0,1,4564.405329332837
4826,680,733,271,255,458,232,86,118,128,91,135,931,8.077772172566931,15,0,5,637.2842976367385
6229,518,708,213,189,388,145,148,494,72,50,360,729,8.515092335765704,10,0,5,2155.4903152756865
6287,1749,443,108,231,417,391,99,177,143,18,127,958,0.42536719855271854,12,0,5,1325.8441219770632
7073,2116,259,398,241,440,297,191,455,120,29,296,682,9.899926090564456,0,0,5,1472.4929872500168
8789,2722,303,359,151,416,181,197,230,69,30,423,960,5.572121944503364,0,1,6,2730.595779764773
3133,1745,502,269,96,448,62,79,313,88,34,230,294,5.060696459114562,13,0,3,0.0
6138,2138,276,420,214,126,119,22,227,52,75,156,938,7.34408862917281,27,0,2,1486.4232623637652
6919,553,217,197,251,225,398,91,206,52,39,279,31,1.3167893108442108,28,1,3,4387.8231838743895
8043,1926,733,268,218,415,305,133,280,56,81,422,239,2.2856661120078248,21,0,3,2856.5447245763835
3072,2896,383,410,76,269,237,99,293,178,34,122,114,9.420481411002505,8,0,2,0.0
7494,942,749,317,219,146,138,130,495,119,39,169,859,2.068097975754587,21,0,0,3214.193876694606
8524,1079,480,499,297,467,368,73,417,157,86,382,87,3.3658429784991615,17,1,4,4187.329860234005
9721,781,487,442,253,442,365,21,144,52,40,441,524,2.4618548934458606,14,1,0,5679.547145083261
7225,2907,724,445,135,280,203,48,156,51,45,348,955,4.833868195192789,28,0,6,946.6163653502058
5978,1322,673,143,117,464,199,35,485,145,50,292,352,8.039577571411359,1,1,0,1531.645691039495
8907,2169,466,360,206,491,379,114,456,69,70,391,11,8.375693943150473,1,0,0,3755.458533116013
9097,1140,556,384,213,172,181,78,282,76,38,446,416,3.249767209250268,20,1,1,5057.934685560949
7361,1531,200,225,158,221,193,158,374,133,43,108,636,0.7422350445881665,0,1,4,3471.4418285654597
8656,2516,226,359,106,452,296,43,416,68,28,463,141,1.1253991171358801,4,1,1,3497.999192054962
4985,1062,747,454,255,285,112,102,104,112,99,342,12,8.166087094082636,23,1,6,1213.2568153093232
3792,840,359,313,189,423,219,179,253,92,14,124,687,4.287518203771676,8,1,1,208.0111575406054
9396,971,598,404,222,418,351,93,118,182,29,177,60,8.212422181671485,22,1,3,5858.648269613059
9965,2210,742,299,197,181,285,115,130,168,87,340,318,0.14140918640076494,26,1,5,4939.180342074485
8408,2796,326,335,94,129,338,106,246,197,38,382,952,0.3492765770924755,17,1,5,2490.4319568113397
7259,734,409,440,72,380,172,116,461,161,12,108,676,3.1548353134153895,11,0,1,3574.580905801489
3094,1606,349,235,239,220,319,113,436,123,93,303,346,2.0416342429172865,13,0,0,0.0
8901,1616,230,477,263,452,57,113,495,199,34,283,643,6.45197403523861,4,1,0,3947.281620815784
9976,2408,501,215,83,454,267,90,445,87,78,214,707,5.853174460594628,19,0,3,4437.604751484015
4133,1917,456,254,70,205,391,190,472,141,64,146,231,8.943025750959443,26,1,4,0.0
9479,1323,256,488,228,411,223,72,224,189,65,437,184,7.884618191014231,18,0,5,5488.923698856119
7917,1791,208,440,186,229,175,133,427,152,38,276,366,1.008046466646828,22,0,2,3462.3626360598378
3237,1131,204,416,251,304,364,148,459,110,50,241,829,8.871004527289895,1,0,2,0.0
9524,1028,313,491,162,152,365,113,124,148,11,173,271,1.2002026435489899,3,1,4,6071.498029859992
5946,2480,404,441,59,481,98,117,252,97,15,183,38,1.967265479765411,26,0,6,1379.9963677076366
5530,2669,223,117,101,396,385,137,336,194,68,377,830,5.053098482024154,7,0,4,0.0
4960,2557,692,487,94,378,285,53,313,101,74,286,871,1.1158296209986152,1,1,1,0.0
4048,1839,605,103,229,288,398,80,240,95,40,261,593,2.268153072838027,20,0,1,0.0
8772,1796,302,264,298,314,366,121,397,105,55,403,783,4.477106769370406,5,1,1,3571.980054316752
5529,1829,259,226,79,130,305,80,242,78,69,457,686,2.4842498437564418,6,1,0,1165.4506900263643
5964,1733,285,498,241,357,165,27,122,122,55,129,478,9.466058444768963,28,1,6,1682.248381589376
3963,2481,571,312,274,159,328,73,383,176,28,100,217,1.6200419561643054,7,1,5,0.0
3536,2253,795,147,179,177,134,167,211,124,10,125,22,5.7318833192842895,11,1,4,0.0
8699,2448,401,145,226,122,169,65,368,78,27,298,947,4.978407542235535,17,0,4,3243.5017654167527
9075,2627,288,145,145,284,99,137,195,57,16,362,631,4.525085263920113,22,1,6,3931.4956061862554
7223,1401,636,147,222,134,213,112,430,74,41,464,377,2.33796109150581,9,0,1,3145.9609956716045
6679,1390,319,286,66,100,197,50,271,198,68,104,375,1.907490210755528,25,1,4,3138.2800562115344
7187,2070,355,219,77,204,92,173,390,53,74,183,623,3.037323942831631,8,0,0,2818.8882434730244
6724,2324,598,231,175,275,185,167,402,85,21,469,111,5.925416638700721,10,1,4,1630.3274929153342
3542,2565,387,118,94,148,295,41,334,132,54,447,953,5.80876546833331,7,0,2,0.0
3845,1688,251,374,66,267,267,76,405,85,33,122,705,7.725399088091737,1,1,0,0.0
6603,2048,730,331,292,417,330,123,186,124,63,235,312,3.0345035344437443,8,0,1,1463.8931743198184
8777,701,679,141,236,370,283,173,395,142,13,307,165,7.096062773275921,6,0,3,5235.203989835712
6036,1240,786,191,191,257,312,36,432,99,88,268,970,8.821603788541264,8,1,6,1032.404832908343
8947,1869,429,360,165,120,164,108,297,58,33,425,516,8.578954117641771,5,0,2,4440.69944552081
5494,1889,680,147,187,491,391,120,320,162,32,432,814,4.657429397310682,28,0,6,0.0
7485,2500,329,381,275,490,238,174,397,62,98,293,909,6.61327978449081,13,0,5,1360.755916519005
5719,1971,254,173,255,204,246,86,242,130,58,485,207,8.315909851192774,7,1,0,1310.607644558196
4884,2036,470,315,130,389,87,75,159,151,99,418,47,1.5520474304744925,14,0,3,634.0314771636693
7138,818,299,320,278,220,61,43,413,115,30,496,552,9.573266535298412,18,0,0,3568.630046195345
7349,2764,268,208,263,291,173,44,388,127,79,310,178,6.021865392720728,14,1,2,2257.466881384896
6201,1557,498,234,67,328,93,133,101,76,31,328,36,2.82440056388918,22,0,4,2800.9698895920624
8179,2394,728,442,84,280,358,29,252,99,84,474,148,5.240857607053698,15,0,6,3025.5905985923914
5710,2813,553,337,225,451,63,55,353,108,46,380,391,7.36638643717427,14,1,1,0.0
9610,1223,351,254,107,324,397,144,158,149,39,467,205,8.211828661554977,4,1,6,5815.47010864358
9430,2200,529,428,164,333,101,192,350,127,40,337,136,3.081687574980818,10,0,5,4353.43007730436
8636,912,315,155,67,365,294,137,467,172,42,203,395,3.4223851757948687,4,0,6,5015.406019621281
4953,1775,741,486,229,445,229,164,124,121,85,437,974,8.178529402462278,22,1,0,0.0
9921,900,522,481,207,413,351,77,232,98,36,128,536,8.394180153930183,16,0,6,5923.2575434255195
9488,2339,762,496,86,464,179,102,342,194,87,136,788,6.873414942994435,17,1,1,3531.627187813649
7737,1223,771,297,89,317,149,101,161,171,67,430,173,6.834540773540865,9,1,0,3710.3243894043467
9525,2829,428,414,55,310,333,42,203,165,10,336,225,2.5133092188344097,26,1,0,4176.512671007032
6850,1635,559,137,128,198,160,155,177,119,73,268,537,9.5611637519438,25,1,3,2774.9397599025688
3689,1250,204,440,298,208,337,69,308,50,81,466,253,8.502160161947165,14,0,6,0.0
8372,767,227,438,212,487,141,163,204,75,81,336,117,8.717409054419019,20,0,2,5211.163061972653
4950,2845,563,316,203,444,125,108,190,74,35,442,835,1.9556252511179495,5,0,0,0.0
8175,1840,661,330,154,352,254,62,263,158,99,186,152,9.838077062498535,15,1,3,3486.9275355684913
8582,1069,430,441,140,491,71,115,479,165,58,134,423,4.455477625327068,28,1,2,4598.499303277876
3456,2473,594,356,207,111,219,132,453,107,93,102,159,6.818716015299628,11,0,2,0.0
8078,1045,470,308,124,217,206,133,493,71,53,274,61,8.986861850977286,5,0,6,4620.125184822666
5130,864,503,300,165,187,271,101,214,62,52,289,28,1.008605124502503,5,0,6,2094.621408233088
6976,1046,582,236,201,443,117,115,249,146,58,373,981,3.1827834263498045,11,0,6,2298.7217149818716
8218,770,757,227,171,308,210,65,332,59,61,412,97,3.682074991642165,6,1,0,4571.456264752386
7244,1238,227,152,104,229,223,196,185,67,80,172,18,7.739972929792489,1,1,2,4442.172494600302
8448,1757,718,443,255,428,87,123,127,104,41,147,177,2.9556314709786635,26,0,2,4122.800602821964
4179,558,398,493,264,282,385,34,147,105,64,119,325,3.907629328415375,24,0,5,907.6604235655888
7285,1774,281,183,58,182,75,68,287,105,27,308,659,3.7954443537190463,12,0,4,3050.422711981128
6565,2370,287,308,155,353,303,168,183,98,95,208,975,9.119752416406635,11,0,1,1036.3636710580113
3882,585,589,432,111,104,348,94,162,162,68,495,608,0.03401831504876052,2,1,5,48.2757811350489
9406,1262,779,384,160,402,332,25,101,165,38,226,904,1.403817905732424,24,0,4,4683.100691376798
3399,889,650,135,195,123,296,74,378,51,41,193,341,9.28325960903314,23,0,2,0.0
9907,1703,632,314,294,220,60,102,150,123,63,169,289,6.0970069973800145,13,1,4,5841.434326140695
3608,1218,573,126,100,194,287,95,325,133,93,378,850,0.9070385237236123,0,1,4,0.0
8891,648,634,245,152,323,156,34,467,87,40,145,631,4.74164865974302,6,1,3,5449.423026413608
4638,1082,386,117,68,338,383,30,179,180,52,234,744,9.368883635609274,10,1,1,888.8479544758123
8671,620,589,217,118,326,362,146,345,172,50,125,168,7.558761138915013,5,0,0,5388.829984660669
9928,2803,417,236,166,241,50,186,305,157,17,294,292,2.559640733254075,24,1,0,4776.3781278628885
5148,1265,307,166,131,150,60,139,215,102,52,412,67,4.345331796256678,19,1,3,2059.9483888066875
4382,1299,749,490,172,489,207,93,356,176,60,380,708,4.907235027933135,17,0,0,0.0
4403,2606,548,413,82,244,137,70,498,72,17,294,703,7.647718045637097,4,1,4,0.0
3819,1521,721,129,157,437,291,184,114,77,18,306,331,7.7823124023853545,11,0,5,0.0
6292,1969,225,172,215,427,181,196,316,140,87,223,608,2.937357534622085,11,0,2,1307.1190504316553
3819,2935,247,222,62,406,135,107,142,69,55,266,50,7.26098574029471,20,1,4,0.0
3419,1609,569,327,226,151,159,119,488,183,42,167,58,9.73733006690063,17,1,6,0.0
7219,1750,213,437,122,111,377,84,202,52,67,265,968,0.7257243248553136,14,1,4,2639.617355466548
7517,2149,386,372,139,436,160,36,480,52,88,217,958,8.152801652194446,1,0,3,1976.3009841191545
6302,2315,723,345,230,194,257,161,393,72,40,419,638,5.934523112163118,7,0,1,581.8409297208941
4508,1845,478,489,178,470,338,57,162,122,78,312,171,3.806709749414993,29,0,4,0.0
8693,1841,540,138,61,228,123,137,330,82,92,409,887,7.897227058054421,14,1,3,3788.8398985832982
3767,2946,527,269,201,110,371,172,337,113,57,321,604,3.258751756368979,24,0,6,0.0
5044,2232,224,414,178,371,298,143,406,189,20,298,477,3.3510993946381076,16,1,5,0.0
9626,1398,728,201,117,456,157,56,349,75,83,496,92,5.004562261936075,5,0,3,5335.5910136468
9662,2840,625,393,184,468,53,105,177,86,42,277,684,4.5770445736785135,21,0,6,3678.9939886004136
9298,984,228,342,165,191,264,130,182,163,70,142,179,1.3302408951241862,22,0,2,6156.0927659256895
5139,1302,522,256,141,108,228,154,253,123,97,234,528,0.2524217160794151,5,1,3,1265.3551720131427
6029,2215,512,459,278,474,204,30,329,93,24,271,546,6.326260366828369,13,1,6,621.3922548809867
4549,2415,783,364,296,222,338,97,196,188,38,106,12,3.3492704328624145,16,1,4,0.0
9598,2257,469,356,293,363,274,182,273,73,36,109,45,5.233490120744339,5,0,6,4850.821177526304
4764,2309,494,457,246,380,154,132,239,141,29,177,931,2.0548349987524963,19,1,0,0.0
9140,2791,422,442,88,218,133,183,192,143,45,296,3,5.6772717366867775,0,1,0,4213.711442661752
5645,1943,274,222,81,289,126,71,239,68,23,289,828,3.310545316437178,25,0,6,1215.1830480367846
6716,2452,301,146,226,378,252,88,128,105,46,328,192,6.107521081674633,15,1,5,2097.7666876695157
7605,2820,731,431,208,399,388,189,460,98,97,132,485,6.768681627189968,5,1,5,1081.1616988945545
8302,2170,372,109,157,155,290,90,160,168,58,417,42,0.030253016228758423,29,0,4,4095.164923158289
7481,2348,203,243,128,295,337,34,140,158,45,216,794,4.311841991233946,18,0,0,2526.077743888196
8693,1019,678,398,52,478,244,168,247,106,67,177,731,7.25965216520475,3,1,5,4540.704617886681
9548,1651,594,251,290,122,254,101,401,144,24,490,88,7.3978009835267065,7,0,2,4957.457745688903
5293,1896,366,235,159,364,263,20,346,171,48,129,983,3.8078338704399606,23,1,1,367.4728618415402
7837,2706,499,174,224,344,68,158,257,60,14,223,449,8.209593959831942,27,0,5,2783.114082807272
5708,1151,317,460,160,359,208,29,394,130,54,446,790,6.502864862647622,2,0,3,1114.264001623518
9793,2723,711,125,64,330,261,192,345,194,10,135,306,9.891925643781065,27,1,1,4585.2124616330975
9007,2450,374,106,100,309,102,166,395,163,56,457,341,5.125224183249635,10,1,0,3996.180042177755
8542,710,358,178,156,261,137,137,278,64,43,473,337,3.754903076208075,19,0,1,5371.3238663159655
3900,2994,583,114,259,476,209,61,357,188,17,302,183,9.19322334386065,18,1,2,0.0
9208,1085,426,486,262,453,58,113,317,171,97,206,819,4.034652283078163,23,1,6,4706.280828382186
6084,666,237,499,251,269,228,133,255,62,63,199,53,6.403648057343495,18,1,5,3171.8561892605867
9356,1756,662,306,70,486,132,60,406,130,96,243,143,8.25778485234769,25,0,0,4725.5442856958
5009,1705,630,188,267,438,200,145,219,77,69,180,223,4.606241759451075,15,1,3,696.8045215450195
3241,2238,303,196,90,389,74,167,363,65,86,118,322,4.418243495405571,18,0,4,0.0
9636,1552,392,497,169,326,274,143,386,85,46,262,768,2.8854205428660142,29,1,2,4663.872147127871
5385,1213,449,315,52,460,243,174,138,197,55,393,609,9.62134282604013,21,0,0,1033.3570992745563
9116,1187,212,358,178,462,167,31,287,140,27,285,492,9.439842249063608,18,0,2,5277.48990804147
7268,829,766,428,198,142,372,145,341,146,19,283,921,4.658472896370101,20,0,4,2648.1401380448374
3671,2246,796,386,252,294,297,117,182,51,77,162,871,3.272249753537623,19,0,3,0.0
3163,1707,754,474,129,111,127,125,304,51,80,275,443,1.2777851768228021,13,1,1,0.0
3464,2642,587,174,148,371,201,133,243,177,95,336,493,4.777539404256448,11,0,2,0.0
6042,1284,270,341,198,161,105,185,378,150,85,421,965,8.94012451503885,0,1,6,1403.7174479970085
7592,2900,770,116,154,116,355,132,494,118,33,458,299,8.691828875046,10,0,6,1663.1279085531755
7795,1440,637,276,252,370,308,77,476,119,56,290,547,1.162169566035709,10,0,6,3107.4994808706283
5442,1788,243,358,144,125,72,133,281,99,46,446,8,4.858873917265169,22,0,4,1684.682911251577
7798,2179,471,222,226,144,211,129,424,145,81,286,134,8.15606667163696,27,0,6,3270.6789790874386
9036,1125,213,410,114,485,314,30,111,186,93,150,542,8.350098075091882,21,0,2,5266.658503056699
5355,638,570,210,90,244,131,177,391,171,52,421,928,9.343229398879158,16,0,6,1245.5857888292799
8887,1261,311,355,273,164,108,146,156,179,91,216,309,2.031399806092825,9,1,4,5327.657099733773
7278,2333,578,333,116,449,115,102,253,122,34,468,195,4.148339305167435,26,0,2,1947.6991084969309
7724,2802,513,455,173,385,164,195,191,183,96,407,325,9.544217899092297,28,1,4,1827.5401420598612
5557,2055,614,139,273,167,340,59,189,196,27,434,714,2.709421122047809,3,0,5,469.56392110353715
8827,1175,684,221,91,461,291,133,103,146,60,473,615,3.3482764941566345,24,1,6,4243.5767296206295
3545,591,368,314,118,399,383,113,320,170,55,420,716,2.256588405877543,22,1,5,0.0
8683,1592,445,395,234,195,158,118,243,68,84,257,328,5.387022522425498,18,1,6,4451.02745543186
7719,536,465,385,220,159,353,87,121,166,68,219,562,5.297381820526806,22,0,1,4341.625452815899
6835,2287,442,380,150,356,358,168,291,110,48,163,381,8.171534627368002,13,1,2,1579.4967695387156
3593,2687,499,106,189,118,380,24,206,79,87,180,657,4.128187961742223,16,1,1,0.0
7839,1701,526,191,255,132,81,183,425,166,95,395,25,2.5022379949710825,20,0,4,3938.07787487005
8864,2336,729,460,113,190,262,154,319,190,47,187,470,8.307460876246383,16,1,6,3325.9741467999934
6804,2394,794,222,157,337,137,144,494,195,64,158,726,6.495112794691403,19,1,6,940.5197106891159
4459,636,541,436,100,123,111,50,338,179,88,214,50,1.5625615629958167,17,1,2,1575.4262858403852
9044,2737,753,195,122,326,52,44,440,52,14,441,189,5.701773120831836,9,0,2,3654.6247536079186
6493,2163,448,100,109,438,311,121,317,183,14,370,388,4.598686847414664,17,1,4,1623.4397533784145
5601,2889,579,190,248,480,161,100,138,126,59,347,137,8.457751875169032,21,1,5,57.973443990759705
9164,2082,731,106,129,494,61,98,344,133,51,464,430,6.016501108367796,29,1,6,4038.0199613491463
9697,1471,580,219,205,364,102,138,249,176,28,376,39,7.9114858631877265,23,0,1,5687.475986080258
5444,1161,241,486,173,105,197,181,129,109,43,190,722,4.635325209348171,24,1,5,1838.0117733020552
5672,2790,544,449,248,157,183,191,260,110,62,371,839,9.804053193229732,5,1,6,0.0
7200,2310,798,228,63,199,133,126,203,58,89,348,782,7.997909289969446,18,0,4,1855.6878519178367
9335,914,460,278,209,221,233,26,257,116,30,146,402,5.986011482176913,18,1,6,6090.485025396175
3016,842,505,197,57,456,218,122,408,144,54,305,835,8.128214371061711,18,1,6,0.0
6191,645,439,142,76,256,98,70,233,117,69,423,866,3.2034151064871774,12,1,6,2840.441083203665
3392,822,512,282,294,300,157,172,153,66,62,471,164,9.77444113760524,18,1,6,0.1099453462511093
3424,2669,640,284,99,324,242,175,487,108,28,443,203,4.14987954416579,11,0,3,0.0
9272,1775,332,152,236,366,389,189,434,145,97,176,798,3.703871363946303,24,0,5,4154.753126262911
3571,2378,250,327,106,250,263,174,135,89,44,360,847,7.875662136357326,3,1,4,0.0
6631,2858,591,260,52,356,144,184,418,180,91,203,959,6.3058466313998345,6,0,5,408.9618311829928
9172,1100,722,334,204,180,80,74,230,178,23,221,487,7.683003547745545,1,1,1,5393.416168465807
4120,974,707,457,271,465,205,57,412,57,95,464,340,7.795505088983368,22,0,3,0.0
3241,2015,553,494,83,199,61,75,179,111,21,299,182,6.365598686489536,6,0,3,0.0
6897,1074,594,299,75,204,321,111,371,66,58,411,636,8.445144988867954,19,0,3,2662.8155657692946
7095,846,295,100,299,351,274,181,219,92,85,394,339,7.264242852401786,3,0,5,3526.2485565486954
5279,2010,305,113,278,232,212,176,233,51,12,438,827,5.774697906482782,27,1,3,316.8125534297236
3788,881,712,312,217,198,93,195,304,109,36,365,121,7.611517416547574,20,0,2,236.36261290146425
3714,1803,757,477,164,277,373,91,364,142,91,266,177,4.978295717336616,16,0,0,0.0
7854,571,441,376,135,364,275,96,332,64,34,258,917,4.852573529122574,21,0,5,3953.363271678948
5849,1617,687,133,209,231,302,65,127,174,24,345,299,3.3965259415308777,6,0,5,1527.706469266789
3775,1896,714,460,218,298,282,56,400,143,36,177,324,8.471589911053671,26,0,6,0.0
7026,2886,260,369,179,292,308,22,157,51,24,107,647,2.9932017381637213,19,1,4,1592.8307073422425
9869,1859,615,267,160,307,336,97,128,173,39,487,775,2.513677930815704,7,0,3,4831.066482380145
5247,1163,493,477,249,156,229,96,450,171,84,338,544,2.195776674741823,22,0,6,712.6586583393006
3078,2015,501,269,155,479,272,69,476,129,68,232,986,6.604964881694566,13,1,2,0.0
6926,2391,369,181,184,361,165,168,412,164,54,463,29,1.9948528752195882,9,1,1,2004.010104681375
3855,539,240,415,68,329,54,126,132,144,62,361,603,8.675603514327094,13,1,3,704.9254464900672
9610,1882,430,236,82,241,310,195,207,146,87,415,487,6.980693275431593,0,0,3,4887.323283996393
9724,2530,608,332,295,162,115,50,487,171,54,321,754,7.898234305473513,24,0,1,3908.387045044148
8535,1777,496,214,51,217,64,26,371,115,81,457,721,1.4082506921336335,27,0,6,4035.4333644416693
9592,1465,654,351,244,420,198,76,486,93,70,200,506,0.14975778232869663,13,0,0,4806.547538774704
9230,2400,256,388,269,407,150,55,444,53,20,204,121,0.8126966535837665,24,1,0,4472.216219772733
5148,2717,439,148,255,420,316,105,290,88,87,221,883,6.771223373045592,16,1,2,0.0
4031,1200,797,103,64,344,267,43,180,98,60,309,393,1.0331165579868629,7,0,6,82.52405702785693
7940,1010,375,478,70,480,91,43,181,54,95,354,167,4.721884512936709,13,0,1,4401.834622545777
6271,1783,262,275,127,455,115,75,195,94,98,376,268,8.030098844223042,16,0,0,2181.4101800467843
6576,1083,750,371,108,235,399,96,245,109,83,456,996,3.5765778544468265,23,0,3,1516.4059351904782
7182,1483,337,125,153,195,366,143,156,57,48,287,956,0.4704257138176582,16,1,3,2812.637275875009
9186,958,653,169,131,324,365,47,317,99,33,398,682,8.834052221599727,9,0,4,4997.599986310468
6456,2405,648,392,167,107,169,179,341,85,15,258,54,7.082597632384155,25,0,4,1627.6222489122931
6506,2888,425,333,162,113,294,96,383,119,42,312,487,0.352059383115898,17,1,0,805.2371078965033
3407,2604,642,330,88,123,336,97,267,59,31,174,434,3.2449331189009865,2,0,4,0.0
5711,2765,405,362,69,291,97,115,235,85,69,179,86,3.723242578617758,9,0,2,934.3046914351387
6088,1315,226,385,50,340,337,64,240,117,29,172,630,8.686757975219516,10,0,4,2005.6339015621495
4668,746,656,173,122,448,362,88,271,152,20,214,914,0.8585205643431704,19,0,6,499.9151247057304
3147,1229,306,220,58,124,304,118,476,191,44,378,53,7.699531835072277,15,1,2,0.0
9420,2920,643,105,284,489,204,139,146,125,44,202,22,9.741471394854331,16,1,3,4047.8493699759097
7327,916,235,123,100,228,387,87,109,160,74,122,829,3.8559050318575383,23,0,6,3903.9398082930147
6897,1554,796,293,215,186,310,97,396,66,99,407,424,0.2376211676574691,6,0,0,1998.4417358889232
4950,867,354,267,280,332,66,165,294,70,87,358,847,2.401486963182815,17,1,2,857.5538501503169
3365,607,368,476,270,388,252,94,429,146,58,276,254,1.2671609062703448,27,1,0,0.0
4674,1338,471,498,64,497,215,102,114,103,75,169,907,7.890214989093942,8,1,5,169.53103047882496
7531,917,746,440,133,155,97,21,315,190,55,247,739,3.513906779908403,19,0,4,3520.8705756949767
7494,2143,619,309,279,289,278,150,288,177,14,306,131,8.98325967054641,5,1,2,2481.0809684529877
8330,1320,383,232,90,127,262,176,352,94,48,209,11,9.139192792985417,12,1,6,4917.859475348779
8510,1921,436,444,271,128,265,106,429,186,88,129,410,3.6874133539549336,8,1,1,3383.911007377528
5546,1182,708,391,224,378,354,67,151,104,94,347,13,6.047255099332647,15,1,5,1626.338997572223
9683,755,640,273,203,271,218,84,158,99,60,169,15,9.441707747737473,0,0,4,6940.4325307966465
3562,1337,321,250,103,137,71,61,275,69,30,499,92,0.8626837503104046,2,1,0,178.6429166079148
6562,2782,616,187,168,398,324,153,473,157,47,128,889,7.729372663467238,21,1,4,17.27843209461696
5489,1052,734,400,247,365,162,78,394,50,45,377,395,0.4900730809962994,22,0,3,1230.4810513521397
8380,680,574,365,216,126,252,100,225,135,23,267,436,4.436512390605884,13,0,1,5146.214419346473
3772,656,774,409,66,235,82,38,141,84,42,184,270,5.124576508781069,24,0,0,691.7208505135497
9493,1977,525,169,247,335,138,127,406,173,32,491,0,5.493884145342846,3,1,1,5063.683297815882
5037,1070,679,304,177,344,183,199,405,175,81,164,795,8.490336508307376,22,1,1,486.24154037078824
6423,1356,349,440,141,184,60,80,447,102,93,257,775,2.0650535874248597,6,1,6,1876.575441397353
5567,2284,791,131,58,112,76,139,460,54,47,357,351,4.410426113084302,14,1,1,806.3423616303046
8439,2227,689,142,268,157,80,149,353,156,56,123,887,2.743442973931456,28,1,5,3093.2465763178475
9281,1547,352,217,276,358,140,98,165,138,73,367,600,5.903592658261449,7,0,5,4925.027193418546
4573,1996,216,476,95,199,218,170,157,139,56,360,738,5.581473411964288,4,1,0,0.0
6694,1923,750,114,183,203,96,38,226,196,10,325,75,7.8754212516772135,9,1,5,2548.228637570582
8087,1091,547,421,245,360,128,116,103,106,51,113,699,1.7749527447196911,9,0,3,4009.5027688096716
9511,2681,658,498,65,377,51,89,334,57,77,303,133,8.16086239342255,27,1,1,4042.1735862854835
6291,920,401,214,264,165,69,197,486,195,87,354,702,3.485154101079888,17,0,1,2279.4093521360833
4246,2760,622,436,161,188,155,166,131,154,95,382,222,5.687134190512123,12,0,2,0.0
6719,847,479,119,136,395,344,113,274,188,85,165,121,2.2839854434649975,12,0,4,3329.916490001372
6839,665,621,277,206,187,379,169,161,176,34,276,520,4.775014287744989,18,1,0,2950.8642988761635
3359,1436,799,361,218,477,139,150,325,54,66,144,307,1.6653839478853028,15,0,5,0.0
8016,847,664,178,245,104,187,143,243,126,61,137,472,6.852546071392069,16,0,0,4830.594761528649
5376,897,554,480,111,243,217,152,117,105,16,413,821,0.4541751469011601,22,1,4,1089.1927175281162
6009,1082,781,219,153,216,190,86,319,85,16,455,723,6.010858037623569,22,0,3,1585.9388387295462
9606,2100,577,125,169,370,262,58,333,162,65,427,997,7.510963944740716,14,1,2,3942.7576114059043
5993,807,323,121,217,304,349,175,489,81,48,165,78,8.817102391480876,16,1,2,2899.1856948030827
3962,598,279,300,239,174,81,148,334,191,79,204,821,8.176600835992842,9,0,0,497.7201059346718
6632,1765,756,163,201,179,79,169,461,167,92,205,127,8.945042337159483,23,1,2,2406.5539446255225
4827,657,432,313,183,117,358,128,420,115,67,409,675,6.144621951965025,19,1,4,854.1603947694999
9979,1053,679,413,89,316,381,192,179,53,32,256,409,0.518566130940753,7,0,1,5919.397251636522
4613,1150,353,392,247,201,93,70,392,60,19,444,868,9.705741187874548,24,0,0,303.7629252135648
4640,2774,608,177,107,231,84,122,172,155,81,340,680,7.780577669843046,13,0,6,0.0
5216,2970,230,315,191,408,94,100,436,97,45,103,522,5.931333380360451,0,0,6,0.0
7312,2790,796,323,127,157,187,125,199,190,80,237,62,4.5947857149440505,23,1,6,2040.0388718850074
3377,1568,756,476,291,211,96,70,355,91,12,476,410,0.9753413434553992,12,0,5,0.0
7214,1995,702,127,222,184,234,47,414,115,81,143,38,0.10467558952267919,17,1,0,2819.5132065443363
7285,2918,570,404,160,430,67,49,450,96,86,308,788,4.351819925248311,3,1,5,1131.8786746177643
9910,2378,522,300,148,413,234,27,261,125,22,486,628,9.734030108174265,26,0,0,4265.097189690883
3369,1233,531,166,55,215,121,60,392,61,99,161,901,5.257396443095942,3,1,6,0.0
8897,2450,442,458,72,414,172,172,261,75,57,449,138,3.922859099263356,14,0,2,3690.57738172099
5196,591,751,225,111,261,220,78,456,158,75,104,813,4.5525132426744275,1,0,0,1289.97593822583
6747,2719,629,448,261,385,126,53,228,62,12,143,414,2.9843750586284945,11,0,0,1136.1946647000352
3651,2127,381,294,66,423,58,186,408,176,72,494,951,9.767408884070313,29,0,3,0.0
8978,1715,672,273,133,305,250,90,352,105,24,172,586,1.332327098425592,0,0,0,4207.757525247789
8607,1600,575,186,161,430,292,135,161,167,11,274,818,6.951692003588285,13,0,4,3738.8407146608097
3769,1804,280,442,247,167,118,193,242,132,70,113,620,4.51470827417436,27,1,2,0.0
5421,1887,749,410,153,486,288,57,322,133,68,118,647,1.5255913588178527,17,1,0,0.0
3780,678,619,494,174,347,366,128,406,108,26,112,82,5.8776685377598685,19,1,4,330.62721754843153
4716,2785,666,253,77,156,60,180,113,61,20,483,479,5.94739875320316,1,0,6,0.0
9303,779,627,309,190,264,369,136,463,54,14,120,217,1.7975196970907892,6,0,2,5732.162188091585
9494,1542,256,112,206,265,87,41,197,164,79,394,749,4.609764803131436,0,0,6,5442.201532810329
6983,2118,521,263,222,396,59,174,158,92,76,334,996,8.986454839211186,28,0,2,1402.931028822582
4311,870,741,354,69,103,65,174,279,115,32,165,170,1.1407961358427954,19,0,0,1227.2314148686432
6359,2300,694,483,235,394,374,40,100,183,72,385,884,9.75528528034008,23,1,5,86.34092954109055
8345,2203,465,163,258,464,292,182,326,148,13,250,545,0.08224876714769458,23,1,2,3028.0286675273733
3522,2768,426,406,166,205,296,66,244,64,38,291,558,6.228148972654532,13,1,4,0.0
3521,803,253,175,296,207,91,69,411,195,26,254,271,5.615770811788197,16,0,3,487.63974500200834
7878,1848,203,121,103,269,283,138,232,98,44,228,736,0.11403793536000739,4,0,1,3430.516746462993
5320,1960,638,159,276,366,93,157,244,51,57,426,162,6.203684159911091,8,0,0,666.6457750581919
3935,2985,509,485,158,366,213,130,373,182,94,250,777,7.968064539752059,28,0,5,0.0
5230,1693,288,155,280,153,199,47,444,86,96,194,227,0.5845766584847556,20,0,2,1397.0582638941455
7040,2922,519,267,113,265,329,56,410,55,57,470,342,5.017528077972397,26,0,3,1350.226180547196
8784,2928,574,304,101,353,253,188,146,91,62,256,822,7.300771720992048,20,1,4,2634.6708548217894
7583,2561,700,452,278,375,280,70,307,100,74,497,124,7.930056564393322,5,1,2,1721.9597314290338
8946,1168,433,358,92,253,340,27,338,65,84,415,303,8.228027942988994,23,1,4,4969.705093141987
7941,999,536,290,136,227,355,133,341,122,10,104,259,0.8157952611484487,22,0,1,4562.130570936612
9267,1914,770,154,67,175,388,180,203,116,16,465,786,6.635059489308338,28,0,6,3970.9067434804892
6697,2072,384,439,277,474,383,38,376,130,86,132,59,7.206449734775281,13,0,2,1878.5501637586335
5837,1029,637,383,133,320,345,49,256,79,93,192,466,2.747537918673153,6,0,5,1881.6276509266709
7083,2506,755,479,103,369,71,161,287,76,79,425,809,9.751963976444154,22,1,1,857.8605036738072
5461,1719,379,363,109,222,224,55,273,137,39,106,489,7.183147265637599,16,1,4,1379.4743441753196
9099,1254,275,358,172,124,291,154,199,113,79,365,781,9.170697255114069,1,1,1,5054.887280232138
8844,2847,471,449,120,205,380,135,109,88,93,348,32,6.94072182608143,4,1,3,3514.320465818882
6243,1314,254,188,277,205,115,126,183,184,47,172,431,1.3006983511047099,4,0,3,2835.8579435536735
6359,1226,276,321,283,202,143,53,152,122,39,244,565,2.5911160324788076,9,1,5,2746.348893475415
3685,1230,495,449,178,365,262,197,226,193,63,327,691,4.2330551915886225,12,1,4,0.0
5160,1327,418,188,162,113,290,51,234,105,97,233,420,4.286656793414869,19,1,2,1654.8170397144193
6988,1831,476,158,86,232,159,61,385,60,25,154,877,6.456069667705814,7,1,4,2547.4587690768963
7066,2546,777,251,98,121,96,180,448,186,25,484,977,5.792290756758277,7,1,6,735.2432282994355
9265,1374,465,127,84,174,205,138,154,50,36,366,135,0.8577176842148859,27,1,1,5834.18719878614
4567,2678,242,324,154,384,129,33,343,93,31,462,841,8.405509191015838,23,0,0,0.0
8341,2503,560,417,244,490,94,175,164,84,24,412,158,8.533506810209804,24,0,0,2893.5617942607714
3038,2177,427,150,84,343,244,133,120,133,55,351,34,8.512285923394519,13,1,3,0.0
5544,1107,426,362,270,355,286,186,362,57,10,266,438,2.198568845414931,26,0,3,1233.006737610344
7875,2573,262,378,58,245,260,113,399,120,37,300,728,3.1889138704382267,6,0,0,2329.116260184911
4256,1977,370,145,214,311,317,50,423,86,42,243,152,7.359035341027086,27,0,5,0.0
5990,1134,506,433,109,348,132,171,458,150,24,152,871,4.0555637851413175,11,1,5,1510.2941749511617
5196,1709,767,205,105,134,162,151,347,182,66,190,366,4.474613575319413,15,0,5,665.3785030654647
6468,983,233,383,155,426,316,28,242,70,79,360,365,5.9684609937100905,6,1,1,2791.3022174877196
5708,1574,329,123,160,352,180,119,197,54,77,457,514,0.3320599379934308,12,1,4,1617.5615410333883
9023,2414,593,106,138,449,366,89,101,72,67,363,782,0.30649241381492276,12,0,6,3379.050767972906
3301,2552,350,467,61,359,105,43,456,120,29,496,863,0.6001022885464546,7,0,2,0.0
9381,1088,583,434,279,406,287,117,230,114,13,102,20,2.2277567892520524,3,0,6,5871.664699033934
3646,2755,216,102,120,449,75,84,275,196,19,126,569,9.813990768784878,27,1,0,0.0
7758,2804,793,357,120,385,391,164,146,51,16,149,992,0.9820260775028178,13,1,6,1531.1537047669208
9379,1728,213,362,168,449,294,119,340,189,66,456,678,8.839389866673724,28,0,1,4209.574426850443
4759,2473,280,220,181,280,258,184,455,74,15,409,922,1.1994121073908548,15,0,4,0.0
9346,2558,406,307,238,309,339,69,126,173,64,480,781,7.368018302152266,15,0,6,3600.7678332700243
7351,1448,403,120,222,209,232,192,487,131,40,155,291,6.366350709427671,7,1,0,3419.0496089539834
3597,2555,578,492,288,429,256,39,135,175,73,247,45,7.28086567503712,1,0,2,0.0
3661,2579,743,239,144,241,253,78,438,110,45,196,232,0.8666506590947809,19,1,4,0.0
7330,2507,222,379,227,263,257,78,453,93,22,496,649,7.51821181391729,26,1,1,1683.8970494835876
4368,2241,361,388,99,186,121,109,435,58,84,215,663,3.2673074842320906,25,1,2,0.0
5581,886,343,305,152,239,361,158,279,198,82,221,393,2.5181370646560852,10,1,0,1885.444185066779
6868,1751,303,142,251,431,388,103,150,152,81,149,94,6.245582814884449,10,0,3,2842.626490246694
6537,2290,581,437,225,261,196,84,441,190,70,205,870,1.0071030491158173,0,1,3,750.3964574132839
7865,1998,654,217,72,125,253,96,259,190,19,443,494,2.4130706891891087,20,1,1,3163.4377145356543
9684,706,616,104,139,233,398,77,357,101,75,439,569,5.527874632503805,10,1,3,5959.886813720178
7308,2318,523,306,264,456,182,119,116,77,33,382,667,7.797129592955851,22,1,5,1596.0181561763568
7558,2280,370,222,142,214,331,142,378,150,43,117,835,8.689120455240918,27,1,5,2230.433138466862
9579,2895,775,426,57,280,127,63,271,138,59,452,753,4.264614380823809,3,0,4,3290.9221894419034
3282,1292,782,444,260,498,146,161,401,158,84,226,431,9.76022363784718,1,1,3,0.0
6678,2781,473,241,78,461,212,144,495,153,10,131,530,7.736595548241214,19,1,3,910.3359673302245
4486,2224,651,471,220,458,380,71,153,103,14,106,231,4.024784689002909,27,0,4,0.0
7082,1505,324,331,102,246,245,181,112,128,36,498,399,3.9149963378946184,21,1,1,2974.2891520165876
8526,1441,582,263,183,459,165,141,301,180,16,433,223,4.3982373298833455,8,1,0,4043.3267493991916
7183,1665,516,134,270,314,210,174,426,142,10,279,69,7.4719583031668755,10,1,1,2896.8283938360123
8163,2723,306,463,73,176,304,31,345,144,41,342,434,3.1980491631027075,4,0,6,2787.0393007869225
3460,2177,662,434,169,194,119,57,370,108,26,139,329,1.022495542616435,9,0,3,0.0
5325,948,629,110,251,317,251,109,327,168,27,322,442,5.628365481363949,8,0,1,1298.7413664081173
6754,1091,536,174,292,462,85,187,161,169,77,470,748,6.1685843685562345,2,1,0,2325.2005402726713
5468,581,695,399,173,467,354,123,300,67,58,149,783,9.403282551809571,2,1,4,1353.5817970825055
4724,2682,561,480,191,151,267,168,251,110,22,450,769,1.3459956900041536,3,0,6,0.0
4376,1906,631,297,101,373,358,179,169,174,78,189,711,5.334181078081064,6,1,4,0.0
5743,1980,719,440,119,274,246,108,288,167,31,337,616,2.1632244738769657,15,0,4,512.5270276070954
3514,2987,605,363,53,412,385,31,426,93,35,297,678,7.56244056504922,15,1,1,0.0
3702,1579,576,434,235,132,376,108,307,161,77,342,836,3.538153872264165,27,1,5,0.0
4653,918,351,473,165,459,241,173,230,86,96,367,221,6.379456851169248,6,0,3,814.0346603629996
5066,587,521,323,256,231,326,55,256,122,14,287,7,1.7240381370034308,17,0,4,2010.581507717781
3022,714,413,221,86,374,340,35,376,192,18,210,92,5.810957169779579,12,1,5,0.0
5460,2258,775,173,97,106,135,181,153,165,86,385,514,0.15269259307063798,11,1,5,232.37386471240495
8149,2020,264,127,171,326,71,132,343,174,71,187,844,8.407459464563459,28,1,3,3218.050628962959
8926,2217,469,495,88,354,183,171,489,96,82,313,947,5.904198071082661,19,1,2,3059.135777092288
9251,2792,736,270,141,381,210,186,476,96,77,359,794,2.2050959639317202,12,1,4,2734.9053465505467
4304,2001,299,475,115,335,344,176,314,64,99,104,434,3.345525860450093,23,1,0,0.0
6300,808,304,463,62,442,92,178,110,91,87,487,459,1.4997625442607898,3,0,3,2840.9012475852364
8230,730,330,482,243,453,90,82,318,168,11,236,444,6.730108318169339,23,0,2,4720.368808378641
9279,654,588,315,109,283,340,62,304,111,59,218,818,3.7467428002146463,21,1,5,5425.619476645197
3361,1698,520,418,299,298,329,38,480,74,60,150,807,9.543227140080395,27,0,4,0.0
6727,614,637,200,175,302,232,157,300,61,99,152,754,8.946906256446294,29,0,3,3145.9205752148437
9272,1913,218,345,218,235,301,75,171,58,11,197,773,8.141499782251469,11,1,3,4552.332270713101
8995,810,424,192,81,496,89,62,208,174,50,299,614,2.6490266546674524,27,1,6,5350.446962078625
4284,1492,765,162,229,387,136,67,126,139,73,337,48,2.9141656983757436,4,0,2,398.0676800041763
3514,2847,659,365,182,389,274,59,448,86,53,451,142,4.088539078809214,24,0,0,0.0
3448,1541,593,305,244,245,334,53,388,186,61,276,685,9.18279167821071,1,1,1,0.0
9019,511,425,179,115,306,187,129,104,95,46,360,942,4.736789720177523,7,0,5,5800.691826126552
8602,1927,559,136,127,154,384,132,364,144,75,131,378,0.9580713343296177,24,0,0,4130.70426598071
8343,2779,629,110,299,398,187,132,240,150,65,232,583,2.333190208892877,23,0,1,2441.1872040350736
4855,2513,214,214,281,497,113,148,324,56,32,420,103,0.4760893976321501,4,1,6,0.0
7969,1229,759,189,229,349,166,38,449,182,80,297,122,0.574908817208255,7,0,6,3714.6961784040923
6562,1801,745,331,175,374,147,20,473,174,48,252,819,9.228842380240081,14,0,0,1219.1058118329825
5520,1876,613,118,285,304,195,139,188,109,95,465,983,6.169868798534623,17,0,0,143.2723196553905
6081,2536,554,151,226,412,134,107,233,85,69,177,671,1.0131216787717157,11,0,4,731.2095983351386
4428,2850,656,473,78,291,100,172,202,50,65,211,30,5.836943234195432,8,1,3,0.0
6967,1040,730,373,289,435,144,122,429,178,45,172,165,9.71358738516533,1,0,0,2922.385078649538
9445,576,395,193,215,101,327,103,224,90,10,127,822,0.1518931364153686,0,0,3,6289.390804781714
9374,523,314,131,119,284,58,47,403,185,13,187,898,7.450434539674346,20,1,6,6194.637766070849
8850,1538,616,250,291,261,396,126,182,90,50,290,431,1.7636063438909777,6,0,3,4218.027674538013
3922,1175,551,239,275,148,138,64,366,172,62,135,738,3.7709614154023177,9,0,3,0.0
6137,2894,274,157,185,189,138,43,485,156,40,330,396,1.1409639466688148,19,0,3,851.8947878308301
5159,671,235,120,236,350,268,63,362,139,42,456,506,0.06458422410051345,18,1,0,1800.5351507643973
8132,2392,441,248,104,121,379,149,460,142,14,340,127,1.004313805670748,27,0,1,3214.0261242263487
8512,988,262,320,159,311,399,170,156,153,52,411,697,5.727825539476421,10,1,3,4658.582942886106
5547,1985,708,320,51,333,335,97,386,158,20,166,238,9.01093907583972,19,1,3,846.3001432140644
5979,2925,387,341,203,271,210,81,476,53,41,120,553,0.2153827785232687,12,1,5,115.15107150912945
9741,2919,292,318,112,190,92,162,286,51,10,394,168,0.6284999079587439,1,1,4,4764.955124670251
5281,1256,204,128,66,262,295,179,273,96,52,141,249,1.628822839765236,0,1,0,2206.2750694825163
5649,2929,637,146,108,384,307,23,436,197,15,263,398,9.730835906740236,21,0,5,0.0
3313,654,365,495,137,105,392,145,434,79,90,421,409,1.7022152799971624,27,0,0,0.0
5613,756,645,157,272,343,208,50,234,131,20,116,651,4.694346417834744,2,0,0,2196.243392024011
6083,2279,224,374,65,478,181,78,193,79,50,153,763,0.41862451020487024,9,1,1,1056.8699802848816
5256,1173,707,239,107,440,96,20,497,159,36,204,728,8.506830912997282,21,0,3,885.2271226340458
9093,2615,297,122,241,258,389,88,450,148,70,252,731,9.475411310619084,16,1,5,3399.5715195377134
4037,2891,467,488,99,222,138,33,108,50,85,118,658,7.5622601740195,26,1,2,0.0
8752,1172,592,477,262,459,94,42,108,107,22,486,456,5.632684064808531,10,0,1,4406.454492468657
6489,2938,795,472,279,287,370,127,212,116,44,431,98,2.4886246204652904,5,0,6,242.43970503989678
5634,1972,484,162,203,113,243,133,221,72,34,154,428,1.7888403660582075,17,1,3,1505.0648215551641
6983,758,308,151,66,169,55,137,485,199,45,335,291,5.156012718918811,6,1,4,4132.198065496123
4778,806,226,365,163,238,312,163,207,98,30,278,31,2.905743846834805,4,1,2,1836.152478412173
8110,1618,254,441,95,457,245,156,441,168,64,445,194,6.7044631786178925,12,1,6,3556.640095599793
8189,745,332,266,155,424,67,138,371,112,45,394,132,2.650935807996108,28,0,4,5060.711595060529
6895,2158,251,250,176,178,346,117,357,97,37,258,315,1.7022076939887576,21,0,5,2348.7397357481636
4124,686,692,110,245,393,156,178,297,93,36,299,755,5.815489112431274,25,0,0,228.40078272080513
3697,2297,497,194,99,417,118,64,481,100,21,262,81,7.608396641300326,2,1,6,0.0
5179,1424,598,171,220,179,74,145,217,174,83,424,681,0.7376400666949057,6,1,5,645.4489962691678
4404,1284,790,483,167,245,105,154,255,90,35,223,375,6.191210654750233,9,1,1,287.22641548978015
8251,2095,217,147,225,472,50,76,227,147,54,382,306,8.15499824422748,4,1,6,4056.10156874273
4043,2955,758,447,117,324,232,83,142,106,15,254,462,0.06337845500523409,22,1,2,0.0
4929,1860,445,371,196,326,103,21,162,61,98,352,216,2.239310113297436,19,0,2,573.1123707022517
9679,840,702,194,279,481,130,25,480,131,17,368,913,2.9857718429612223,1,0,0,5283.388254665899
4013,1062,288,332,202,279,209,127,244,109,84,475,454,0.14045585150044837,3,0,3,140.36803276583697
3226,1150,402,147,249,123,275,80,374,113,26,378,277,6.7798760025179385,12,1,5,0.0
4828,1693,439,307,195,198,313,181,488,53,47,164,215,4.1938532513588065,9,0,2,628.0958509067027
8588,568,689,326,100,490,158,36,122,196,86,213,34,6.473774823707616,17,1,1,5697.251050132162
7917,2083,212,176,195,369,358,45,463,156,50,319,533,4.049299300612272,19,0,1,2856.110156966039
5023,2928,514,448,161,193,93,95,374,110,24,345,922,1.7393500359199165,0,1,4,0.0
7966,2604,397,318,235,379,250,167,483,91,92,178,385,5.15764572881138,22,1,1,2391.729441467657
5452,1800,442,459,113,368,333,60,228,69,92,432,828,7.232507157464065,11,0,0,130.17214990937987
9345,1622,706,180,248,246,196,129,398,161,83,168,714,1.5470035683406314,12,0,5,4555.5864267090965
5085,1415,242,136,234,384,248,118,380,145,37,330,249,3.5374957874238055,3,1,1,1136.2520218833643
8891,2872,529,201,194,121,283,118,281,69,34,445,636,7.344545500782246,5,1,6,3104.5607764826705
7283,960,790,290,108,101,233,73,361,65,88,298,622,6.563908394153995,8,0,1,3235.9535875035926
4080,2726,628,128,244,202,84,176,327,106,44,326,409,9.995432463955131,4,1,0,0.0
8036,1343,361,413,263,135,258,67,350,68,89,468,390,1.7348073959576882,13,1,6,3752.392620753825
5320,1073,634,352,192,393,112,114,180,62,46,249,210,3.440853117993906,1,0,3,1695.1434681016913
6190,618,432,350,272,373,131,109,175,69,36,344,612,1.980904463158214,17,1,2,2650.17578932025
5630,1145,310,325,149,150,312,169,380,156,14,479,338,2.441551741710526,15,1,0,1633.3369072587689
5563,1978,431,193,75,242,304,91,301,125,68,100,713,1.9570998225921554,8,0,3,748.8200911833662
6292,2573,472,185,225,483,88,123,218,84,97,242,238,9.890948732061236,29,1,6,1296.5826764568876
7621,2013,797,209,63,116,335,152,351,187,75,193,990,6.463515641189548,20,0,0,2117.0779416121945
6586,2531,240,316,171,467,72,71,221,125,66,166,832,0.8464230533594375,23,1,0,1249.0562842446009
7431,1531,759,295,258,176,133,20,273,73,70,104,464,5.205635474270932,20,1,4,3246.8584978994886
9841,1468,665,396,58,377,352,64,458,118,69,295,329,0.8282052384069949,1,1,2,5272.038113972077
8174,2510,276,143,56,222,255,137,158,107,73,283,291,3.905297635366124,19,1,2,3856.5682582458307
9643,2039,689,492,287,483,144,59,474,147,41,380,660,6.401410909840383,3,1,4,3568.2370101100496
5947,2696,316,189,268,445,112,30,154,109,25,430,912,0.47454238021923945,6,0,2,295.61926496754876
6959,2011,633,254,269,273,186,145,251,158,53,161,681,0.463758771141477,14,1,2,1819.83551920592
5813,1548,218,208,232,231,200,199,430,60,96,241,939,2.505979242115246,4,1,1,1348.0088978896479
5583,1154,770,158,189,362,166,115,251,122,99,188,938,6.590712188382552,8,1,5,925.4977437806124
3161,2454,395,209,194,493,240,154,486,89,78,468,706,9.245704971447061,0,0,0,0.0
3593,1054,650,205,250,370,251,198,267,123,70,476,242,2.718017501410288,15,0,2,0.0
9034,924,624,486,157,307,299,168,247,83,80,126,305,9.564764136725653,22,1,3,5090.097862643859
9302,792,593,320,285,395,136,58,442,111,43,320,789,5.483106831019482,23,1,4,4925.009239647763
6259,1708,483,362,185,325,123,63,296,128,83,151,861,5.027782376271384,13,1,2,1444.335230101334
7155,930,233,181,140,288,371,76,223,144,95,355,252,1.0320302183550611,23,1,3,3855.1213330490086
5962,816,494,371,173,457,86,60,327,54,30,332,433,9.55462721640274,9,0,5,2076.11424888398
6888,897,450,148,219,243,174,58,432,100,28,100,35,7.914688437454869,6,1,0,3968.7695650994738
6390,1847,538,476,253,453,215,167,293,146,61,401,580,0.03242236985920521,15,0,0,1021.3888695647266
8997,2088,639,131,214,350,50,41,448,107,51,488,258,7.929278766752219,10,1,5,4248.599762270618
9354,1095,379,188,197,475,387,176,178,172,48,417,192,5.533410798166622,29,1,0,5451.65891305782
7501,2623,427,118,50,344,340,65,107,142,54,411,592,0.997433054032818,7,0,5,2270.675837316494
3663,2443,222,102,58,117,120,22,453,52,98,291,496,7.012658264831492,0,1,2,0.0
4132,1415,526,477,160,302,157,152,472,72,22,376,309,6.660736629937281,6,0,6,0.0
8195,1755,353,159,73,303,135,75,154,59,52,203,179,6.820047073786471,5,1,1,4563.632785242326
3541,1475,345,341,174,101,230,86,136,96,92,200,21,8.7562935986488,10,1,6,208.3648092511466
8433,1575,451,128,211,475,74,108,445,81,80,325,986,7.600868402706107,27,0,2,3694.566774189843
8093,1744,501,174,85,153,347,179,348,170,75,479,32,9.10983828904593,17,0,1,3934.1665373080164
8236,1951,269,169,53,265,200,116,299,97,54,421,404,3.821149355648771,19,0,4,3994.175760685804
5974,1666,742,182,206,452,314,128,369,85,13,470,128,5.621771744401169,7,0,5,1238.7926254764398
3867,2528,292,456,136,428,252,60,188,137,10,117,131,9.858028417232443,15,1,1,0.0
5066,862,362,272,276,242,100,48,325,103,69,114,680,5.90141814875956,16,1,6,1655.1641102998683
3431,2929,280,296,193,191,269,122,422,69,59,273,133,4.2240023621810385,27,1,3,0.0
7835,2818,787,445,57,107,106,130,259,180,96,132,539,4.671760472835902,20,1,5,2369.574226327848
8469,2845,262,246,140,351,131,128,488,180,56,343,459,7.387363175479933,3,0,0,2920.0333600726835
7278,733,635,372,88,199,213,30,434,109,26,366,876,3.6516254265480153,14,0,2,3277.9349863972525
9256,2231,247,134,107,138,318,114,221,172,95,320,470,0.4810947681648281,26,0,1,4612.678984625824
4206,526,644,212,189,235,232,151,373,72,44,128,234,9.14620213595721,2,1,0,1116.9202712119857
5528,1994,273,305,221,461,229,112,336,79,17,107,11,4.819007779048819,27,0,0,1282.059954093721
4169,592,741,257,53,149,333,73,366,97,65,129,105,5.187746495410014,0,1,1,1082.0448019462704
3830,808,356,352,288,182,135,140,429,94,69,462,175,3.6195317529132174,15,1,4,459.13635079139306
4651,551,686,221,74,353,160,21,231,86,64,408,185,9.201146445079312,26,0,0,1653.4122494622693
4136,818,465,147,247,295,207,119,481,199,16,173,624,1.8459145038502767,5,1,4,293.6438448150436
5810,2492,455,284,116,126,94,97,488,101,74,361,812,3.9072147589174966,17,0,6,226.70580175351776
3475,680,238,372,216,176,87,67,281,51,34,400,288,3.7931077355633858,4,0,6,721.1816667156961
5810,2092,254,200,167,393,69,87,292,63,33,162,148,5.028884753139905,24,0,4,1873.9159623725652
4326,1146,227,114,73,354,146,63,209,67,84,228,886,9.691192255083044,9,0,5,672.7531360343655
8066,2461,317,227,262,120,108,147,313,163,74,108,104,2.002161713675524,16,1,2,3759.21738061763
4019,1783,569,309,55,317,273,113,339,64,56,405,248,6.3501347853150225,22,0,1,0.0
8237,2744,408,211,146,144,347,102,240,86,17,279,313,5.578722882263412,18,1,3,3120.2159475918475
4836,2802,786,369,121,281,238,38,172,179,54,410,999,2.6236766232164053,16,1,3,0.0
7256,2524,776,241,210,385,108,191,102,168,38,476,602,4.13363296650414,22,1,2,1387.7881894796647
5448,835,757,272,225,450,57,178,101,156,40,371,49,4.222784447158938,9,0,1,1976.7047286057345
7293,2076,515,452,244,243,362,81,495,133,66,102,351,2.3163076698435203,6,0,4,2159.5264769051582
4283,2025,592,265,173,151,151,162,443,123,16,101,0,4.84485617600706,29,0,4,0.0
3659,1489,643,218,51,350,389,176,309,118,40,193,543,1.8576057531011336,5,0,4,0.0
8871,1778,458,302,87,205,70,86,411,81,69,348,194,2.064739698678195,8,0,3,4783.737893208257
8166,1013,397,110,89,396,354,105,157,106,65,245,96,8.490132373431326,29,0,3,5151.951099151101
5010,2529,644,348,105,298,265,194,316,110,41,416,384,9.338167357167531,10,1,3,0.0
3398,741,769,403,152,436,359,103,498,54,70,158,535,3.896433212545011,11,0,0,0.0
4733,2696,781,347,152,379,280,144,356,134,70,102,146,0.10449187093532042,17,0,2,0.0
8678,2233,504,253,265,247,285,26,212,195,85,105,913,8.902728590344365,5,1,3,3329.9764517810618
5125,2759,538,422,70,202,200,148,170,97,73,214,95,7.912429725075883,11,1,6,31.455490678818222
5171,1167,728,124,164,101,117,41,201,89,19,209,427,4.1597693579464305,10,1,6,1804.478373951271
3074,1093,253,441,259,355,95,76,144,117,35,368,389,6.1944451901290565,15,1,0,0.0
9280,2678,311,320,84,159,271,113,243,145,78,114,208,9.140844728834567,1,1,3,4424.323040557566
7697,755,618,209,252,406,289,144,222,105,96,185,11,9.875750338657204,27,1,6,4428.193360260115
6471,2002,504,189,252,484,205,92,372,181,82,182,673,4.659737507922223,17,0,0,1180.2750174464595
3836,1060,637,364,116,190,144,46,329,194,46,341,931,4.6913856947423325,22,1,5,0.0
8624,2610,284,139,237,200,146,57,129,101,39,491,102,8.711368286969964,12,1,3,3998.9108545492127
3499,1834,723,362,200,213,355,147,392,174,11,305,191,7.4579870000086945,11,1,0,0.0
8692,906,451,257,242,361,132,95,373,67,51,186,65,7.961232505606276,19,0,6,5386.340213401623
3137,2360,325,217,240,153,294,160,303,177,77,124,403,6.189909513467771,23,1,0,0.0
5097,2562,604,355,200,287,112,116,339,74,99,260,979,3.6491318343052335,12,0,1,0.0
8890,2210,503,295,263,126,59,162,366,110,44,292,695,1.9080613990347517,26,1,3,3913.8821835146446
8068,758,227,413,172,339,138,99,159,187,19,420,430,9.528535191894477,14,0,5,4718.51517210907
8738,1222,465,410,91,179,214,117,334,129,40,216,550,1.520656133884194,20,1,2,4648.1145846815
6696,1782,251,113,271,289,375,67,346,181,88,151,310,4.476393073169888,6,0,3,2304.0717006677637
4885,1113,710,217,241,418,335,34,253,177,94,114,56,4.777913666324016,1,1,5,1258.063477661151
9397,2194,406,316,243,454,264,118,179,81,15,150,306,8.905605594903395,9,0,6,4596.216676740367
9124,2478,773,304,299,190,385,59,137,108,74,226,575,7.100974124144573,17,1,2,3397.3862643841185
5757,1312,710,176,130,134,121,49,236,195,83,417,351,2.4051300011868815,18,1,0,1958.4436156876354
6920,2286,752,479,90,157,257,131,324,166,11,446,898,2.0042775086873377,4,1,4,870.5043806960016
4900,830,400,271,163,288,188,42,341,141,18,159,89,9.471339066549303,23,0,6,2032.273615114638
5610,2712,483,489,69,352,295,28,310,167,90,385,936,0.43621793798876096,15,1,6,0.0
9900,1716,556,125,58,135,178,179,145,179,89,300,203,8.948530238965667,8,0,1,5836.491314134595
6986,2044,246,227,106,457,149,54,271,198,75,188,817,2.180283165340019,11,1,1,2205.0248242478533
4449,1897,336,473,173,191,60,68,141,173,89,133,642,0.899831316406281,23,1,1,0.0
3546,886,329,241,252,155,389,115,122,165,68,203,923,2.839563189370198,28,1,2,0.0
8017,2018,394,491,194,166,225,192,461,176,22,395,200,5.522070155863281,17,1,0,2843.3337773181124
7676,2317,563,123,127,412,366,35,389,153,15,466,473,8.606527188245547,20,0,5,2096.4616443345485
8468,2317,631,331,259,268,365,51,329,102,34,110,901,6.765915864573637,12,0,5,2717.265696820834
9052,2314,268,276,67,386,199,44,296,186,72,306,260,7.73149237025898,2,1,5,4377.9334774722
5003,2875,657,440,285,230,124,113,292,77,68,384,200,9.137944268757899,19,0,2,0.0
5096,2015,739,334,291,265,148,56,253,110,99,321,950,0.05498409768952217,2,0,5,0.0
3703,1740,534,418,112,151,314,56,154,108,55,110,493,6.5109141288033285,29,1,4,0.0
9404,819,725,125,249,251,292,182,354,124,24,484,353,3.8545385028354118,2,1,1,5209.891229342552
5403,898,757,365,142,204,132,64,114,163,75,290,987,6.128935828569119,14,0,2,1444.1906712808088
4625,2414,215,461,249,466,342,155,280,175,95,303,537,0.5286314496645161,17,1,4,0.0
6331,604,655,216,75,191,119,194,178,114,51,321,312,1.5038431502794603,2,0,3,3349.439041134611
7733,1195,709,157,269,300,277,55,110,165,26,158,254,7.179534996094032,27,0,4,3883.08865020259
9886,829,408,369,249,392,221,137,157,137,32,190,821,8.814585579560065,9,1,4,5998.185554989201
8105,1159,357,428,133,472,180,101,338,59,24,391,445,4.976000622199797,10,1,0,4111.841537775516
5978,1320,536,394,288,318,59,122,397,141,47,242,98,1.9381941261420665,7,1,2,1815.0591541828799
7736,2472,440,221,249,166,105,157,436,99,65,300,448,7.367853580638592,7,1,2,2616.814638656353
5839,2293,257,258,255,268,82,20,296,146,43,194,67,0.5142828808907074,9,1,1,1696.010614300035
6384,2861,504,277,62,404,293,162,260,112,74,316,890,7.289540010335378,20,1,4,0.0
5659,961,544,243,168,127,275,115,271,135,89,159,972,8.086950366845485,27,0,6,1585.242636696257
4861,2107,213,427,281,387,277,111,444,148,98,370,871,0.6098195366066472,24,1,4,0.0
5856,2175,558,467,194,454,294,106,234,107,96,133,948,4.033831562689764,0,0,4,132.07076062931418
8301,2957,576,406,164,426,152,150,325,95,43,289,532,1.2241025854982879,16,1,3,2235.860155371489
3685,2574,442,498,75,131,246,134,472,138,82,115,977,8.204925752940646,12,1,4,0.0
8947,770,344,188,183,265,350,51,407,77,25,388,595,8.20478753925731,6,1,4,5262.335724795868
7283,884,614,338,130,235,362,167,368,169,59,225,643,9.223232468374539,18,1,6,3020.7005599572803
4619,559,593,137,181,167,258,75,131,108,78,192,95,1.3229431128822222,13,0,6,2047.1659437382618
8783,1630,557,460,138,253,241,97,394,53,51,131,666,7.199237422698172,6,0,3,4077.1402393341423
8080,719,775,178,56,425,176,118,177,160,71,499,344,8.89081194900653,20,0,1,4213.126288349814
7643,1964,357,444,66,403,59,123,418,173,21,178,326,4.404022782433855,16,0,0,3114.408001076722
9868,2406,217,426,135,195,379,61,119,162,78,312,428,3.2827113084061854,14,1,1,4915.750433255676
4431,2095,760,445,177,296,115,92,115,109,96,127,861,7.144896913538071,26,1,2,0.0
3875,595,767,351,167,207,390,79,257,111,81,241,342,4.065003697241819,4,1,4,242.29854778079596
7713,1488,546,427,141,145,207,194,204,60,89,477,28,4.454048519786605,10,0,3,3674.196612314076
5461,1612,257,248,99,285,305,171,313,69,93,376,120,7.220496502892585,0,1,5,1441.9151510134673
4365,2445,354,115,177,422,387,60,456,184,37,315,696,4.525285728356449,11,1,6,0.0
4243,2778,766,466,55,384,84,23,173,144,39,476,148,8.2425713591163,15,0,2,0.0
7998,1467,686,422,207,182,358,95,171,111,84,198,480,7.051300596140312,0,0,5,3540.0014668088447
3162,2822,730,420,123,237,216,198,320,184,59,426,593,9.46870643020675,21,0,5,0.0
4974,745,686,368,291,426,71,20,433,168,26,258,282,5.389784424697217,16,0,1,1073.5341449347688
6291,2658,350,217,105,336,116,33,302,113,19,121,717,6.584466039173787,25,1,5,1161.6182219663265
3269,733,558,291,88,420,247,157,324,181,97,124,551,0.5923310942586624,15,0,2,0.0
3631,2964,567,416,191,244,149,116,461,191,20,145,414,7.728786620010321,14,0,0,0.0
3905,1651,246,387,103,377,385,183,148,135,56,141,745,6.221221977043109,21,0,4,0.0
6471,1760,406,495,287,199,244,61,200,138,17,487,263,4.80879222023641,18,1,3,1797.5503097582305
6253,1302,649,450,283,113,149,141,475,85,40,132,636,9.719464822697386,22,0,1,1780.549455116658
5014,1917,682,396,71,361,124,67,328,139,46,199,962,3.9547903127022463,1,1,4,0.0
4641,1154,769,293,234,146,66,37,232,73,42,445,162,1.3541177733987275,15,1,2,1042.742707946522
3204,2942,342,491,90,324,196,108,460,131,18,402,869,2.7919527732040272,6,1,5,0.0
3581,610,599,380,139,243,299,95,398,70,55,169,330,9.107299264481076,20,1,5,105.4601882948753
8675,589,296,488,59,295,304,79,146,112,12,411,995,2.0963545291877903,12,1,0,4910.769793896705
3840,1262,246,400,51,389,237,175,286,96,22,252,755,9.657574933008545,0,1,2,0.0
8932,1803,390,485,244,356,377,28,296,118,37,413,106,6.7947638011064875,22,0,0,4289.876183949832
8347,1856,339,349,97,107,395,171,354,64,61,301,115,2.0183641540780375,29,0,0,4105.343193932962
4719,2679,430,330,91,377,289,167,118,53,70,455,865,0.6639129646276154,9,0,1,0.0
8738,1536,539,102,296,423,356,46,472,176,33,147,598,4.7272872757232385,22,0,3,3948.804458422829
5643,1964,690,273,188,389,225,120,411,181,19,406,708,5.026651929634143,9,1,0,275.43338726750346
5297,597,248,339,251,392,362,187,253,163,51,206,413,3.488220186135156,19,1,2,1694.5810035648249
3874,1643,652,203,189,476,81,102,293,132,46,301,932,0.45316247224964523,11,0,4,0.0
8560,792,515,388,191,122,384,73,497,181,24,498,655,9.246868906462375,8,1,3,4415.453504818638
9339,2339,521,343,79,183,171,105,191,111,37,468,269,5.986333696123964,22,0,1,4368.957565209785
3689,2234,286,387,282,354,373,101,487,151,46,325,454,4.844462882075255,23,0,5,0.0
7000,1524,673,466,109,472,77,162,230,137,74,203,628,3.567090088249948,13,1,5,2195.224564216621
9106,2797,481,372,254,123,238,116,434,175,22,409,96,6.768761697480783,5,1,6,3515.4441225116443
6141,1151,273,219,207,496,382,122,467,83,68,164,767,5.281443468085155,4,1,4,1672.418577309485
9782,2696,652,437,87,424,189,198,149,179,77,407,1,8.478387794671363,11,0,0,4344.683508261813
4422,2591,246,358,124,435,320,59,325,92,65,246,173,5.567112168584087,25,1,0,0.0
9097,2406,787,169,114,415,334,190,365,121,39,105,4,5.218270438837869,14,0,0,4089.002334093403
3671,2221,295,282,268,137,392,83,283,70,73,470,556,1.9842291733388795,1,0,3,0.0
4171,1567,230,346,224,320,318,154,453,189,76,237,556,0.737731930782588,0,1,6,0.0
8591,2709,733,217,88,313,343,21,115,85,29,219,742,2.1112432628245372,22,0,5,2875.1051679160396
6726,2316,216,130,284,432,235,49,392,172,36,270,827,1.6135372090454392,2,0,0,1412.926879539121
3943,752,411,248,226,184,159,71,199,50,21,154,654,7.237852099245727,2,0,4,909.903262762543
9342,631,434,115,278,484,304,120,377,152,50,480,379,2.5570966107096837,28,0,4,5391.253321313589
4449,2407,591,372,122,103,84,122,477,193,89,218,553,6.757772897384992,21,1,6,0.0
6737,2410,553,451,107,294,381,52,387,98,60,345,385,5.815012832517049,13,0,0,1228.4510631245907
5539,2179,504,484,289,213,271,28,180,55,89,331,471,2.5076193848806296,24,0,3,302.33299299773836
6959,1632,798,467,156,314,159,30,428,173,38,236,668,6.121716566040081,11,1,5,1698.7142384296399
7991,1558,749,201,267,435,310,143,351,62,60,420,604,6.957173758619948,15,0,2,2786.3399519421982
9285,2425,764,171,138,464,51,95,279,58,68,278,724,0.18360277280635606,12,1,4,3701.314987711238
8432,2822,739,292,66,240,283,157,132,168,97,283,152,5.58471193751986,3,1,1,3100.2691347394375
7260,686,788,421,183,266,335,73,219,152,40,308,405,7.721830045236953,5,0,3,3336.851799434953
5361,1448,708,210,192,386,148,94,196,138,18,332,338,1.1395773477702753,24,1,2,1071.8049620329948
9164,2790,594,392,244,483,168,116,485,123,79,482,189,3.9195208892279707,4,0,1,2969.785921190627
8201,763,630,446,144,434,59,167,113,181,39,468,891,2.956482457271883,5,0,4,3833.4911729052883
6652,2497,761,439,205,104,122,24,200,74,99,239,652,6.380723257324826,21,0,3,1239.9287669372013
6670,1021,376,466,250,226,258,43,416,129,49,145,189,7.616604181064858,6,1,3,3198.5743601852505
4753,2064,605,417,221,185,173,179,324,112,16,460,933,9.645343507313136,20,1,5,0.0
5352,1282,500,376,292,185,87,50,420,89,81,458,383,4.976586804890079,19,1,4,1164.6395211261731
4938,1034,644,205,195,494,143,125,338,157,68,371,184,7.184050693477464,7,0,3,836.1861369190566
3370,709,326,136,289,123,282,63,185,118,20,177,288,5.238282170533494,26,0,4,728.5706234307194
8976,2593,548,390,281,144,212,166,129,133,12,146,254,3.585712297372444,23,0,6,3783.506249739767
7948,2063,220,280,209,210,376,43,382,180,13,156,544,2.045178523759609,26,1,3,3364.4032604455288
7479,525,619,242,260,389,189,137,163,177,29,162,311,8.87903169473268,19,1,4,4346.350102272146
4931,674,351,213,246,494,291,31,388,114,14,385,395,5.843461037135688,9,1,3,1243.53837770854
9588,2039,359,337,221,284,219,197,408,175,43,336,877,6.405624597765495,9,1,6,4023.583996587592
3424,1834,679,193,119,334,147,104,179,100,23,183,726,6.169802934854428,20,0,0,0.0
9304,821,642,359,112,256,116,134,493,74,22,104,250,2.372388049748796,19,1,0,5724.898358610809
7724,2102,295,206,253,260,338,44,254,90,70,242,988,3.2291139360152545,10,1,5,2536.0524504583864
3894,1658,551,343,107,299,153,198,264,54,58,477,924,8.447690248458716,0,0,2,0.0
9633,554,274,434,224,221,190,136,485,183,54,386,938,4.490722117406126,17,1,2,5638.003931649639
9470,2066,793,122,175,323,252,161,449,125,62,176,59,0.14601004383732463,24,1,5,4648.810960325123
3597,2109,558,460,283,464,339,91,465,95,33,110,320,4.3654319069839165,10,0,5,0.0
6062,2372,332,370,194,122,355,48,398,159,72,481,151,2.3270271306189336,11,1,4,866.2916377610393
5336,2694,599,239,216,296,186,44,310,182,84,355,68,8.620822084017009,9,0,5,34.30328946905304
7688,2008,338,483,236,384,312,106,470,110,18,150,440,5.121554294400718,28,1,5,2608.6987762108815
4687,2567,445,181,184,105,155,119,198,179,72,495,34,9.94128274057833,16,0,5,0.0
3572,832,490,476,112,407,179,159,366,52,65,472,172,0.32547858012601516,5,0,0,0.0
9171,2078,311,443,166,444,310,197,151,184,86,484,452,5.519822767981085,13,0,2,3943.911283268938
5090,1406,369,255,234,188,162,159,225,139,86,241,652,0.5252397841438916,29,0,4,943.1362470191865
8800,1410,798,434,252,477,371,101,221,146,80,436,159,2.840834300319326,17,0,3,3881.47841938501
9566,900,439,118,211,497,165,119,131,111,84,165,694,2.2981006230465084,2,1,0,6008.96012807564
6669,1449,536,168,102,372,187,195,435,103,51,202,873,2.822112231571623,25,0,5,2046.678014608219
7272,1829,337,231,243,383,210,197,384,102,10,279,538,9.807670542057568,6,1,4,2485.7849307261963
7624,2575,793,355,255,364,157,38,391,58,73,193,599,2.7840752220061935,9,0,5,1939.1289981846974
4633,2410,435,308,131,214,297,131,187,178,81,164,514,1.6443775795696747,27,0,4,0.0
8061,600,202,109,225,223,183,72,270,192,24,105,640,9.513437680996496,11,0,1,5215.339859730317
4517,1050,770,239,237,359,63,54,467,138,78,306,318,6.25214708802159,7,1,5,393.6073623538356
7293,2900,315,234,92,268,127,132,407,157,31,317,379,2.8656322235406053,12,0,6,1960.7676642233193
5657,2205,671,354,250,135,320,174,408,85,29,417,92,6.59203895840454,23,1,2,578.1473460771567
6648,2843,330,399,280,328,274,86,167,187,77,286,684,7.8869649438089295,23,1,6,686.3385077741603
9985,852,682,357,53,233,170,70,232,168,54,280,85,0.16834986928644047,3,1,4,6762.772070228961
7948,1518,600,193,289,343,272,124,182,99,98,366,708,2.349785717887387,13,1,4,3026.2072054804244
6588,1679,400,471,255,164,258,166,275,118,89,206,554,5.708884720744296,22,0,6,1841.2618106864425
4537,1597,491,340,124,336,289,62,470,147,49,211,980,5.108922817671504,7,1,2,0.0
9165,1479,541,336,143,102,70,54,479,152,55,237,122,4.212779040280398,2,1,1,5415.712566991271
8176,1855,415,264,281,136,334,34,481,151,72,103,11,0.3083743021752161,4,1,2,3918.8176296115225
6137,1238,784,424,156,208,378,163,211,65,21,317,987,9.510795519212703,0,1,1,981.8876846432818
9985,1476,565,247,140,349,142,118,356,128,61,409,714,7.150773893783461,28,0,1,5111.259393211896
3097,1871,668,317,142,102,304,88,454,91,16,463,142,9.952788117264426,11,1,0,0.0
6215,2780,617,207,229,334,211,104,357,51,97,185,124,8.747638260208955,4,0,0,1082.5981326616056
8999,2301,226,330,209,350,352,188,493,89,64,161,293,5.73659628734939,12,0,4,4021.8951444183863
7530,2649,654,169,162,242,301,49,290,108,14,128,317,3.5225751212781087,6,0,4,2328.815047404334
7732,1452,779,320,271,347,314,166,158,110,56,306,290,1.6397133665358354,25,1,4,3047.30300155933
6750,980,213,173,139,155,237,107,361,125,47,388,239,2.11333190153153,22,0,0,3501.0144962276086
6157,1737,297,278,143,160,161,65,203,85,52,494,108,8.68005573578419,21,1,0,2197.196370383071
7683,607,478,179,228,167,79,79,329,80,79,414,271,8.611475768210155,9,1,5,4657.686679936139
3343,1472,689,453,187,178,322,98,311,172,17,311,996,8.606361820751655,17,1,2,0.0
8413,2126,406,258,189,426,364,43,438,56,95,345,703,8.607231642205747,23,0,4,2838.49129125505
9075,1203,432,455,274,466,217,183,275,172,59,470,654,1.8639609932131096,4,0,2,4089.2521370734953
7666,2882,772,268,275,295,145,196,147,139,87,242,223,8.536958402845226,11,1,2,2058.8513665410665
3610,2633,796,413,259,294,184,33,219,69,18,348,63,1.2531740614044462,10,0,0,0.0
4727,1374,438,488,216,122,87,58,443,147,22,230,953,4.1447101491962055,18,1,5,45.82212718936846
5290,1947,449,260,257,113,337,27,483,194,59,127,250,9.926822867656416,8,0,2,537.4465184941605
4854,2911,782,131,286,489,118,195,428,55,87,215,591,6.977955793977299,23,0,0,0.0
5608,2607,796,220,245,388,283,99,131,172,44,339,864,6.467793376183071,10,0,5,0.0
8055,1773,505,314,187,108,116,100,459,135,34,269,679,2.2693407509808217,11,1,0,3331.30308899307
5079,1059,662,102,141,239,105,60,352,130,70,114,312,7.36669646676874,26,1,0,1699.451657463044
9534,616,435,484,154,341,325,54,360,197,40,139,403,5.475814873051316,6,1,6,6020.921367908778
5324,1373,490,327,259,352,241,73,184,155,58,133,676,4.814700394630883,20,1,3,1044.9952057485793
7627,1467,238,147,122,326,169,184,116,90,52,135,230,2.3399448777365994,6,0,0,4336.947801149408
4177,2068,382,266,263,472,60,199,123,141,54,382,892,1.247633367024098,28,0,4,0.0
9526,543,229,488,59,194,195,37,483,163,93,497,543,2.2869886910031925,23,0,1,5961.9831429960195
4091,1008,587,432,153,278,63,40,446,158,16,341,585,5.051812873259607,9,1,6,0.0
8997,2511,342,110,200,102,83,61,211,184,83,230,399,9.645988677014927,23,1,2,4478.6741764576855
7979,1688,618,337,284,283,253,84,181,116,15,230,900,2.525834290352792,7,0,4,2870.6908286221046
9357,1815,273,377,254,145,135,155,441,193,98,186,895,6.775374723531959,24,1,0,4481.693405286384
8774,1348,254,340,265,391,203,133,105,126,59,296,787,1.75487935229094,26,1,6,4631.101385889222
9519,2379,771,291,190,240,219,120,383,99,79,421,55,4.076077810854027,12,0,4,4183.639022781345
5791,1416,223,111,97,112,216,186,205,131,54,287,90,2.76530848368394,5,1,4,2574.5415548165975
9356,1298,221,152,158,285,234,80,247,93,63,224,298,3.4542557318309375,6,1,4,5906.856558014376
9222,1375,627,154,138,184,355,29,476,80,26,229,894,2.2251167067773348,26,0,6,4575.486196137669
4749,2260,231,408,93,142,162,26,307,116,95,214,443,9.731769737818986,9,1,6,410.31521173780504
5675,2833,538,120,288,483,193,54,246,52,96,421,561,3.320659777181212,8,0,3,0.0
9747,1318,714,118,142,255,367,110,107,139,38,199,58,8.723172808925359,25,1,5,6163.794345587826
3781,2668,711,443,257,283,260,61,373,152,73,305,83,3.37102778145423,2,0,1,0.0
6048,1444,269,449,113,146,240,107,392,151,80,367,908,5.125854789432982,21,0,3,1152.839378700194
9823,1406,287,421,89,305,335,48,288,124,29,129,402,9.142400847371682,10,0,0,5894.409971547627
5105,512,770,414,183,309,231,174,272,150,35,491,107,2.1850145236310583,9,1,5,1437.2607943991047
6867,1102,418,158,169,374,204,57,322,56,38,195,974,4.609464212040825,13,1,4,2934.1189705246074
7976,699,788,250,121,182,391,21,137,76,16,353,805,9.48101752003179,3,1,1,3956.997417166266
7542,2291,469,358,147,196,241,44,101,56,43,375,666,8.513343697400911,1,0,4,2644.4087134050906
5113,947,277,471,259,278,130,57,323,57,14,461,510,5.403103129473664,20,1,0,1330.5454962315184
8879,2311,791,157,220,454,384,78,498,149,86,342,361,2.4092047776437675,14,1,2,3020.811492117748
8373,1340,209,315,81,247,381,125,158,91,15,178,976,5.459465155448865,19,1,2,4130.411335448597
6970,1089,667,161,226,384,98,26,174,134,42,290,969,8.357253341096907,3,0,1,2828.5605437151257
4991,1653,535,245,123,483,353,196,232,110,52,433,291,6.808735258072308,23,1,4,290.11604564371015
4067,2590,385,481,275,171,104,127,461,69,68,253,615,5.08965988333641,2,1,4,0.0
4577,1019,745,338,264,316,385,60,320,128,42,412,388,2.4491430057848227,22,1,6,120.26265348843577
4011,1536,320,392,172,308,116,198,311,136,92,310,562,6.369649983244843,13,0,4,0.0
5274,1224,791,281,196,420,164,124,247,128,70,415,881,2.975471468010502,9,1,2,234.70547021020147
7869,1487,764,468,133,393,161,113,181,100,27,119,943,0.1235906045579771,9,1,5,3107.2937557760315
9822,1302,473,194,101,223,208,43,495,123,23,214,26,3.797247073663832,4,1,3,6607.966143892295
4814,2849,609,177,229,449,156,55,284,179,30,381,570,2.0180661465273673,10,1,2,0.0
9744,1026,557,241,83,255,75,99,468,165,48,378,309,8.938048149561377,12,0,4,6152.878515600756
5426,2165,297,204,236,132,159,157,436,177,43,113,923,1.2075919164979898,19,0,2,303.8987077123963
8297,1638,440,360,279,368,115,40,167,79,40,185,451,3.3917568533275,13,0,3,4005.0635211698013
8546,959,756,194,130,315,254,46,374,140,90,321,838,2.147922155990983,26,0,6,4038.13939416982
9852,1431,313,322,157,200,150,74,348,194,16,191,775,1.6880966020582389,2,1,2,5716.476859744741
7402,2486,686,289,175,279,255,104,352,150,94,481,14,4.952616195598109,26,0,3,1983.3510870553641
7874,824,440,228,54,226,50,152,186,98,80,137,284,9.811084131832441,25,1,2,5126.7190233524625
5551,1078,355,418,243,432,273,136,382,53,10,395,742,3.8199203902124568,2,1,0,1056.333939947339
9411,2037,551,294,90,476,119,78,215,78,95,284,200,4.88415259662959,22,0,2,4826.485797749668
6657,2500,243,119,83,268,199,183,269,186,31,129,915,6.364438884553616,20,1,0,1387.5964064109123
3007,2881,791,398,231,404,264,93,351,130,96,342,192,6.929240455686575,12,1,5,0.0
5555,2831,511,339,69,465,359,53,471,123,72,486,518,4.509762209235736,20,1,3,0.0
3475,974,337,334,287,234,191,71,400,130,71,347,161,0.8012863454644159,27,0,6,0.0
8416,1577,635,184,231,391,63,153,433,157,55,326,494,8.391192530947428,11,0,0,3738.7207593583275
5211,1981,342,193,288,192,248,161,423,164,66,154,265,5.5216818519684825,22,0,3,475.3383304914828
3484,2102,498,141,115,320,68,78,295,66,54,453,890,4.682381811275395,7,1,1,0.0
9710,1943,761,463,141,254,364,76,442,139,83,208,616,8.413154246962774,27,0,1,4157.4378968046285
8000,1131,461,449,195,379,199,139,135,97,85,302,815,5.982767142825547,21,0,3,3639.318896884551
7654,1202,711,173,93,298,311,56,329,162,89,432,69,2.124164842781051,25,1,2,3635.077154113483
9063,2956,261,464,152,436,368,51,232,87,94,165,920,4.233990782576633,14,0,0,2821.582428379995
5285,1481,766,214,97,340,382,39,382,50,22,263,203,6.88266440448861,13,1,6,1185.974558426709
8223,1827,622,289,292,197,123,145,264,104,77,257,871,9.856424942101542,7,0,4,3008.0548070830137
8329,2458,595,224,84,349,315,100,126,187,46,306,808,6.12297864913308,2,0,6,2671.336197744098
9697,1058,230,105,256,204,342,128,194,165,99,442,358,1.9441381010553294,22,0,2,6096.498840898097
9971,721,529,478,160,360,194,71,431,104,23,454,77,0.17325454062392942,17,0,0,6104.536265359421
7563,2056,368,141,88,228,182,107,274,144,46,464,394,3.0357308463592334,11,0,3,2963.6313862252578
6525,2705,465,157,281,426,197,104,489,174,98,436,779,4.278564503937332,25,1,3,265.8140049635428
6339,847,507,109,280,477,128,195,175,73,23,309,722,6.22726738245487,6,1,3,2355.257346492012
9529,1682,658,188,52,358,358,98,227,77,75,259,681,1.9471088031140682,29,1,6,4795.269036311391
5822,1388,384,433,68,391,264,158,345,141,75,115,219,0.838577336109616,7,1,2,1864.4972830563786
7943,1421,533,210,264,476,82,120,497,157,42,420,52,2.236692805469338,2,1,2,3714.2004736172853
9530,1758,714,138,260,239,243,177,377,100,11,241,722,5.344278376980812,12,1,0,4430.897335029024
5924,904,640,496,174,114,227,79,282,175,62,165,924,1.3024249841330326,4,0,5,1688.690749300573
3258,1780,590,266,195,487,337,165,430,196,98,297,556,1.5348622618942498,15,0,6,0.0
3282,1176,759,110,271,283,384,139,459,142,64,143,98,8.961082416593426,19,1,1,0.0
8745,1088,453,209,280,115,250,194,151,172,54,235,22,0.8937633199150352,17,1,6,5584.491042905697
4898,2120,785,115,132,320,52,145,458,54,46,187,955,6.989881397995449,28,1,3,0.0
7135,2094,534,132,54,489,102,31,201,141,36,285,79,0.24685472796434293,17,1,6,2985.939638354034
9629,1065,599,332,104,162,307,197,476,104,99,138,501,5.869915538387708,4,1,6,5526.103016740685
5976,1203,365,287,62,340,170,121,355,95,61,405,740,8.248887808198562,9,1,5,1832.714767954671
5267,1357,459,323,211,378,199,131,176,192,95,130,571,5.343591339571885,4,0,6,837.9477699943873
6200,1784,203,158,265,432,202,59,361,199,56,163,20,2.554428061743147,1,0,2,2412.6029176184625
8110,1084,318,150,67,356,266,38,409,111,67,184,570,0.203142848355653,7,0,4,4298.515333706364
3612,731,669,370,117,284,184,106,101,123,16,247,167,0.09962859305317817,0,1,1,372.0758842937087
9011,2817,669,142,149,175,305,119,302,181,22,357,256,8.212356323499675,18,0,0,3613.2658361122108
3687,1745,692,126,249,126,111,174,427,92,57,398,877,6.279106415861516,17,0,5,0.0
6690,551,699,155,220,124,336,199,257,87,37,355,755,4.550540465605249,14,1,5,2850.6185928302016
3612,2663,269,220,242,441,112,99,446,192,54,139,228,5.062292317076981,13,0,3,0.0
5307,1037,569,212,218,161,342,26,227,60,65,157,920,5.307232426198704,25,1,1,1273.0618566999258
6013,1040,380,415,87,245,117,96,231,74,97,439,15,3.585259131847227,5,0,4,2668.7632783531167
9509,1542,204,214,277,332,274,74,443,88,44,212,288,8.304509778186851,6,1,5,5629.683330773402
4781,1314,396,208,215,448,384,110,451,105,64,185,984,9.936423795929304,21,1,2,0.0
8906,1915,246,274,190,385,186,178,141,150,46,368,21,5.113528926435639,3,1,1,4672.999084350215
5591,2152,751,211,174,183,95,158,454,149,18,222,834,4.935116874724756,1,1,5,105.91466448794492
5696,918,339,199,71,274,144,164,269,161,12,207,194,9.266819938913256,15,0,5,2623.5619689542327
8643,2856,739,107,78,480,339,85,406,157,11,346,458,6.623741457717398,25,0,2,2435.6203290217786
9026,1363,626,234,186,269,296,86,358,197,67,322,554,6.38589073339587,3,0,2,4449.418806282058
9957,685,788,350,268,389,365,117,309,101,31,334,947,0.6180554843945552,24,0,5,5236.362989432171
6958,760,760,436,159,103,341,133,136,83,94,344,62,4.8952365629155885,1,1,5,3582.395111756491
8248,2051,509,339,157,386,263,179,121,94,33,321,900,6.014837972964133,22,1,6,2921.952805518273
3574,1796,473,321,117,406,305,171,260,125,87,223,363,8.182811040753405,19,0,2,0.0
4910,2707,738,485,153,149,97,32,329,149,63,336,536,7.33470429529766,26,1,5,0.0
8108,1261,589,244,194,369,142,169,458,53,26,428,293,9.904484878508555,12,1,2,3915.652547895191
6604,723,658,476,295,107,55,166,453,62,67,269,692,0.7830533218094149,2,0,4,2610.6295980564264
3669,1779,560,103,214,456,242,186,442,108,67,344,655,5.468750505982544,8,0,2,0.0
7364,679,268,381,241,168,152,40,417,116,30,131,735,1.1100337636323132,18,1,3,4025.294872520264
4283,2567,782,433,244,491,123,163,134,194,86,395,604,8.03828808748735,20,1,6,0.0
3923,2147,630,427,181,238,123,154,384,171,72,175,581,5.750895235138842,8,1,4,0.0
4125,1131,231,296,89,347,162,103,421,94,72,479,469,2.739992841638843,10,1,6,111.43147870563378
4529,2036,712,488,193,128,201,131,480,96,53,303,968,4.402736706048136,2,0,4,0.0
8854,2605,381,227,188,282,312,145,405,145,49,190,393,9.311225380055593,9,0,0,3492.4192078640376
4594,2463,447,360,268,312,135,97,113,161,84,401,438,7.795528237871166,8,0,2,0.0
3246,1114,496,190,75,496,107,173,147,161,75,125,909,5.318026038716869,26,1,1,0.0
6711,1061,229,424,144,419,198,105,399,173,76,206,508,8.010645265655786,5,0,4,2668.064950639431
4560,2921,501,358,147,404,263,124,341,109,88,369,494,0.3060393966252528,6,0,0,0.0
9274,1121,675,193,249,118,349,95,171,50,55,305,358,8.970527410441234,23,0,1,5389.005290628082
5400,2635,551,356,152,482,330,132,484,83,33,494,339,7.519809934365046,20,0,6,0.0
5243,1513,681,235,242,325,144,50,358,143,81,197,836,7.965194656656162,13,1,5,515.2854175529847
6864,2561,516,112,174,329,257,123,473,90,79,281,838,5.363858093972041,10,1,1,944.114149983106
4939,2680,596,297,51,438,192,87,298,100,60,107,359,6.949289049337077,17,0,4,0.0
8025,2460,288,277,296,195,132,187,197,54,86,266,821,6.419005099141896,6,0,5,2704.780922641503
6069,1557,433,211,140,214,101,46,403,137,13,114,823,8.131212122966911,6,0,1,1979.0310478896258
9788,1091,367,363,94,458,66,156,225,187,40,359,461,7.04597617826039,12,1,5,5993.90247841314
3226,1082,325,468,220,279,267,112,259,196,74,292,312,5.027777353162396,15,1,6,0.0
9844,2113,772,178,52,472,277,35,364,169,39,262,654,0.8506330695149278,11,0,5,4339.706740224319
6547,1601,319,477,211,177,341,130,346,99,81,105,976,9.940568598258233,1,0,2,1859.5725631802984
3264,788,627,355,129,426,250,132,284,127,49,214,381,3.5219599442052063,6,0,2,0.0
4395,2068,389,173,242,375,131,32,401,141,23,165,211,7.6042516794292005,18,1,1,107.76518788683325
6557,1943,627,482,113,451,177,79,157,181,53,338,15,6.111446293394987,29,1,2,1938.2184028816057
8553,506,759,260,184,465,129,98,283,110,43,194,744,9.77768966982637,9,1,2,4594.950359975144
3645,1683,401,300,84,281,238,156,370,160,48,280,660,9.638377916708324,9,1,5,0.0
9354,739,258,468,71,194,205,139,218,138,13,310,842,4.345199643436622,5,0,6,5743.973982746429
8514,2486,422,407,225,185,365,144,322,151,97,118,67,8.522062927239734,28,0,5,3409.5559096231127
8569,1946,691,476,209,488,209,127,243,186,36,112,664,1.203784063690777,24,1,4,3004.945899332714
5990,2249,210,132,75,194,291,51,470,131,51,223,833,2.114280262746279,19,0,0,1015.0669879927622
8483,2617,711,172,169,434,363,74,338,135,20,363,321,5.733291303652957,11,1,1,2883.758344118746
4899,2403,509,451,55,244,131,172,145,117,96,476,730,2.120086941379248,0,1,2,0.0
5504,2763,233,392,223,347,93,188,328,149,41,417,606,1.1891419500693357,25,0,3,0.0
5772,1577,539,297,232,280,211,45,426,108,59,191,302,2.0289104754529785,3,0,0,1523.9507857794474
8345,2877,680,424,252,392,270,128,390,62,62,446,199,3.3238523635778305,12,1,3,2010.8354801474734
8077,1347,773,487,272,118,198,176,165,128,13,155,111,9.82545733161411,18,1,1,4111.667245250438
4154,1811,292,415,167,237,173,147,412,146,28,216,327,0.8792409749108543,4,1,5,0.0
3587,2592,332,339,232,143,50,101,467,97,80,393,644,0.8542385296536215,22,0,4,0.0
7571,2745,618,173,134,325,232,55,389,147,42,461,917,0.4384283228210384,23,1,4,1384.3655374632692
4821,1739,667,130,234,444,257,116,326,103,87,428,362,2.393023704049395,28,0,0,0.0
3985,2004,643,113,292,136,146,103,386,98,86,370,708,1.1175922558803364,26,0,6,0.0
7079,1832,229,304,263,413,70,150,111,199,79,161,423,0.4413943631094408,18,0,1,2814.7594260497854
6348,2879,497,415,170,319,272,78,274,97,92,288,559,4.450936038481997,20,1,2,537.8741211971189
9299,1195,260,167,112,227,97,181,320,141,64,401,965,8.046149408814646,11,0,1,4788.197621157678
6831,526,657,227,178,242,81,25,164,154,18,124,677,0.995799728454686,27,0,4,3632.3031189297462
4241,2865,503,125,198,282,337,178,228,74,71,100,326,1.0585858599042497,23,0,3,0.0
3189,2912,539,283,286,496,179,179,434,70,71,370,273,8.114229193338446,6,0,2,0.0
8536,1459,647,236,69,142,327,61,349,75,57,146,536,3.2754825118726973,20,0,3,4458.555328151918
3980,2026,501,390,250,309,294,76,294,153,99,265,578,5.002272345049876,23,1,3,0.0
4698,2368,739,205,268,147,101,92,369,178,77,260,88,7.809225527146763,29,0,3,0.0
4715,872,684,123,78,411,258,65,281,122,57,404,404,4.088135975578381,21,0,2,792.848283337157
5593,2449,276,438,92,319,279,131,493,54,36,454,94,0.19801974763031915,6,1,5,421.00815443749457
7136,744,714,293,274,466,235,107,422,194,64,431,877,4.161591732314177,18,1,4,2276.8689730554943
9450,2340,748,268,222,295,211,75,439,102,53,311,304,8.864844756914614,12,1,4,4176.580403837455
8038,2176,291,135,293,271,248,197,483,157,80,367,425,1.224732810542828,15,1,0,2930.9935712576184
7433,624,665,200,114,336,328,142,405,132,61,477,591,6.762020445582367,1,1,3,3356.5597615510287
8433,1036,665,133,180,274,82,177,474,153,66,349,307,4.972599563610718,17,1,3,4447.591574773889
4098,2419,798,476,145,131,68,183,483,78,18,105,319,5.3194856659675915,9,1,6,0.0
5326,2135,239,138,69,323,170,45,199,164,17,314,853,8.300522084086616,1,0,6,475.48629631792875
6247,1925,528,310,130,153,118,69,446,125,65,482,114,7.858538019187402,26,1,0,1774.9308203345774
3895,2040,484,329,86,285,342,149,340,185,19,447,124,9.849574162121343,1,1,2,0.0
9416,1030,753,378,87,333,264,125,215,156,74,389,732,1.6819068703538698,25,0,0,4817.141510943487
9980,753,265,179,290,416,172,127,263,92,81,491,715,2.5373034588159395,6,1,1,6227.506525041563
9763,2668,308,337,251,330,329,26,338,192,54,105,629,7.466513491230503,26,1,5,4187.37666837862
4674,1160,614,271,284,209,103,174,110,139,48,287,429,8.392104608287621,0,0,2,874.4527994354642
5909,2301,291,425,94,466,70,99,486,175,55,253,42,8.220025621116191,3,0,1,1267.6667219359022
3930,1560,567,158,270,199,146,68,266,146,26,276,830,4.56576677678692,27,0,1,0.0
7384,1865,622,121,219,299,395,65,109,70,91,373,384,1.07992083600146,6,1,5,2742.7771879829183
3723,1536,771,464,95,310,187,173,150,196,76,226,665,3.6685405861132905,25,1,5,0.0
5940,1706,439,466,109,320,91,84,387,145,85,241,713,2.8043493171808267,25,0,3,1081.3974830451698
9415,2635,634,443,145,424,295,21,427,50,71,336,792,5.107938374694366,17,1,2,3110.8213757479307
9049,2593,411,337,62,249,77,98,146,75,77,468,88,1.6447017711094891,24,1,5,4335.967528379347
4089,1642,599,395,80,262,107,83,112,103,45,186,618,6.390957719703553,20,1,5,0.0
7578,2054,725,440,173,493,176,119,477,94,18,417,643,9.653782005265496,16,0,0,1749.2127553808743
3935,2255,667,193,117,242,312,79,422,100,44,157,849,7.353640153686895,26,1,5,0.0
5295,2465,369,343,165,357,193,108,408,77,76,331,59,9.841799190433608,11,1,4,288.2421736317
3155,1244,409,110,111,344,142,156,408,57,98,499,298,7.116186834173394,1,0,3,0.0
4070,2129,455,216,226,249,84,34,498,139,61,491,583,7.415597323758313,11,1,5,0.0
4958,1466,272,364,195,211,141,184,220,54,99,352,262,5.318438228475182,16,1,5,1137.2031783928205
5501,1262,346,111,124,198,312,25,397,60,37,251,912,9.48021744766665,25,0,4,1621.7147517564485
9344,1293,539,253,155,202,63,190,384,134,67,472,389,3.595876805045232,27,1,3,5127.712825948744
8779,1243,516,137,102,310,364,64,344,171,92,335,937,7.641488772868996,20,1,1,4024.2585027142004
7219,1569,774,230,195,111,367,95,146,95,33,347,427,0.01596162420329783,7,1,4,2889.2537865654986
9144,2031,353,481,100,480,251,175,318,189,68,115,660,8.091490345313147,15,0,2,3875.917323857908
8063,1057,454,324,218,325,371,199,385,62,46,496,1,2.942444658547033,6,1,2,4035.040887750979
6830,2494,550,242,150,400,327,125,222,165,47,213,396,0.8396753877085383,2,1,2,1416.1311570118025
3854,1025,746,488,274,247,193,182,113,142,34,240,543,7.236087830633824,25,1,2,0.0
3639,1339,511,153,150,278,348,85,352,57,24,312,716,5.222056333416121,25,1,5,0.0
5238,502,333,123,244,106,294,173,178,151,25,438,540,2.8641628277398965,20,0,3,2233.540414355527
4602,1551,328,494,242,251,61,167,337,186,64,254,132,7.541091880385849,5,0,2,566.8325651994862
9659,1904,635,220,132,422,120,148,466,181,13,137,629,4.2578059007004505,1,0,4,4740.174583260787
3441,656,479,218,172,169,233,111,414,146,35,278,857,6.501586525783786,11,0,1,0.0
9040,2437,557,260,183,452,153,49,209,104,48,250,508,9.979833285176191,17,0,4,3855.0296559348767
8934,2454,451,173,251,152,60,29,461,155,66,243,997,0.039919316457786014,13,0,6,3415.186384460069
8925,1010,334,284,214,261,257,128,163,172,56,145,351,8.479550050047589,5,0,0,5723.106463927125
9286,1186,722,291,61,192,274,169,143,120,99,315,623,5.587234626784234,1,1,6,5126.911014705042
7628,1637,518,319,285,250,366,48,369,104,57,213,465,3.7223205024206427,22,0,5,2821.967804418341
9370,1912,279,220,130,157,322,88,190,145,58,307,528,9.51313495840656,20,0,0,4992.366265496582
4336,2010,390,308,268,295,103,155,338,106,46,499,979,9.390142237777173,21,1,6,0.0
6700,1070,652,483,51,424,222,158,399,150,47,366,398,0.6054367315142828,15,0,2,2258.9286936316294
3948,1214,543,399,102,307,296,173,416,147,71,332,443,6.961220045972649,17,1,5,0.0
6373,1838,229,445,202,402,202,166,357,122,70,114,718,6.030125432690211,1,0,2,1454.219850886369
9115,2786,613,263,287,398,155,166,342,119,83,285,750,6.777644662711429,1,1,2,2864.4561968460166
3459,2850,567,367,285,161,208,177,178,71,17,437,963,9.48420547719805,12,1,0,0.0
7646,1490,795,102,205,294,155,55,429,192,47,459,712,9.904377227609002,20,0,6,2543.2735314175293
3392,833,701,149,222,154,242,189,337,145,45,117,939,2.4523329876316713,21,1,4,0.0
6938,2660,220,463,86,462,344,28,364,195,94,349,493,2.9377948171066945,19,0,2,1349.7677012974048
4787,2144,748,310,278,148,325,154,288,60,65,326,288,7.348136351234496,12,0,3,0.0
7940,861,445,115,194,205,122,37,294,146,54,296,890,7.022892688657983,22,1,0,4341.561170258721
5257,2380,482,267,118,177,92,156,265,181,59,421,265,1.4575978351803753,12,0,6,483.16596137489273
4138,2644,431,382,105,474,243,153,297,83,29,385,174,9.48272394405611,5,0,6,0.0
6808,2481,515,478,170,383,178,64,488,97,72,258,362,8.05936244980352,23,0,4,1148.9775031915813
7741,2563,535,425,107,156,360,169,167,132,64,252,640,3.314359011623811,15,0,6,2150.9109947691422
9362,2477,610,397,260,268,157,98,294,97,43,462,551,5.804490449509282,1,0,0,3579.4193832971787
5454,875,444,284,53,475,152,106,336,125,41,450,884,7.238747988817065,19,1,3,1246.2144963575527
4466,1241,586,237,152,475,182,179,257,89,85,309,584,8.8245031464422,9,0,3,130.71253248141534
6674,889,557,224,232,306,299,140,327,90,82,230,21,9.892789143998641,15,1,4,3277.459028545053
4377,1740,221,491,98,359,319,163,161,199,52,117,25,7.068712715696614,19,0,1,407.0225954376803
9701,1323,218,157,284,375,152,149,234,160,88,455,290,5.852981153900285,10,0,2,5861.57231018369
5597,2867,486,461,87,472,345,60,259,113,22,445,544,9.567499132458828,17,1,5,0.0
3141,2743,475,165,94,444,287,198,206,98,11,447,521,5.159282326763021,11,0,5,0.0
5659,917,751,439,157,262,157,33,429,167,70,387,700,2.2796608855203724,21,0,6,1189.9560481143985
7596,1106,271,301,207,343,186,196,342,141,93,148,421,0.9444300681130047,10,1,3,3739.327841246424
3839,1067,564,108,273,349,347,196,342,64,23,264,634,1.5862965550412966,15,0,1,0.0
9845,1043,534,204,298,408,338,46,200,181,51,170,914,5.920037455893453,26,1,2,5496.693459665725
6618,2778,789,188,86,138,74,100,324,185,24,383,195,6.723455875794077,14,1,1,1447.877848031575
8778,1383,398,188,233,408,167,186,381,176,94,131,850,7.739573671157633,0,0,6,4283.64293808046
8661,1202,216,443,204,220,279,92,142,109,19,268,134,3.0268060083724455,7,1,6,5301.365330384011
9142,1723,417,105,81,185,383,183,464,176,65,185,651,3.7048998379266154,23,1,3,4519.536198895809
6917,2122,346,257,283,198,305,29,417,139,62,492,602,7.967800464311486,24,1,4,1687.9879064943605
8626,2568,409,478,188,473,58,112,122,180,67,372,415,1.4570305862497201,8,1,3,3318.095987027595
3595,2286,613,429,282,345,168,151,163,184,94,109,794,8.608406801500085,10,1,5,0.0
4904,2119,529,202,299,447,168,104,427,128,90,446,440,2.8251175209583366,6,1,3,0.0
3280,1957,551,322,107,493,140,120,282,194,71,116,596,4.600662761830961,11,0,2,0.0
3423,2918,362,270,126,307,221,21,243,173,66,451,309,2.2704296234593113,6,0,0,0.0
9999,2083,300,132,212,212,260,175,219,59,72,155,964,1.448713079744156,5,1,5,5141.733366435813
7365,2414,526,280,66,182,363,108,364,129,13,333,338,7.555464800128629,13,1,4,2254.8363961043324
7249,577,526,283,207,164,165,173,359,161,87,238,114,7.938403696536849,3,0,2,4106.220201171853
9757,1808,354,186,195,100,337,140,138,75,91,400,372,3.2511006167754553,21,1,3,5493.215281577368
4750,1147,209,168,278,273,71,49,399,71,43,444,518,9.016408201902525,12,1,4,1261.4615888252313
7757,2687,552,479,289,349,398,28,396,192,41,226,333,6.787371240221205,15,0,6,1827.525670669932
4967,1052,382,125,79,325,104,148,368,107,87,116,712,5.236151917881643,1,1,5,1373.683847165805
7088,1497,654,105,139,485,157,75,175,109,43,291,36,8.48608046950637,10,1,6,3442.1328710190423
7178,781,205,355,168,383,126,75,495,125,79,221,305,8.777287146787575,28,1,0,3981.890127049449
5946,1781,532,281,65,183,110,80,379,180,49,154,380,5.994353298268554,26,1,5,1736.0033261126375
4449,2346,532,394,124,338,171,64,147,51,44,306,904,5.8426905509476885,0,1,4,0.0
8394,1883,457,359,231,127,141,160,304,175,24,360,388,6.846859978019509,23,1,3,3742.7682167921957
5331,2987,410,483,53,479,372,161,198,108,60,206,53,5.691979457978681,13,0,4,0.0
8075,2817,250,413,176,386,271,157,387,106,29,219,559,5.791664127932012,23,0,3,2289.1407600242205
5220,1657,644,403,154,490,179,164,376,157,46,432,264,5.982114574112498,26,1,4,250.22370250676173
6789,603,576,415,192,427,297,164,258,189,47,350,691,3.2203880588336844,14,0,4,2814.255199276136
5810,1265,685,333,253,403,170,178,419,124,30,425,234,7.537051498643168,24,0,5,1158.1123016588372
8755,2642,250,381,204,381,250,193,262,50,97,141,29,3.582114921978501,8,1,5,3730.1725977013075
8494,2096,353,306,289,282,210,68,243,148,19,311,333,6.476709081679259,23,1,4,3749.179359153612
7728,979,781,176,53,444,299,109,267,103,63,422,187,7.2646945310059765,21,0,0,3520.517677621004
4531,2560,509,267,212,234,267,119,189,92,18,447,258,5.569005005538903,22,1,3,0.0
7882,2463,598,441,134,460,112,112,137,192,95,230,691,2.3287877038053217,3,1,6,2074.419692813395
5990,2642,333,478,112,156,266,37,358,56,51,196,151,5.785709249095006,23,1,6,1237.3282972647373
7493,2840,419,155,149,214,390,30,264,55,25,421,667,8.17145404983125,0,0,5,1723.8291361365407
4143,2572,362,394,115,285,113,115,199,69,33,384,678,0.8022137605201352,23,0,5,0.0
3933,1795,768,180,292,475,261,150,357,137,13,490,694,6.584510000391272,12,1,6,0.0
4460,2028,701,266,88,100,169,123,358,87,53,207,842,1.0833938656631692,17,1,3,0.0
8948,1689,314,275,205,437,118,163,203,125,32,231,208,6.477008662742544,6,1,0,4889.749599919638
5723,1438,698,380,211,128,173,156,274,52,51,277,81,2.7890335450930315,7,0,3,1759.8402149853916
5512,1261,671,482,210,331,194,87,205,61,95,376,498,8.907239875940201,3,1,0,979.595337109512
3285,1153,348,248,227,249,345,192,210,129,75,316,720,3.9583785442765085,19,0,4,0.0
3264,2169,440,355,237,289,178,21,445,64,28,492,664,3.847745409045574,13,0,0,0.0
5367,2431,322,380,121,369,62,138,126,167,29,287,360,8.535557409497894,27,0,1,465.2387355544832
9816,1626,268,444,121,347,323,108,137,104,37,111,269,9.631403306829423,9,1,3,5971.386735980274
6447,2425,262,377,91,485,117,139,271,144,33,411,468,0.28745005799812096,6,1,6,1098.9921523069127
9963,1074,215,378,291,426,319,41,107,131,11,104,266,4.907146657968368,6,1,5,6690.024853158576
9232,2841,589,305,135,294,182,140,122,55,16,382,686,5.660455198323902,13,0,0,3540.358870219726
8773,1829,789,129,140,480,111,196,233,113,10,202,282,9.262936506738754,10,0,4,4088.579139910314
8322,1777,457,317,77,354,210,168,158,84,20,276,3,5.9425778177935,27,0,1,4431.5920674774925
7916,1703,416,330,252,178,75,93,157,60,60,375,946,5.7743000613470254,24,0,1,3251.552737307906
4762,539,678,458,204,462,296,106,355,72,69,227,616,7.395581474219492,18,1,0,797.065372642835
6048,1019,313,261,168,197,238,23,499,106,40,384,289,7.910349825781056,11,0,4,2414.243398746248
5381,2139,579,316,178,249,335,77,381,130,39,346,423,4.686167973025809,7,1,0,246.41371482229306
5269,2783,436,327,280,373,367,137,434,119,86,310,70,1.6108025852386598,19,1,4,0.0
3040,962,675,432,269,401,386,45,274,163,33,391,273,8.556900874971262,28,1,1,0.0
8827,1751,797,320,140,437,269,132,195,112,27,196,507,1.6498645802711231,4,1,5,4064.919784416135
3067,2348,328,333,57,222,375,186,246,129,67,235,530,9.799850571335865,28,1,1,0.0
3987,982,709,172,170,197,298,123,216,78,86,257,977,3.6281616345286416,29,0,5,0.0
8895,2977,364,498,95,263,140,148,339,193,26,288,142,9.514924930479669,27,1,3,3368.933715376149
9657,842,476,194,73,145,85,117,454,155,55,351,586,7.017217826178498,6,1,4,6093.857995302417
8717,1696,456,194,164,458,56,67,253,67,28,453,139,8.651911234076676,19,1,4,4581.450152375174
7008,1962,331,493,217,338,370,40,407,194,21,450,802,9.425697375922717,28,0,3,1292.6631224805506
8751,1702,769,342,228,329,251,178,432,123,99,484,547,6.694631363838263,16,0,6,3289.9599257831537
6198,2121,456,472,295,392,382,194,402,149,91,273,756,7.8032768738968095,12,1,4,339.7399526581175
8374,2680,340,392,277,343,90,42,299,97,21,373,241,2.0311372754097223,7,1,1,3048.2310134473173
7790,2898,408,362,168,117,81,110,113,136,59,410,395,3.819913772535436,27,1,5,2446.8535443150245
5524,2631,718,223,73,270,191,26,253,68,75,209,143,4.005620808362146,27,0,0,643.1446004736885
4085,1492,250,387,283,459,305,147,146,124,29,180,219,1.7080562598015059,25,0,5,54.84104050423824
5479,2890,702,366,71,256,210,68,347,90,15,205,171,5.605624989677699,0,0,3,135.09756400045507
4693,1689,458,208,251,303,79,118,193,54,10,130,742,7.45820790198049,10,0,0,564.1391734993147
5315,2840,377,447,117,245,311,50,331,55,99,163,299,2.520617086614394,0,0,2,0.0
8154,2103,742,147,185,242,59,144,205,180,16,375,931,7.263880545976948,12,0,6,2749.898583317665
3778,1693,555,400,280,286,252,194,496,94,64,475,442,8.252740019305522,13,0,4,0.0
7589,1097,517,194,107,221,325,112,327,124,83,384,413,0.15167270421281076,20,1,6,3640.099782676214
4585,1144,563,132,64,449,394,54,494,161,24,330,15,8.399614655620622,0,1,3,641.9919126174858
4492,947,254,217,57,199,173,53,357,156,33,282,847,2.168464609086521,13,1,2,774.4655056116533
8886,1263,355,231,270,383,167,34,257,159,38,172,624,0.16940157045213455,9,1,6,4915.742447962671
3660,1234,243,350,219,114,317,97,470,97,91,132,595,8.014568029431157,23,1,6,0.0
4348,2142,792,402,216,483,327,104,379,181,80,245,8,7.888586523623372,25,1,4,0.0
8423,2797,741,221,292,142,125,90,344,98,43,280,124,0.13913714548372536,2,0,6,3102.305947715038
4299,1100,521,317,84,388,63,100,181,147,87,406,45,0.7161804298355168,20,0,0,763.6259498812009
6940,2672,213,152,218,485,155,189,122,93,93,365,900,9.214757415135804,19,0,5,1383.854618359976
4986,2660,556,225,97,286,225,165,216,78,46,420,734,9.052227263219121,2,0,0,0.0
5044,1480,682,258,255,107,231,57,169,75,51,127,273,5.222245095740013,24,1,3,1328.4865103796053
6516,2282,558,258,145,211,85,83,465,176,73,452,427,8.541277761304071,17,1,0,1471.2078478860726
9024,2697,517,382,120,132,104,48,174,110,28,478,213,2.9812288526422517,23,1,6,4138.786019882433
8443,2890,274,188,93,189,319,137,234,89,32,462,806,1.5475964635605655,18,1,0,2748.2700871885836
4058,1079,790,275,146,248,51,134,324,151,80,160,833,9.760556528537608,5,0,4,0.0
3976,1282,393,391,289,311,305,29,477,68,15,492,633,5.7802582992699065,27,1,6,0.0
7577,2868,562,258,84,215,51,36,237,191,64,319,497,2.962846019693303,1,0,5,2093.3639740382023
3727,1031,295,348,76,272,110,179,440,84,86,287,441,5.17352108309122,29,1,0,0.0
5527,2012,239,456,242,119,156,134,300,131,48,186,322,6.011550366179815,19,1,5,1358.3774368999746
6136,1111,596,221,119,478,183,103,474,141,34,253,942,3.312208046475954,3,1,0,1351.8681390410375
8127,2799,306,336,115,231,72,100,339,196,92,142,859,7.670020762829478,1,1,3,2761.8332072010166
3342,2505,216,224,120,391,122,193,124,138,13,132,842,0.39931024514784474,19,0,5,0.0
4447,1600,726,414,249,453,77,90,316,128,97,375,585,2.414188143723454,2,1,2,0.0
5379,2170,698,378,240,336,74,134,468,162,42,115,83,3.121293764498324,17,1,0,540.3667321351734
9581,1915,724,454,286,176,114,75,379,180,75,438,606,7.235307257233444,17,0,2,3979.4242373593106
6659,1935,242,423,270,322,243,80,111,136,11,259,948,7.964674249047415,17,0,3,1916.1653629766943
9317,2720,792,191,129,225,256,122,298,189,23,217,562,6.250712912256074,4,1,5,3775.405089150903
9702,1374,549,204,78,138,348,63,486,145,59,110,428,3.3155996862243073,4,0,2,5867.998987282092
3526,2748,229,141,80,426,89,185,233,141,20,207,431,2.6157068276616746,14,1,5,0.0
4896,716,640,496,241,308,72,123,414,187,43,203,755,3.9698616877606807,7,1,5,814.4890055024259
7754,875,741,228,263,205,226,197,182,163,47,417,630,4.392920418315902,1,0,3,3694.937687037239
5073,2109,654,152,230,239,313,93,427,76,48,210,917,5.944475191822605,7,0,4,0.0
7915,510,293,267,251,348,177,51,135,125,31,253,81,6.7767391771531535,5,0,4,5468.122619405264
9748,2113,494,189,117,154,312,140,416,149,51,218,11,3.78097388395907,18,1,4,5422.7466921117875
3405,2982,748,346,74,217,326,109,330,146,66,100,206,1.2005917549837986,27,1,0,0.0
9375,1317,288,273,297,449,84,72,199,117,87,329,950,4.394744647652763,10,0,4,4855.3036839299275
9676,1796,702,471,166,275,150,195,298,198,47,367,353,3.6157895812696417,20,1,6,4600.846801178333
4573,1190,413,186,190,453,274,20,292,197,18,412,44,0.5973794189716319,3,0,2,727.3013688147153
8907,2099,621,468,130,312,278,122,488,163,97,172,603,2.054359072029035,20,1,2,3406.3638284145827
7600,2032,725,249,217,364,148,137,269,194,38,405,446,4.149682353077121,21,1,0,2466.944954326823
6740,1655,391,348,249,239,131,49,241,165,78,427,191,5.531228117579703,19,1,0,2601.2916715329416
7274,2447,423,214,136,424,366,28,347,95,51,194,683,5.446292272538385,25,1,1,2026.3653153012956
7227,1283,754,279,184,438,379,127,420,127,69,311,782,2.1226861748352324,9,0,2,2097.8323185224785
4846,2866,586,219,209,383,245,52,111,59,48,246,379,2.30835667102936,7,1,1,0.0
4478,2472,673,127,73,372,117,45,310,170,81,195,738,7.109145106541491,17,1,0,0.0
5395,2376,402,408,50,121,322,61,485,197,69,218,400,3.4130019352368732,19,0,6,288.62946946995544
9683,1284,646,216,160,468,348,61,369,111,62,488,997,1.8933804510782526,24,1,2,4176.484571765902
3771,896,267,290,96,286,393,115,422,128,85,386,586,4.532145249256684,17,1,4,0.0
8525,1581,291,244,228,306,190,58,214,139,17,121,316,4.932344325921739,26,0,5,4828.225929317222
9219,2003,377,419,85,246,234,80,454,189,30,220,921,1.993320916903143,25,0,6,4043.3639468517104
3578,2533,758,361,204,253,203,66,422,73,65,175,412,4.672372001204631,12,0,6,0.0
5901,2114,202,241,247,207,238,189,369,102,57,182,755,7.482451075931237,1,1,4,1065.6442946450045
8611,959,302,213,91,415,111,67,400,82,56,456,88,1.7072452803571059,9,1,5,5253.887142036115
3193,2608,472,483,272,399,68,199,236,118,18,165,3,3.5863734448982076,16,0,0,0.0
5007,2916,733,372,125,398,130,180,493,122,87,359,922,1.0134335733033173,16,0,6,0.0
4185,1045,315,137,139,250,79,174,491,153,10,257,553,2.151322334208926,12,1,3,567.8195042471831
5394,996,663,296,138,274,176,190,256,149,64,250,213,4.32210688004777,7,1,0,1687.1967649365138
5998,1004,303,112,117,154,267,176,160,138,40,376,151,9.744451842759984,13,0,2,2958.6233425133964
8480,1592,458,211,119,366,62,166,388,56,89,424,18,6.989872472416188,26,0,0,4458.836496473239
4792,2708,507,236,298,410,226,147,427,147,20,106,40,9.315442495194008,2,0,0,0.0
4110,2137,566,271,159,253,387,118,482,56,75,175,602,1.0467336339446698,11,1,4,0.0
7005,1217,501,226,175,484,170,130,267,144,69,204,722,9.419411907674943,0,1,2,2704.6849299425744
5261,2092,759,461,190,289,228,47,457,165,40,302,494,5.110593203013535,14,1,5,0.0
6736,1908,226,432,202,248,160,29,122,110,59,145,360,2.8232782131287903,12,1,0,2810.8687345773915
6793,768,707,118,144,107,58,125,158,81,69,305,140,8.447783876272464,1,0,4,4080.6539361000205
4936,2446,726,307,71,247,271,163,455,108,97,394,990,6.013516794766954,26,1,6,0.0
9716,1977,564,257,294,272,334,119,411,128,71,294,65,0.9074409096608604,3,0,6,4940.403777762572
7875,2041,497,259,276,180,398,20,270,79,48,422,858,5.352991407295772,19,1,2,2388.5745227093635
7357,1364,560,433,70,178,159,137,482,53,12,199,63,6.418785923955327,6,1,6,3696.3684416832625
3729,2897,703,339,192,420,185,101,183,83,67,345,455,0.17765792874716246,9,1,4,0.0
7378,609,787,475,244,159,157,151,347,186,77,202,139,5.4964407609359744,27,1,4,3901.348824195864
8586,2954,229,178,214,194,386,151,413,109,39,315,540,3.631952307891294,22,0,0,2833.843198285023
6451,1149,638,431,94,411,253,134,483,164,76,268,412,4.568552272908116,24,1,3,1813.3601763275155
7457,2598,539,456,203,227,64,167,495,78,77,131,213,1.089480381654292,12,1,0,2264.4679648483293
7536,1999,325,430,299,221,211,82,233,103,67,321,285,5.02879191519492,24,1,2,2873.5672397215653
5140,1610,795,296,160,386,244,54,387,170,86,263,584,9.847250664954643,20,0,4,83.86619940836798
4644,1095,765,219,258,440,310,135,292,71,62,486,708,7.381132193904105,13,1,6,0.0
5800,1478,565,347,279,186,58,64,287,69,23,451,893,9.27855283350665,7,0,3,1009.7148411838544
7962,1230,642,238,232,481,265,76,251,86,19,169,611,2.774953217884235,7,1,2,3662.4716572769853
8543,556,462,325,227,180,310,140,256,177,87,283,12,3.8248171666589847,17,1,6,5400.208900502971
3141,2743,421,182,212,121,162,171,107,100,90,206,878,6.490145196075351,15,0,1,0.0
8410,2283,201,125,299,351,166,39,368,122,31,167,129,7.396291737757354,16,0,4,4064.3011143797453
4455,2201,593,227,218,289,389,175,162,166,72,167,544,3.0408873966601258,6,1,6,0.0
9892,1786,505,322,121,411,96,185,124,115,70,240,771,3.475921262102506,9,0,6,5152.703644552712
8971,611,345,438,165,185,367,171,256,111,55,350,439,1.3171983937333687,26,0,2,5383.832482638579
8943,1210,729,143,60,478,350,43,286,93,46,334,585,6.787068936906223,11,1,1,4532.036108026206
8808,1701,727,183,137,466,371,89,416,163,30,454,440,3.4851712396463586,21,1,6,3705.7378953114726
9796,1447,507,124,284,107,328,121,187,72,98,402,864,1.3869709632697025,4,0,3,5091.999950035482
7796,525,539,319,185,417,147,146,224,142,12,179,257,6.339867486980722,19,1,4,4599.717181469015
8093,2957,551,392,103,433,142,137,342,60,28,123,124,0.12468334413867299,9,1,6,2581.1450447169814
5096,1257,408,303,271,329,348,44,125,110,41,139,702,9.500750815822185,27,0,2,1007.633723186388
4325,2300,404,467,178,251,301,100,183,172,88,251,779,6.410327859646968,4,0,6,0.0
7976,2055,214,292,275,377,212,36,295,71,33,412,143,6.078486933590509,1,1,3,3541.980438762187
4213,2341,627,101,69,114,207,77,377,52,82,465,59,6.471245934892426,4,1,5,0.0
4159,2793,675,301,149,386,116,167,234,114,83,251,226,3.165439873110769,26,0,3,0.0
7650,1604,497,453,83,347,187,21,417,139,57,329,439,2.332136071169173,6,1,1,2976.407729033351
7499,1161,756,131,106,354,361,102,477,110,67,424,840,5.368061366385309,15,1,2,2651.247675670904
7987,1408,293,188,275,442,339,28,217,142,49,418,130,9.44059649565732,14,0,3,3895.790906278004
7697,2943,306,301,190,424,114,142,365,102,16,246,731,2.8106557041862876,28,1,6,1756.169805924906
8926,1021,618,277,174,464,311,123,386,74,55,417,179,7.16401340949804,27,0,1,4895.681299974057
3340,2356,477,292,231,266,247,102,125,99,24,385,527,9.732626161888383,0,1,2,0.0
6828,2259,327,259,102,180,220,128,282,96,94,188,487,5.493825152563594,17,0,5,2116.4077242191097
4968,2811,658,392,101,395,65,139,338,171,83,485,722,4.586016425467209,18,0,1,0.0
3703,1289,237,303,183,168,240,153,208,149,96,299,458,7.480804602562067,24,0,6,0.0
7413,1797,397,340,85,282,74,30,189,115,14,423,229,1.4138569109219534,23,0,2,3419.1086908313832
9761,2229,556,214,202,426,299,168,481,62,68,347,173,0.33091013832429517,0,0,2,4456.887877908968
8482,671,206,309,140,163,76,125,380,64,79,323,286,3.518600443834159,8,1,5,5497.983448300962
5429,764,755,321,235,363,219,147,219,55,31,337,0,8.372331590297842,9,1,4,1957.5433395133846
9376,2486,531,496,288,426,166,49,279,134,37,489,438,0.7752000186627794,9,1,2,3666.3534205311153
4800,1549,718,281,232,185,104,101,117,91,63,207,541,5.910897948890756,14,1,5,705.5164923395522
8463,1992,393,358,144,143,75,134,251,131,28,291,980,0.5151582788842757,6,1,2,3607.898080679327
8668,2385,515,139,52,393,321,168,207,55,23,340,974,5.009697943114146,24,1,5,3138.0871091581557
7912,975,200,429,77,472,157,170,242,127,57,196,527,1.3006908716201149,20,0,5,4334.293542608508
7648,2903,261,421,171,248,139,80,483,195,16,328,67,6.075777746818112,20,0,1,2295.058479790614
3855,1549,542,159,245,359,171,177,363,92,88,365,87,3.1017903792683676,0,1,3,0.0
4812,533,217,110,258,410,394,193,142,197,41,345,167,3.70674371455632,6,0,6,1809.9020735998683
5866,2811,570,219,215,448,292,37,316,158,31,251,598,0.6295983412159956,23,1,3,0.0
6642,1661,778,484,83,158,318,81,123,97,55,327,16,7.760437199063483,28,0,3,2516.457399016018
3182,1315,770,141,133,193,301,192,349,125,94,230,610,6.02653323942553,0,0,3,0.0
6112,1253,434,289,190,422,124,80,472,178,92,146,375,5.815729367847121,25,0,0,2066.0079841739093
8670,1065,268,222,160,104,161,78,201,168,22,328,793,6.580892648280451,29,0,6,4925.180439313797
7492,961,646,288,54,182,200,182,420,63,31,187,802,6.637484224316811,4,0,4,3624.022312484816
8823,2154,207,351,177,427,319,129,125,116,19,307,462,3.5229071128528777,22,1,0,3995.6394802361647
9922,580,661,191,237,482,147,169,429,59,53,402,398,2.7448180750820184,18,1,4,5880.248144065848
4517,2437,510,312,137,136,304,133,253,123,33,451,410,2.975161287091197,17,1,5,0.0
8002,1369,333,417,164,126,217,171,421,114,68,152,327,8.113649933205991,13,0,1,4116.988018860207
4356,1930,584,301,151,112,299,70,369,81,71,307,244,1.6949594673292911,0,0,3,0.0
5174,1569,255,367,66,489,369,84,228,132,81,435,654,4.867643923796993,10,1,1,425.76937946991893
6629,1098,559,254,234,164,295,162,193,114,81,405,116,6.25657664287873,29,1,5,2861.28461603082
6628,2134,313,294,80,302,262,131,136,75,64,371,455,5.162466977529723,10,1,1,1946.050254972048
7096,1306,287,127,141,279,325,175,373,114,58,359,259,5.533448321056156,25,1,5,3262.176914244517
6239,2434,337,293,242,396,383,61,257,189,59,494,448,8.3904608721076,2,1,6,618.7293983433699
6691,1576,307,322,243,370,329,167,254,85,28,123,280,3.293990157719333,29,0,0,2777.3209961766233
3018,1203,699,206,210,488,95,62,287,104,91,338,482,3.458552175666476,23,0,0,0.0
6403,2563,734,248,153,114,67,190,212,138,67,258,135,1.658593917127409,28,1,4,1414.111522122728
7679,986,343,234,142,100,295,21,129,57,57,405,432,7.503067210021141,2,1,1,4582.554880891244
7551,1205,255,194,181,370,399,170,344,76,81,443,400,2.0729579371695017,18,0,1,3414.2015347155852
6004,2025,205,369,131,147,269,159,199,177,21,475,27,5.197657246814725,3,0,5,1883.071115225009
9132,1664,741,473,104,281,225,193,120,109,95,187,965,8.541578477797643,2,1,4,3959.280362714687
4132,1119,646,225,201,282,283,145,499,193,29,350,891,0.9814854292223008,2,0,5,0.0
6339,1276,584,458,209,427,198,180,117,105,54,473,874,1.6852127054440913,12,0,0,1498.2529133644493
9588,946,506,428,122,472,147,63,261,174,35,187,517,1.8348970457230729,10,1,6,5855.674611374846
6311,2837,501,417,96,313,54,172,258,81,90,455,822,1.3437901395570673,18,1,3,269.1476107655485
9048,708,604,111,193,126,208,54,109,128,40,259,896,9.448831746534236,13,1,5,5385.471111516868
6372,1998,761,393,198,325,136,182,460,70,91,178,66,7.3995255417860015,17,0,0,1345.645388718171
9745,2960,709,394,143,257,280,84,349,105,68,414,179,4.549702121707582,19,0,5,3809.155077394887
9246,1950,272,441,116,159,169,190,103,142,12,330,712,2.976421050407655,18,1,5,4480.154847662282
3987,2377,763,103,146,165,221,178,114,103,27,111,974,1.151902597362252,24,1,6,0.0
6321,2837,464,403,208,273,113,175,152,69,93,372,39,0.23675217279551908,19,1,1,1191.914707239174
7615,1791,426,490,169,151,143,158,286,178,30,332,595,6.499361723507033,20,1,0,2778.6087587604216
7954,2698,392,415,286,342,219,51,154,123,66,205,655,5.0506575874687965,10,1,1,2279.1586679448474
3173,2242,573,267,191,436,284,85,332,195,51,485,73,5.924318947952384,15,1,0,0.0
8462,1778,209,107,183,390,170,79,255,162,71,405,77,1.6747370465214528,21,0,3,4673.33826481462
6741,1900,501,223,246,343,149,198,477,108,39,406,886,5.887343334873208,25,0,6,1360.263384586481
6052,2176,558,471,206,220,184,164,490,177,70,340,911,2.0442683934782035,9,0,3,306.6896016100586
9574,1354,251,413,232,141,364,134,238,177,45,252,14,0.41029228542179275,20,1,0,6023.6127240726255
3726,1881,298,284,86,283,118,87,261,190,64,346,680,8.721548712784633,6,0,3,0.0
6760,2917,792,134,236,144,247,185,471,81,13,412,857,8.273540135625538,4,1,6,189.5306978245058
8806,1204,212,172,213,151,354,83,349,119,24,400,521,5.888364628193012,0,1,3,4859.147239681544
4875,1325,589,470,262,250,255,150,224,52,80,381,999,9.148216784639164,29,1,3,0.0
9993,1504,556,112,253,128,60,73,215,182,66,295,827,7.7224089277243575,28,1,6,5667.797404946996
8777,876,210,138,159,156,179,95,449,163,72,128,395,2.745060929515839,7,1,4,5911.839605939312
7033,1472,280,183,236,374,272,191,318,61,86,178,292,9.146911856655274,23,0,3,3025.663957210941
8443,617,460,120,264,308,159,146,380,82,73,282,767,3.881251683522996,12,1,6,4704.735568393314
3989,943,205,352,127,107,76,177,339,76,26,325,269,9.83345157423093,19,1,5,912.3985390582739
6744,1254,657,402,241,490,369,129,201,162,62,480,408,6.976605121612937,26,1,0,1857.776470006742
5686,1139,572,357,220,346,243,107,139,174,49,452,733,2.0834409532309706,5,1,2,1150.2507337215611
3419,2671,680,399,167,494,395,132,475,62,79,179,436,3.955728674855108,16,0,0,0.0
3593,1800,421,129,91,294,65,73,192,159,59,139,157,6.6533376082375355,14,0,3,131.67194598797656
9628,2907,280,227,123,421,122,67,290,172,77,458,954,7.883948809105296,24,0,0,3390.8638362176393
4774,1122,714,410,174,438,165,54,474,154,24,104,958,5.7644937264673555,14,1,4,52.50735308993882
5459,1992,259,139,109,127,250,87,110,113,81,413,866,7.403558069597516,5,1,0,976.9242776612678
3935,2508,420,196,239,444,182,45,287,171,43,453,974,4.816223801074653,6,0,5,0.0
8203,2151,548,323,113,430,213,91,291,181,39,136,222,2.8518917846930405,0,0,6,3503.858997276746
8232,2223,760,191,268,395,56,107,345,93,96,173,613,7.04757905110916,10,0,3,2854.1851639194783
6808,2419,427,379,282,334,110,126,231,67,82,220,891,8.24653692961328,12,1,1,1086.7657289359604
3331,1418,489,269,107,229,169,75,429,67,33,130,498,3.177842906144054,12,1,3,0.0
6449,1673,492,383,51,175,80,88,409,55,17,349,657,4.275505233477707,19,0,0,1953.3861365814714
5702,2999,392,321,127,332,97,99,435,92,66,113,381,3.378166928414894,15,1,2,288.0751220015937
9184,1685,673,216,120,329,140,115,155,58,79,389,838,1.4554447031390338,22,0,0,4333.02251616757
7006,619,456,347,258,431,55,176,472,60,34,152,450,7.66599339588788,3,1,2,3575.392393875107
8889,1081,705,460,169,469,334,145,449,128,86,438,4,5.1011339576044135,15,0,5,4507.063328641264
8054,2447,587,448,261,450,133,124,454,66,43,200,88,1.620091970974935,16,0,1,2828.3337725362867
6868,2646,597,453,57,409,188,78,143,139,34,120,783,3.462742972727969,29,0,4,1313.3005896531567
7200,1690,565,188,233,495,324,44,308,63,27,392,206,7.407458524842944,15,0,5,2643.6387613367524
3201,2186,489,177,261,288,379,46,360,88,82,195,851,3.7849913257739907,2,1,0,0.0
5497,2499,508,173,213,101,182,118,294,169,79,419,40,0.7176626485124116,20,0,2,643.0436366465811
4842,900,477,491,246,435,152,41,179,104,23,449,699,1.054519333560543,2,1,1,587.510442041693
4866,2912,663,113,62,164,375,66,167,58,15,328,85,9.981106170902137,5,0,6,0.0
4996,1849,388,144,88,151,144,141,236,76,91,457,418,4.279605608460432,23,0,3,918.2197904020134
8385,2156,377,137,151,133,67,74,103,140,99,372,282,6.361223193495813,6,0,6,4261.73647321545
3909,1120,727,344,130,400,70,28,440,109,45,401,267,6.193222367315448,6,0,4,0.0
7305,746,574,161,55,339,55,73,216,79,45,327,416,1.6610337832584687,12,1,1,4104.910674353002
7658,2981,797,195,68,228,73,133,194,139,84,258,151,3.989962920477982,2,1,5,2161.5063338255286
6189,1616,653,422,202,342,274,83,308,152,27,149,153,7.144226188767194,15,1,0,1743.5987752117876
9856,1123,416,351,180,455,109,137,115,173,24,277,371,4.24749899743463,10,0,6,6103.869496118059
8659,2868,241,160,154,407,333,128,210,153,98,398,997,5.892758830336019,24,0,5,2582.587293190809
3770,2339,393,368,102,422,269,118,425,107,25,116,353,3.7088333015576946,19,1,3,0.0
6155,2609,526,218,77,197,379,186,321,114,85,433,908,2.650808229608473,7,0,0,256.48472204508477
5501,799,572,186,203,175,328,102,370,175,23,297,475,0.18731759739766485,25,0,6,1815.1520993992476
5714,902,664,182,96,411,384,27,462,138,56,321,275,4.242831299899979,18,1,5,1748.7229043040293
7724,2171,362,179,185,464,95,126,258,77,63,246,711,3.9652983174744993,13,0,4,2793.303546165399
6585,752,475,327,106,318,342,174,193,59,67,289,177,4.605094426754498,9,1,3,3187.53842511903
4628,2257,563,402,298,405,191,131,435,60,86,139,117,0.06526831124644139,0,0,1,0.0
8797,1892,679,210,104,200,353,180,399,79,39,136,719,5.1736193673108595,18,1,3,3767.1535367766915
3386,2464,659,469,299,218,127,157,263,98,55,194,673,1.1811724988593442,24,1,3,0.0
9031,659,464,409,128,239,248,125,481,77,25,243,631,4.962256921156392,1,0,0,5271.757457862205
6421,704,738,170,50,470,164,163,485,69,10,176,607,3.4207523384622354,28,0,6,2627.6236800363113
9439,1661,585,427,217,324,85,30,467,189,50,125,239,0.43772710734610754,18,0,2,4859.242375249938
9401,1891,284,124,72,354,109,38,395,182,36,292,285,1.6559326283965026,24,0,4,5421.470374276673
8200,1357,515,378,277,172,294,71,418,79,86,389,482,2.580208708041561,21,0,6,3652.806421951368
7008,1259,442,301,231,411,128,162,354,187,71,415,655,2.333470890320414,25,0,3,2440.3664536581587
7093,2090,668,324,91,405,240,61,418,140,90,223,687,6.035264951794196,26,0,3,1731.1246685112112
7363,2615,541,366,257,255,146,119,372,125,37,453,392,0.44142703659839966,6,0,3,1694.458402797073
5466,632,376,382,227,358,353,115,137,115,29,419,693,4.437947926809683,9,0,5,1702.7128152184464
5282,2223,329,216,53,163,199,102,483,86,64,480,670,8.164272175764237,5,0,5,239.947394401569
4856,929,282,166,57,409,92,98,281,164,60,234,402,2.854801009067287,14,1,0,1698.7720046776205
4998,2855,559,146,213,135,346,185,286,163,78,292,161,6.048119899085856,20,1,3,0.0
8476,1697,287,340,59,347,368,147,124,185,97,420,573,9.223667219931455,26,1,5,3920.8068427084645
4236,2959,731,277,165,143,267,105,432,106,82,291,719,7.885286149983481,16,1,3,0.0
7669,596,670,107,207,218,256,68,241,116,43,245,599,8.313862957502678,0,1,5,4436.495169943486
7144,2206,697,282,149,448,195,96,223,77,36,288,143,4.379636135020081,22,1,1,2168.399885030836
4150,1677,706,176,65,280,377,103,124,191,47,227,334,0.8366747810441533,6,0,4,0.0
7318,2218,553,166,207,496,308,68,390,188,38,352,30,4.86716132632769,8,0,3,2182.7604286646506
4431,1765,615,247,113,487,103,98,434,156,44,309,179,0.7288906285484831,8,0,3,0.0
8624,1827,250,272,157,169,168,169,274,186,29,115,823,4.972883115469079,18,1,3,4222.703130298051
4819,1808,799,134,251,457,292,190,331,171,28,420,710,4.971266663650129,28,1,0,0.0
5324,1550,262,176,170,366,191,69,244,196,14,430,811,8.171578503254972,20,1,2,737.6080647892762
8557,1883,288,379,188,318,339,103,444,184,34,481,398,5.464574385896137,16,1,6,3381.6167915973056
4130,2749,389,284,211,465,176,143,122,66,35,291,449,1.006865930649976,6,0,0,0.0
8777,1080,547,154,257,289,274,38,323,176,60,385,638,4.569850964318819,13,1,2,4660.781940959168
9563,2917,737,492,104,355,278,110,221,97,75,332,742,7.322870491268793,6,0,3,3047.1504381945892
5658,1032,375,193,132,286,290,91,322,136,70,225,627,1.0435473793790873,24,0,1,1647.1111142663606
6500,1675,563,243,285,326,306,165,329,125,24,191,469,4.900437688143599,24,1,0,1575.916201644261
3374,1625,753,346,53,160,294,29,116,138,54,445,791,5.048382050375389,16,0,2,0.0
5120,1398,682,299,226,267,225,69,384,127,15,237,984,9.31057617805686,10,1,3,316.54034095370486
7020,1969,318,335,93,231,59,68,101,107,67,174,828,7.77181697559146,20,0,2,2803.783087874541
5021,1752,368,413,208,254,132,188,366,184,10,218,253,2.4444218822824624,19,0,3,640.5277184157136
6705,1269,346,419,97,371,188,118,115,156,82,464,395,8.077705947751154,3,0,0,2476.3351325995886
8149,1333,636,319,148,309,168,162,436,111,52,169,115,4.287256229646431,28,0,0,4212.071928826897
6259,2404,638,431,147,106,176,139,120,192,25,384,626,4.986625331100958,5,0,2,815.1896299785899
6435,2783,388,470,75,110,148,42,350,116,23,121,653,3.7009926535285453,5,0,3,1325.1119385931493
4889,2709,359,315,152,299,115,95,376,175,83,497,289,0.9074160891743344,8,1,0,0.0
4823,1053,601,148,247,350,308,132,105,102,28,489,237,9.900506400534093,11,1,4,1026.9528978715632
4474,1591,785,384,146,163,192,46,401,194,60,399,275,0.8652049109412507,2,1,6,0.0
5242,1696,217,217,288,279,108,25,336,162,17,162,830,0.834671706077077,8,1,0,1030.265145936632
8275,2160,339,181,268,227,293,43,122,159,57,277,77,1.1963915499907984,28,0,3,3969.4184650957177
6243,1058,314,362,61,361,241,105,413,197,21,474,337,2.7686857145246213,12,0,4,2144.3490986790116
9990,760,527,176,94,219,397,156,284,176,79,224,34,5.450730860909429,25,0,0,6847.102488254208
8160,2764,424,310,185,147,179,86,323,178,44,416,62,7.743789900775009,26,1,3,3120.864860709193
6134,2340,757,221,58,168,207,89,138,145,79,119,848,7.637696612922951,2,0,2,1125.157982296601
5070,1647,638,424,50,476,215,97,130,170,15,207,687,5.019805470865615,9,1,6,140.50081442532658
3359,1304,749,189,182,361,310,61,101,167,20,444,172,8.457476441509215,21,1,2,0.0
9703,1685,585,357,120,329,182,79,441,134,47,242,726,0.2108947498026037,25,0,0,4744.77177748614
9815,2748,720,260,259,351,61,102,264,80,35,232,725,0.40240900758255815,9,1,6,4042.856788604756
5041,2949,452,275,103,330,181,195,399,66,37,370,944,6.458303911218403,29,0,3,0.0
4141,774,297,392,153,323,202,106,226,138,81,110,30,4.6486453427821495,22,1,3,1244.5924849086541
4635,705,270,188,201,306,331,152,418,90,98,132,540,5.046874892056998,5,1,3,1259.78292183225
8499,2223,750,226,203,440,104,127,477,165,92,200,280,2.181025636763143,23,1,3,3185.060536283926
7000,1366,646,458,59,465,305,185,174,98,89,480,223,8.372411199156852,5,1,2,2431.888656992419
4943,592,289,385,238,127,175,166,408,139,59,263,222,5.0317305201886855,15,0,4,1827.122965854884
7774,1565,629,396,89,464,95,90,175,104,67,457,261,2.1081960120204633,14,1,2,3365.5615245215185
6361,2926,418,359,93,318,223,43,486,185,35,430,548,1.3839617309725205,14,1,6,278.2516016261817
9583,1851,306,438,161,488,348,124,449,81,53,262,144,9.953526645020288,2,1,5,4756.877941677596
5980,2612,675,343,61,436,70,99,374,139,24,412,286,7.27420432266832,1,1,2,389.29606100763584
3006,864,653,210,295,200,304,157,400,87,85,419,57,5.326546255079166,14,1,0,0.0
6267,1320,743,123,71,157,214,168,334,126,33,300,404,5.664869996412831,18,1,2,2239.822630049388
9564,2007,325,149,204,123,317,162,154,68,86,174,129,1.102761162683773,29,0,2,5684.42053369175
4591,2529,346,136,244,326,150,83,298,55,68,336,262,7.215127140819503,1,0,1,0.0
7928,2424,479,280,131,268,198,160,128,171,66,132,346,9.192486920729943,19,0,0,3068.8644714501825
6264,1585,223,352,246,345,190,90,403,173,26,190,149,8.971993463879686,29,0,4,2361.321283295071
5606,1796,319,124,191,423,82,187,427,168,86,494,3,7.878842113084604,20,0,0,1350.3297604047107
6219,2776,496,448,202,311,285,155,162,94,90,417,986,6.52714242762212,2,0,6,0.0
8906,1543,281,224,101,462,247,124,248,65,10,402,498,2.6721357159377357,0,0,0,4778.55679801366
6273,502,647,130,272,365,284,185,412,142,20,193,300,3.447078749376846,16,0,1,2866.09483913153
3913,2253,669,336,262,120,381,71,368,78,29,416,991,8.317995952012504,1,0,1,0.0
5011,1410,622,326,161,223,169,21,254,101,40,435,596,7.167109407371328,7,0,2,660.5449405629404
4442,806,744,447,167,468,207,169,295,130,48,123,98,9.903922180165198,22,0,3,752.7127747634873
8546,2979,223,137,108,196,86,138,443,155,72,292,712,0.8516695586332756,15,1,3,3034.8341074743153
6054,635,260,482,87,237,387,137,204,161,15,430,91,3.478327402816448,22,0,6,3075.965970548639
8598,2432,283,157,289,437,193,23,364,174,37,361,501,8.796634225233678,1,1,6,3403.4802339143725
6546,2740,424,335,69,452,94,71,173,118,60,175,649,0.2592134910519761,18,0,2,1231.7442155981844
7221,2108,385,280,127,192,248,130,174,145,62,381,369,3.3596405081300396,27,1,4,2479.41100791357
9538,1938,574,213,69,194,287,26,196,78,53,438,726,9.742195858244308,0,1,6,5004.378858322984
7912,1372,271,405,233,123,178,20,340,142,74,344,663,5.466580001166815,6,0,4,3608.2174292260797
5928,1641,273,231,150,479,230,102,490,180,89,281,312,3.0826173332072706,26,1,1,1386.760152739541
4829,1165,540,447,159,495,77,113,238,117,21,289,495,9.301342870462488,21,1,2,598.0374592700614
3575,708,352,279,79,235,349,133,208,93,37,439,643,3.47052379533768,0,1,0,0.0
9468,1451,295,177,156,433,116,74,127,74,88,367,336,1.3347765547726365,4,1,0,5681.301082714757
8511,1557,764,319,294,232,291,136,201,199,81,251,175,5.792071940237706,17,0,0,3831.968426736171
3929,1148,644,241,90,153,293,32,449,124,77,394,215,7.143246739128023,5,0,4,177.96292790543694
6759,1841,309,484,133,391,216,47,218,57,39,429,57,0.79332936577579,2,0,1,2483.456958069167
6699,2667,657,142,120,211,315,33,171,174,44,249,384,6.220915974053858,17,1,3,1299.0435984481946
4463,1126,250,217,112,230,100,150,126,76,15,351,356,3.7184318969025334,2,0,0,1323.4387747291814
6275,1024,576,158,246,377,158,35,249,188,94,332,193,1.2460161925797841,15,0,2,2672.468806695261
7928,2104,272,160,144,363,384,108,269,184,39,305,807,6.35746508274937,14,0,4,2611.4379016238877
4054,2368,411,140,78,481,183,193,259,173,89,103,559,2.690866825818581,25,1,1,0.0
8744,1268,631,373,256,177,216,130,241,140,72,128,180,1.697134111304952,1,0,2,4960.541192939634
4900,2594,367,287,266,362,129,140,253,100,17,233,261,0.9374131620468173,2,1,5,0.0
4457,1271,530,434,126,167,387,150,349,70,42,146,909,4.013558582776642,4,1,5,0.0
9980,1239,693,286,221,161,148,117,282,139,52,154,758,6.207139035084025,7,0,0,5885.558320783397
4399,1021,342,327,265,462,202,150,302,158,85,333,61,9.75479451937497,8,0,2,686.6188180517498
6415,1900,781,263,128,274,338,188,170,166,52,202,35,3.380384580061305,10,1,4,1853.1450962112297
3442,2681,644,385,265,379,132,176,282,66,54,345,788,6.124961226530048,13,1,6,0.0
6650,747,593,201,299,489,151,187,272,191,96,272,664,1.1759600024536532,4,0,6,2659.4431566046796
9218,1841,711,366,267,335,380,38,129,179,63,235,565,9.36103380412648,27,1,5,4055.129262221044
7652,2983,527,223,132,235,280,167,421,199,74,366,455,7.406470072689192,21,1,1,1543.2125260364128
4178,2358,458,252,106,323,301,40,454,155,16,484,627,7.115635596312801,17,1,1,0.0
9133,1185,636,278,201,188,370,167,253,77,45,457,538,5.476901436128091,17,0,6,4772.164210970852
7458,1085,763,165,196,206,74,111,188,183,34,255,77,5.633958052789896,16,0,2,3965.1658249589805
9591,2898,548,198,283,140,106,66,484,196,94,323,643,4.467719569074183,8,1,2,3621.376293195426
4257,642,714,123,66,285,351,110,320,105,46,492,109,0.45647804537605197,23,0,0,822.1378390234748
6634,1466,648,432,161,287,149,63,410,70,21,197,775,0.7049952969552975,29,0,2,2041.8406181217824
4841,1217,598,348,246,465,168,133,457,69,41,148,986,1.9189591168409514,14,1,3,0.0
5309,1142,795,264,238,486,200,108,420,140,58,249,466,1.881626710413039,17,0,1,804.3890105476639
8946,869,413,483,181,108,129,21,124,176,47,160,989,0.5720039187997383,15,1,1,5032.875864874391
9268,1609,745,193,297,279,380,190,197,170,65,342,987,4.966689364995051,17,0,3,3858.8347387538533
3910,1286,761,442,199,285,199,107,141,80,89,471,218,5.08898112143172,26,1,1,0.0
7340,1983,488,223,251,181,175,166,399,58,74,422,956,5.993996969802344,0,1,6,1866.9749914946517
7637,1449,458,401,262,276,338,109,168,99,35,272,637,7.872426430336837,26,0,5,3188.59955563711
7009,1848,457,255,266,193,90,193,460,130,66,435,804,9.360365344402101,10,1,0,1788.4392675983697
9628,1021,587,448,55,488,239,188,495,81,23,140,939,9.480581450991505,6,0,3,4696.247189685014
5169,2452,744,348,207,215,112,86,363,166,65,193,642,8.997080112396349,9,1,5,0.0
5172,2944,464,370,142,259,254,110,461,76,79,246,688,7.415960447853964,8,1,6,0.0
8668,854,512,157,124,344,390,33,162,51,50,399,795,6.704089531219635,20,0,5,4865.061539648964
9313,1446,239,294,188,382,253,167,305,50,60,125,466,1.1754285382415541,6,1,4,5458.044783143942
3123,2835,409,300,97,312,228,54,247,176,93,243,613,6.563881972580457,16,0,2,0.0
6158,1982,471,171,95,251,395,172,428,57,76,233,474,1.5688033352148245,2,0,3,1239.0891553145739
9789,2147,335,346,204,265,370,147,479,187,21,136,629,7.455689656541933,2,0,5,4513.420785917824
8827,1035,798,197,196,499,154,151,354,118,58,305,726,1.6201033058505054,9,0,0,4300.268465694576
3785,1814,259,428,135,242,362,76,350,163,10,251,850,6.815012303761604,19,0,6,0.0
9139,2715,709,180,141,124,135,21,360,97,28,267,312,0.7224775816277806,0,1,6,4088.7819659835823
9344,1449,714,164,108,299,377,85,228,165,75,475,140,3.13430781164453,14,0,3,5137.608141269925
5416,1120,214,104,173,332,300,108,110,166,67,302,249,3.741813024505989,20,0,1,2262.426897995649
3796,927,454,383,245,103,387,130,487,130,96,493,989,3.1366717229303074,8,0,1,0.0
7172,2225,734,393,278,387,53,106,116,174,81,258,680,3.1077182692025627,8,0,1,1505.6453171065077
7154,2902,434,180,231,272,370,168,167,82,13,278,113,5.3243796131189844,26,1,1,1886.435762735976
9574,2743,330,186,298,283,233,108,104,141,17,316,621,8.235992509664115,21,0,5,4147.004438139159
9781,1044,216,392,132,350,230,110,305,131,36,408,839,8.733370879416558,6,0,0,5590.796360213532
8619,1323,384,380,194,390,349,71,181,171,35,247,156,0.7347688300572308,9,0,5,4466.520120903468
4936,1502,590,296,99,385,65,137,166,72,52,480,938,1.9237260339051354,12,0,2,60.16264972077781
5156,1158,622,351,217,458,143,162,344,131,49,258,305,3.0929832040435135,20,0,6,913.7702397016424
6807,2558,641,182,149,211,328,193,366,92,59,243,561,6.837665279669505,7,1,6,1254.1455550889877
4301,2943,755,126,136,404,205,134,338,156,76,456,814,4.024368535463909,16,1,6,0.0
7163,1230,211,432,163,449,65,50,330,123,82,169,837,4.767808266426527,0,0,1,3086.9034040511815
6140,2332,719,281,269,438,90,81,327,187,83,398,55,7.844331378054744,13,1,5,761.3108636154493
6236,908,279,234,188,229,186,53,252,149,38,222,144,6.419111925779644,14,0,0,3256.9109956185457
5352,2909,501,189,171,286,307,55,141,155,94,366,28,5.874574735839483,13,0,0,68.92578405651294
4932,583,415,305,63,128,92,140,390,126,51,218,55,5.799755577733191,7,1,0,2318.850802905949
5721,2703,447,126,62,257,115,123,178,178,27,164,231,1.9936853240842634,12,1,4,1115.60606553381
3364,1206,740,477,137,473,257,63,158,193,90,285,51,1.107124166906981,4,0,4,0.0
7916,2461,471,158,299,334,294,96,216,68,30,254,943,3.2664204624554616,27,0,6,2237.1185522280875
8498,1947,332,171,129,377,292,37,348,125,76,268,885,7.684322651976359,3,0,5,3483.0570393406592
5390,633,204,326,205,201,126,64,147,182,71,497,513,8.532466048769138,15,0,3,2236.8145951514207
3946,1287,741,190,271,324,268,127,312,111,36,348,288,7.974213576589743,28,1,6,0.0
8673,1363,340,167,221,374,272,186,358,182,56,439,186,1.5780578250351873,9,1,0,4442.387857760112
4377,1166,682,461,282,422,70,45,123,170,35,456,748,9.188954663756562,11,0,5,0.0
4439,776,504,359,112,331,196,131,474,184,18,322,678,3.8757767837617854,10,1,4,378.2064277873958
6180,2275,544,245,152,441,362,120,335,157,21,101,566,8.376595478482619,22,1,4,761.4559012405
7857,1381,761,162,155,373,126,94,296,127,25,312,546,6.2614052995918605,10,0,5,3553.936747568781
3340,2560,469,442,238,464,365,115,456,82,56,188,798,7.933924806046822,13,0,3,0.0
5989,2889,307,279,268,212,84,43,132,55,65,112,459,0.3029398946304007,2,0,1,972.0753032252917
3382,2582,757,210,66,488,175,136,425,131,75,135,158,4.34705874403655,24,1,2,0.0
8099,1737,673,290,99,238,372,124,274,183,60,180,25,6.063705907176988,6,0,2,3843.980451896614
4556,2952,281,495,298,315,281,197,152,100,36,337,747,3.6984592359430577,27,1,5,0.0
3299,658,283,491,203,413,136,58,272,61,82,303,735,7.893947971827395,13,0,0,0.0
3138,1633,489,345,184,373,353,130,310,163,75,313,304,7.23618229807766,13,1,3,0.0
3358,2351,270,377,172,427,237,178,412,171,71,114,315,3.898190419391958,0,0,5,0.0
7931,778,374,446,276,448,94,102,312,181,80,234,240,4.389428508583109,17,0,6,4344.556423007523
4522,610,662,471,128,283,380,183,297,50,17,230,817,4.914134073452233,28,0,5,505.16541529141347
6456,2978,594,396,65,411,373,186,395,101,47,247,121,5.451204139193212,20,0,4,696.0497299881695
4627,1041,290,436,262,293,397,40,102,102,15,480,699,2.982936773266741,1,1,0,493.878839011332
9078,1638,668,222,66,378,121,42,148,142,68,125,386,2.290761343299587,11,1,6,5063.137415367326
4303,859,633,156,286,371,265,73,113,63,28,144,659,1.1273492158485088,13,1,5,727.4609062571469
9626,2919,448,259,139,399,147,183,480,198,88,127,951,1.4032620886449865,17,1,6,3215.675384068334
8004,1738,771,226,212,171,320,162,305,154,65,472,884,4.67617398951342,21,0,1,2526.7214963562037
4134,2256,440,324,133,295,140,149,293,184,37,454,686,6.644500752002946,12,0,2,0.0
5186,1454,695,194,133,369,191,95,380,110,19,144,1,6.658987091725859,12,1,0,1577.2506212520377
8091,2806,539,410,200,492,166,89,359,64,54,287,230,4.564944341865608,5,1,4,2493.5991214775772
9578,2667,670,105,246,430,51,185,346,155,74,395,574,6.187902954341501,25,0,5,3828.273815585743
9652,1475,662,364,58,339,92,84,162,58,59,108,364,9.590004423768718,24,0,1,5752.921091434476
9416,1412,474,333,264,207,120,69,154,109,41,170,204,9.82284379385597,21,0,6,5922.838836850896
6170,1651,214,387,67,499,193,136,357,105,70,395,988,8.448131957808908,1,0,3,1146.334053352715
6835,1222,240,483,270,496,391,106,122,192,25,497,446,9.143753261924202,0,0,2,2373.56429589633
5151,2211,407,115,124,391,295,20,207,134,15,365,306,1.3596110473940548,11,0,2,713.5539351171018
4237,824,259,239,284,399,333,40,275,154,75,352,69,2.7877336551433505,21,1,2,818.7618076522491
8880,2029,564,396,225,199,376,76,474,137,71,403,553,9.53983516884056,4,0,6,3306.449151065182
6735,2049,439,294,121,180,263,166,114,56,75,498,263,1.3027060587795514,10,0,4,2149.608637034934
9905,1573,359,285,140,369,156,48,406,73,76,272,793,8.746089120070717,26,1,0,5183.639094577238
5834,2445,596,492,115,448,312,197,251,106,28,295,949,4.392110977952134,7,0,4,0.0
7260,2107,699,224,72,116,343,53,375,113,13,339,73,9.749764778651548,20,1,6,2689.022634971546
3998,2616,408,116,262,292,225,100,411,74,52,285,933,7.165417892303127,23,0,2,0.0
5567,890,332,465,187,311,156,73,137,103,27,246,183,3.370391236378427,1,0,0,2433.720506311926
4307,2930,580,488,87,452,135,51,380,135,91,219,875,1.1806833829022756,5,1,4,0.0
9660,515,632,125,177,225,276,151,185,83,55,275,64,2.3888106893477543,21,1,2,6994.415861710309
3656,1345,588,312,108,409,131,49,423,50,55,127,833,7.0422076746220394,5,0,2,0.0
5660,1368,782,484,117,225,378,114,179,157,94,121,170,3.2107459582379008,28,0,3,1255.1395735702747
5211,1067,631,100,134,229,290,165,419,86,30,185,447,9.491014866995684,22,1,4,1248.6417632941716
4909,2679,473,390,278,244,51,88,270,79,39,267,546,5.348079589740012,14,1,3,0.0
6730,2519,550,364,168,355,300,48,170,163,73,399,758,5.246783213301684,25,0,0,817.6880614150726
5046,2820,333,442,220,122,91,159,187,179,50,201,704,8.07150566808399,1,1,6,0.0
9207,2146,265,137,61,313,130,34,156,97,26,130,195,7.972482139154261,4,0,3,5631.998109129465
6162,856,404,332,161,228,311,98,266,151,14,190,386,6.870325368669795,6,1,5,2559.746375494483
4140,2156,497,359,165,111,246,72,218,73,14,360,87,9.520884708538285,18,1,6,0.0
8985,2780,316,407,230,240,297,182,384,195,82,296,310,5.7977398040362536,4,0,5,3334.273870239526
3266,535,466,360,287,367,379,199,335,69,84,226,767,9.004881838528462,21,1,2,0.0
4845,2960,348,337,191,156,345,161,497,117,57,437,336,4.704280131233492,14,1,1,0.0
4708,1527,393,205,101,185,85,122,419,57,87,192,922,7.619671740367381,25,0,0,438.3300475176466
6630,2591,378,346,133,373,152,165,402,139,47,293,152,2.340874361721643,27,1,5,1306.3985874766104
6211,613,347,403,160,202,352,185,119,105,15,369,314,8.504761452468312,15,1,4,3035.7199196305073
5293,2272,664,442,249,438,147,105,106,110,67,152,467,3.5278294471743266,29,0,3,117.31128576997055
6732,2944,768,137,268,449,194,185,309,88,23,256,550,7.2597164307908795,2,0,4,643.8458583386305
6829,1697,204,407,278,242,331,74,337,67,81,487,875,3.2238917243313647,14,0,1,1814.7047001450132
9538,1778,725,442,110,433,176,158,449,146,68,328,949,9.532320975654095,7,1,0,3896.176532117255
4510,965,479,145,218,428,353,86,483,108,74,404,306,1.907037630241828,22,1,2,335.2864109344945
3475,1987,698,309,70,275,332,72,213,195,98,265,541,5.270722469409778,15,1,3,0.0
3976,1346,635,192,225,232,351,191,408,147,22,192,965,3.9456046454306817,14,0,3,0.0
4207,1001,415,319,105,443,116,172,257,91,36,256,198,5.348040908812727,25,1,0,663.9691336073001
8139,940,714,355,84,363,196,161,421,102,34,479,282,2.307139876197474,10,1,1,4103.477589154769
4960,2616,336,236,93,246,377,66,498,82,65,484,132,5.036789863050586,16,1,0,0.0
3557,825,794,330,88,111,130,114,226,70,77,486,665,1.3185020382766333,4,1,3,0.0
8113,2265,479,405,290,427,302,108,302,191,68,397,931,2.31089947124039,28,0,2,2005.3885468283488
8701,566,331,301,192,491,291,159,323,82,58,208,906,6.719376879804385,15,1,3,4802.3985593273865
3882,803,592,165,288,154,114,26,169,181,27,305,757,4.688344554510952,18,1,1,284.32017345429665
5194,1471,680,137,189,329,120,196,447,179,90,378,873,4.969058974358043,8,1,4,44.472986033865695
7761,983,712,254,166,221,85,161,219,89,84,253,183,9.316714437109297,29,1,6,4445.92598145832
5667,1428,618,204,275,448,116,176,252,99,85,437,406,2.150414975076982,19,1,4,1257.3188845965524
8867,1940,401,354,57,332,132,194,122,112,12,444,898,5.517565655033339,11,0,0,3922.806927274275
9963,648,661,115,173,261,219,161,239,159,88,327,497,5.315238117321869,27,0,3,6260.201936027443
7959,2795,401,178,295,181,116,198,211,143,66,265,206,4.451762158373745,10,1,1,2769.691270245671
7677,1624,351,112,150,146,147,161,237,113,15,377,953,8.300175289695812,1,0,1,3206.397398304858
7790,595,421,469,271,463,374,106,279,187,78,309,555,5.668659739778471,20,1,4,3754.3016072526502
8347,781,278,201,116,390,342,155,218,134,40,367,244,8.20420062369085,16,0,4,5028.64526140705
4610,2869,399,251,143,259,299,96,229,163,17,162,600,8.60026467960591,0,1,0,0.0
6488,1028,298,277,142,278,351,119,287,165,19,211,335,0.7123288335678224,6,1,6,2905.551271205871
8335,2810,412,490,178,461,257,127,180,86,12,439,506,9.37832050695058,3,0,5,2509.0915854331056
5454,2142,342,186,129,307,361,84,300,121,21,499,95,7.6312741183052255,21,0,0,730.6186057369438
7494,1079,588,187,91,489,112,56,426,187,85,285,25,4.843296095433628,3,0,1,3857.8366801241064
4946,2163,573,128,80,492,127,35,496,82,28,465,68,8.199483142426478,14,1,0,170.32758345204206
7810,2841,251,488,171,139,79,167,173,66,30,212,521,2.2988484642586107,22,0,2,2716.553448625032
7799,2131,334,462,123,313,300,131,377,164,90,498,74,8.194110597994092,29,0,3,2806.040544778732
5808,2942,610,420,207,451,368,51,225,73,23,173,352,5.562987877175038,24,0,2,35.1742187237524
9642,1309,669,199,92,253,164,104,255,79,84,232,987,4.442309865071966,28,1,0,5315.716448288487
6825,1192,311,214,75,437,381,177,282,114,38,216,568,5.709080182718832,24,1,2,2723.00414465121
6536,734,724,309,61,392,268,167,205,175,16,198,335,7.165271726444874,3,1,0,2952.370701298743
8810,1451,243,442,176,495,203,48,479,130,58,436,427,2.773538495594293,19,0,4,4198.232721064994
9068,2354,596,173,153,265,270,171,433,77,74,406,1,0.974849130928992,2,1,3,4034.922745413509
6802,1860,784,234,236,371,72,148,246,62,16,396,668,9.068063607199663,27,1,5,1521.927775731166
7177,1531,460,368,118,123,263,46,473,187,23,481,619,9.505229572579228,18,0,5,2460.0027139665467
7699,1966,744,449,122,214,197,40,100,133,25,487,897,6.246844646618932,20,0,3,2389.3659744690253
4970,2464,587,177,60,450,351,164,283,184,25,249,597,5.106508140690666,19,0,1,0.0
8806,1038,675,479,96,359,257,111,187,112,94,130,586,0.5391663228868282,14,1,0,4700.785613971754
9142,1319,609,224,72,405,208,179,497,75,22,256,418,4.1573492905520935,11,1,5,4984.430144426474
6822,2181,779,137,130,463,356,191,291,166,91,288,863,3.402924529868497,0,1,0,797.683084075625
5819,771,215,368,220,325,216,133,186,87,38,115,996,3.8338771037392307,27,0,5,2037.505334691393
3902,1528,301,409,126,201,112,117,168,103,94,154,878,7.193544730680909,4,0,4,0.0
3364,2422,385,205,258,230,374,41,439,94,82,244,959,3.6124989958619045,14,0,4,0.0
7258,1742,224,143,264,363,325,61,209,161,70,117,132,7.911192742438148,5,1,0,3530.582884067726
6119,1641,271,324,172,111,72,140,483,125,46,159,986,9.907689170513716,1,0,6,1608.4746372035077
5558,1092,792,341,216,421,273,67,459,107,26,384,818,5.463122097597477,0,1,6,697.9250579848341
4863,2105,772,496,122,280,250,155,271,128,40,332,203,2.775972331396005,20,1,4,0.0
3115,614,217,252,259,448,332,149,477,187,68,318,903,9.578567311818635,10,1,3,0.0
5384,2810,769,123,104,260,396,152,276,175,97,194,124,7.317943072449466,14,0,3,0.0
7976,2177,531,223,67,213,385,47,198,139,56,314,642,2.2481698281701332,6,0,0,2957.597793958309
9880,1945,768,384,143,117,264,151,135,194,15,205,223,9.943788112768102,24,0,5,5391.749641589061
6935,706,296,447,219,203,314,72,324,110,41,444,789,0.10248986197517906,11,1,1,3129.8254463816374
7935,2850,211,360,285,285,278,119,443,169,40,350,318,5.759924998261289,0,0,6,2211.801115438667
9290,611,210,245,203,441,276,148,392,60,27,218,283,6.844796786211225,18,1,3,6194.987373133666
8442,1940,362,290,67,192,376,98,352,194,18,153,217,1.8242405362449832,21,0,3,4251.784351494529
5490,2382,482,480,262,400,384,153,150,64,12,436,556,0.5132296562091987,25,0,0,0.0
9980,684,440,264,177,242,326,107,392,53,80,144,916,0.07392004096839933,5,0,3,6324.050639894264
8132,2264,244,170,282,242,279,71,252,138,35,202,714,9.260606830299908,27,0,3,3250.667469039716
3942,1400,792,300,90,400,264,96,441,95,22,479,26,5.827903553657459,28,1,6,0.0
4724,720,454,454,219,199,206,43,336,80,43,230,106,1.711013566838353,22,1,0,1513.907772868964
5334,1967,266,111,82,161,62,112,360,122,52,228,262,6.1566635191342245,1,1,6,1576.0475757014979
5767,1593,241,151,92,183,246,171,235,97,42,282,741,0.02514727327174837,14,1,3,1583.1969542544632
4137,2974,583,355,63,375,160,127,353,180,78,333,362,3.736829356270598,13,1,0,0.0
5527,2512,788,401,232,266,152,39,408,53,45,466,840,7.679361590330863,7,1,1,0.0
7117,2990,433,459,107,394,152,53,204,68,88,400,302,0.9968723741428742,2,1,5,1425.9242194725382
6420,1100,684,399,187,228,219,34,466,199,83,412,303,6.03739687813868,17,1,4,1841.9702162965793
8845,1660,238,108,77,463,158,70,382,164,77,372,122,3.1571799314170956,12,1,0,5173.148503768714
7778,1003,210,239,63,166,175,146,416,74,56,384,865,0.9856002905270267,20,0,6,3809.6718665703056
6906,2678,608,199,260,146,284,23,420,181,70,117,378,8.246400967957001,8,0,3,1505.5401672353107
6637,717,307,236,203,473,197,72,183,102,54,333,298,5.482785975498193,25,0,2,3316.2556058254204
5953,2718,293,458,123,409,220,161,298,54,97,215,25,7.9122185609698015,24,1,4,827.4742274614285
8929,1998,283,465,194,247,50,180,144,99,93,492,837,9.684817393565522,3,1,1,3798.015382286161
5367,1111,257,471,211,349,89,143,486,108,57,189,331,1.8356544878279968,2,0,4,1491.704332277623
7221,1652,492,121,295,236,286,69,288,142,50,187,889,1.369377873483275,3,1,0,2500.3438394856857
3276,556,215,244,63,194,56,82,149,198,47,196,764,9.80855766348419,12,1,3,389.76934852817425
4999,1704,676,260,203,337,212,69,403,128,77,175,249,2.3330243419265564,20,0,5,534.676393655114
4227,745,364,348,291,383,339,112,300,130,84,334,932,4.269200398054656,28,0,5,0.0
9337,643,636,274,211,419,374,93,274,180,20,206,632,8.363253251812496,22,1,6,5352.584407456502
6752,867,602,187,293,134,206,183,241,99,25,242,49,2.3036091937859893,23,1,6,3648.0860861033507
6735,1982,585,498,260,395,163,105,374,103,74,471,299,7.114801235727835,28,1,3,1497.3956880162737
3695,2765,337,132,73,480,161,116,289,140,80,108,743,7.86865386377224,22,0,1,0.0
4309,1115,730,370,272,457,306,119,233,193,76,258,126,4.963970446746494,1,0,4,209.81145754856323
7152,2381,492,382,153,357,122,197,490,55,80,197,886,4.874289533868772,23,1,1,1502.2314194507055
6234,2088,674,325,119,486,242,188,200,90,10,485,512,2.2870374118179337,9,0,5,886.8728807199659
7114,2989,661,211,69,369,322,117,445,59,80,147,290,6.259357395539865,6,1,0,1315.3528949861036
5311,1198,572,181,216,454,273,174,368,167,13,201,323,2.0088263138502747,4,1,4,1374.7177798197154
5841,1375,361,312,170,423,143,49,456,130,91,208,295,2.626737854762128,21,0,3,1915.9334820582683
7208,2185,243,403,222,146,256,179,401,152,46,201,433,5.963525729283097,19,1,1,2170.4270449974933
6559,1444,282,107,83,193,219,41,132,189,23,477,711,2.7750193722029826,2,0,4,2614.396750189423
6398,1422,738,233,199,281,205,88,215,127,88,228,577,4.638220825325012,26,1,6,2024.474885628841
3541,2246,718,217,120,289,293,168,196,98,34,220,523,9.503582777938103,5,1,5,0.0
5694,524,610,183,82,150,52,75,140,92,91,162,114,5.9472407638982885,3,0,2,3524.287194623708
7674,2187,540,357,55,305,269,103,428,152,13,351,199,7.508796028882666,3,1,0,2691.3964112466465
4088,2059,288,342,65,403,54,178,306,136,75,133,250,7.029667950329685,11,0,6,0.0
6363,1583,429,336,249,432,243,120,128,56,52,292,168,9.527614154397915,15,1,6,2235.401901582962
3024,933,217,249,158,224,103,114,472,189,35,324,443,1.0683959288825329,21,0,6,0.0
4572,1589,480,473,72,311,349,190,362,62,93,366,414,1.8370640351576883,26,1,5,0.0
9144,2451,621,120,195,468,258,165,194,176,24,467,596,6.857685502735698,2,1,5,3396.9422288270425
5958,2653,537,233,63,365,125,48,281,196,15,108,734,8.46337251859988,28,0,4,526.1440429125784
8668,595,465,478,99,234,267,143,110,180,46,362,287,7.465157594161942,28,1,0,5384.583249546327
7236,667,554,195,110,471,167,70,141,156,52,145,147,1.4765495405120943,27,1,3,4222.043943893936
4767,2589,559,112,85,372,329,95,360,169,51,221,750,6.798065703940095,25,0,2,0.0
7743,2402,416,100,64,377,129,31,101,61,22,470,82,6.28179067935907,29,0,1,3699.462018839156
5235,2651,520,249,54,414,236,112,142,177,25,443,174,5.369354751998721,9,1,6,0.0
3200,2368,411,216,102,399,57,90,103,133,51,276,221,5.640863442740603,0,1,3,0.0
6198,2498,402,251,287,366,140,163,436,115,47,363,626,6.071441503794089,10,0,5,520.9563412795471
3256,2829,352,163,97,397,395,147,474,76,75,416,72,1.810109822167485,7,0,1,0.0
6747,1633,628,249,256,378,259,31,194,52,74,263,851,3.3246700091782397,25,1,0,1850.5228850221124
7642,2510,486,416,60,473,307,81,158,97,14,485,657,6.1238192006048555,22,1,5,1877.813151027433
5241,1248,520,463,51,313,90,125,129,198,39,474,623,0.7943394632497325,24,0,3,898.0366446404357
9846,2391,635,111,136,161,264,79,485,164,52,144,972,7.101448111716611,15,0,5,4399.983749369576
6175,1330,791,189,73,466,233,100,187,101,41,215,187,7.4550645257511885,26,0,0,2277.3559750517666
6606,548,695,487,259,153,353,47,429,184,76,489,797,1.4381537240652087,27,1,0,1998.6785941474996
6336,614,348,182,117,437,290,83,319,100,76,341,494,2.8407679102486636,27,1,4,3024.102752425399
7897,1678,741,349,128,474,155,114,227,94,51,118,796,2.3109069501595036,12,1,4,2882.6164485059426
8037,2172,681,483,61,464,71,91,270,95,14,407,179,2.0992148316018633,8,0,3,2924.519892644495
3413,570,525,495,236,211,294,129,451,82,95,320,818,3.666736826699706,0,1,1,0.0
5014,1859,228,132,116,368,323,197,324,85,68,310,157,7.545881827426387,16,1,5,968.4554419336174
4381,566,458,248,209,423,128,45,373,66,32,386,750,4.067221869985287,0,1,1,583.2311513335003
4098,2016,274,227,85,206,372,187,264,183,17,146,836,5.348258581503462,15,1,1,0.0
6426,2173,756,199,198,382,353,129,257,165,77,352,579,1.2265939106387036,15,0,2,730.5776022563203
6655,2277,780,461,161,470,72,131,296,198,79,320,689,6.144526570053666,20,0,5,781.6630761414469
3909,1466,697,427,247,267,160,178,414,87,28,406,570,9.991241761245387,21,1,5,0.0
3187,2728,615,311,243,173,179,145,129,98,53,410,542,7.290951849087174,12,0,2,0.0
7044,2289,539,173,171,335,309,90,295,110,47,376,681,4.849174382662797,15,0,2,1478.606181345284
6756,1112,507,195,295,191,203,132,268,107,53,476,672,4.713286641835475,19,0,6,2629.3108017742793
5015,2386,440,191,186,184,68,24,406,125,15,109,752,9.225118584750241,6,1,2,175.80522673618918
8409,2122,452,429,253,471,98,160,443,61,12,231,832,4.078518641449966,11,0,6,2901.3732279323544
5092,1196,419,427,93,174,123,165,166,195,89,403,18,7.263556130890131,25,1,1,1615.0256481321148
6644,2795,596,274,108,183,263,101,498,55,42,412,398,6.0997042385180835,15,1,0,796.3883696131331
5130,1737,535,324,201,344,102,138,283,144,75,239,321,6.267479782840497,15,1,5,745.5153887657509
8242,2906,228,414,176,327,239,69,337,138,67,222,835,0.8373362495306058,21,0,5,2316.804160813247
3357,748,693,274,112,182,178,147,301,137,35,237,770,6.657835112397322,8,0,4,0.0
8647,1137,701,155,255,493,193,103,208,155,37,166,342,6.420229550837151,14,1,5,4558.226897037037
8185,1449,353,368,290,114,297,132,317,60,52,235,871,7.4168084085440515,16,1,1,3635.9196160517527
8776,2404,430,134,90,400,229,183,175,70,84,424,955,6.774663219180939,24,0,4,3184.8149904573
5422,1611,301,218,125,280,56,132,420,104,97,345,170,8.798341666385923,23,1,1,1611.0583179769344
7257,675,376,470,268,437,393,134,101,165,25,199,564,9.974282338881945,4,1,0,3382.45914047207
9465,1222,431,155,251,362,340,123,110,58,98,339,837,1.909879680485137,5,1,1,5170.528535753878
7545,2973,211,488,156,177,255,199,175,144,32,249,349,8.884781934809237,24,0,6,2205.078877391447
4497,1270,385,408,179,328,117,52,191,167,68,134,510,2.92108960730346,8,0,4,468.12340251565035
8132,2447,465,456,144,332,192,88,196,87,44,231,918,2.6199086267096385,3,1,1,2294.0822447993023
9327,1202,334,475,77,129,157,115,269,182,98,499,232,2.245182731317893,25,0,2,5548.826003968764
5158,2628,230,415,193,473,234,177,358,150,50,377,432,5.461982676214106,14,1,3,0.0
9046,1426,655,204,108,254,289,115,396,145,31,161,270,5.269368500971749,5,1,3,4920.003889263499
5555,637,458,489,178,404,200,87,404,150,83,223,620,8.505226880395403,28,1,1,1444.0599860159523
8409,2897,303,275,135,284,260,41,182,194,10,149,942,4.3903515698487166,12,1,1,2905.213081932104
5342,1649,630,205,50,456,127,78,181,85,55,287,113,7.835131011981131,10,1,1,1420.677611070242
5951,2440,581,179,80,354,277,27,392,85,31,126,208,9.742940290396266,0,1,3,1178.1366493165117
4238,2391,668,262,71,268,296,56,447,190,41,279,8,1.9431292557333057,8,1,4,0.0
3973,2378,712,366,275,180,151,118,322,69,96,139,705,0.8366981255132244,0,1,2,0.0
7727,1753,406,150,253,385,263,75,362,100,39,461,817,3.498001371095978,1,0,2,2632.6320294088423
6965,1983,646,476,236,309,188,105,466,65,96,325,436,9.582207742595301,16,1,1,1753.305709132302
8686,1868,288,378,168,358,235,84,137,55,52,129,104,7.8284439149041605,4,0,3,5071.261626305921
4050,809,394,402,264,136,217,122,232,187,21,407,348,4.542481513416728,29,0,4,399.0864132401462
6701,1543,613,174,77,385,107,189,160,195,92,316,370,0.930796874587192,3,0,3,2583.1642793121364
5780,2170,321,448,165,153,168,131,182,145,80,393,425,2.963050041469486,15,1,2,1142.2391099413592
4588,2064,661,226,291,468,137,116,304,155,36,114,941,8.868571622889414,19,1,2,0.0
6878,2083,315,345,125,311,171,196,127,96,35,414,990,1.5399270504256368,10,0,0,1603.8066459234872
5368,2000,395,411,76,441,293,87,284,73,27,395,863,6.542896830412179,17,1,3,0.0
8789,2816,235,333,136,199,116,156,229,159,84,172,759,6.130875504193352,1,1,3,3330.69817056022
3436,1269,266,254,178,184,343,155,169,142,75,232,57,3.1057348272648664,15,0,2,8.278234121707484
5828,515,480,172,173,312,179,77,306,153,90,313,256,5.904706132207812,5,0,1,2774.0008318513374
4556,1105,678,236,156,490,392,125,255,94,70,459,605,7.3725344997066795,24,0,3,0.0
8172,1881,210,373,179,363,89,73,136,132,55,479,859,0.5901187893637627,26,0,1,3376.1795254055633
6858,1312,521,143,285,185,261,104,316,50,38,411,764,7.971355268691267,27,0,0,2525.2275837475577
4304,2490,439,346,144,162,105,67,475,76,41,434,217,4.602767172082767,24,1,2,0.0
9869,1394,259,248,115,291,249,124,195,71,24,480,81,2.2210386807547633,7,0,3,6220.972285938995
9174,2067,761,155,226,192,340,175,348,77,69,134,759,5.392661110941327,25,0,6,3860.25132461204
5384,2816,364,275,266,352,354,120,282,84,91,116,768,0.5897320763070502,24,0,1,0.0
3182,913,388,455,279,237,156,129,200,52,37,246,424,8.416555503939255,19,0,3,0.0
9687,524,686,356,289,148,244,100,327,93,36,373,371,9.921776214346337,18,1,2,6077.263700829052
8565,2504,291,400,68,220,171,147,437,182,50,429,303,6.776189004544993,14,1,6,3295.5637403741753
8575,815,488,162,205,138,144,178,484,184,56,485,466,3.1811954067973813,29,0,6,4814.382862935683
4589,1070,708,413,247,133,336,160,102,147,42,165,866,8.927610158934083,13,0,0,206.67993860039712
4587,1224,274,162,216,457,174,78,170,160,53,276,800,3.119031125080376,28,1,0,331.312202624817
3659,2349,756,393,68,365,381,101,196,106,59,318,583,3.6148861223695894,0,1,4,0.0
3159,1799,627,128,176,108,175,178,184,134,19,179,858,9.222370811839129,5,1,2,0.0
6953,2453,584,139,165,287,393,52,497,130,33,387,868,6.20542746170408,21,1,3,1015.3656332396839
9555,888,252,246,113,195,85,137,338,70,43,381,169,3.8019096901688423,17,1,6,6620.2259059673925
4011,943,374,187,107,232,266,72,275,147,29,195,903,4.42064153863379,26,0,6,198.76990291116678
3052,1470,778,155,66,262,52,114,392,193,34,453,759,6.801332986848094,29,0,0,0.0
9551,2915,673,399,247,238,79,141,230,186,64,338,697,6.528201571902833,0,1,3,3520.565395507989
9990,2464,560,292,128,397,304,110,276,52,99,152,107,3.6361501493276913,25,1,2,4909.071610272654
8141,2889,469,199,263,179,94,140,200,72,52,299,111,1.1943748757671102,17,1,2,3075.6769778014004
8149,2328,606,314,90,190,226,55,316,190,62,321,223,4.2100840641679405,15,0,1,3366.6752515954267
9846,803,323,240,275,355,271,142,287,87,94,482,722,6.69966450210641,18,0,5,5948.901232410966
5307,1263,575,148,54,247,162,53,345,69,59,168,157,2.6585320929002796,25,0,1,2018.3971890068917
4228,2473,591,214,294,278,171,140,452,95,64,259,59,8.842945820707746,17,0,2,0.0
8590,1315,381,328,72,356,324,80,368,151,22,171,483,3.3934743885073937,11,1,1,4478.720446581918
9919,2659,235,351,246,317,281,22,482,104,58,249,635,2.046931344325417,28,0,0,4085.312286930244
8585,1377,411,174,285,366,361,25,280,186,19,468,777,4.202419032159886,2,0,1,3846.1761801458388
4035,1202,333,290,175,416,298,167,405,100,20,457,959,2.3766317617042407,3,1,1,0.0
6702,1443,690,298,59,178,378,23,253,106,87,146,931,4.5471607786674895,4,1,5,2027.9069906071395
9046,2826,637,262,117,266,152,120,280,129,93,356,527,0.8871878600586924,7,0,0,3436.057788353793
7045,2929,245,238,189,203,225,72,156,117,29,174,258,4.374507830742949,5,0,4,2325.8693725894286
7945,2560,600,148,160,403,285,122,492,189,81,393,853,7.385677429437195,15,1,5,1655.3929145201269
7449,802,687,462,187,437,331,90,145,166,88,282,597,2.8230715653318414,15,1,0,3446.2182836026404
8194,2079,631,466,109,383,294,185,449,187,92,233,84,9.842168811572762,16,1,3,2966.7726959743172
8835,659,627,214,176,444,182,183,185,114,57,183,989,1.8470476993970708,11,1,6,4673.965271887009
8560,2701,771,267,79,314,393,53,334,61,85,355,666,3.4331881888826765,13,1,3,2431.280615690942
8086,2728,716,376,163,174,208,25,487,100,26,417,577,4.9198052673706165,13,1,0,2112.7212391977987
4264,1703,661,146,201,324,329,147,480,113,42,373,967,8.434227912209373,5,0,1,0.0
4884,2924,380,358,118,435,390,165,181,142,29,437,426,4.347614669657521,28,1,0,0.0
4809,1691,344,315,62,391,71,46,277,68,55,170,150,7.356378338802863,17,1,1,1198.077542142487
6167,1673,464,329,277,442,151,58,425,131,40,317,550,0.15014641286144048,21,1,1,1372.4470936334449
6797,2563,605,226,58,169,199,70,192,73,60,123,421,0.25585071381383884,21,0,3,2043.7083641371376
5341,1614,683,422,195,462,106,38,488,75,92,473,360,0.37947456888624553,10,0,3,315.8431959076434
9352,1643,681,417,212,289,207,115,297,85,28,281,419,0.23153699091777669,11,1,4,4605.0475155353415
6414,2479,436,324,272,205,352,107,261,156,71,346,653,2.044752380632916,0,1,6,673.5833875578305
8207,752,724,249,265,169,244,181,325,105,53,495,372,5.959265500215433,14,1,6,4226.032136668721
3817,1932,538,386,284,109,216,108,292,107,86,445,383,7.903937707087982,3,1,3,0.0
8895,2578,467,145,181,313,394,43,245,81,47,449,862,5.676308846545632,25,1,0,3004.462218192043
9056,1230,465,400,218,104,243,172,353,51,58,423,952,0.8130429071844592,2,0,3,4412.8296767731745
5437,2836,727,113,75,127,396,95,382,131,74,133,174,7.036217924242109,7,0,1,50.54083843233849
9468,997,291,220,174,414,309,113,109,132,20,314,562,5.529589005871662,3,1,1,5601.240562934222
3888,1928,447,495,93,492,249,49,229,171,36,320,658,3.1619030151118146,27,0,2,0.0
8951,1047,218,474,299,340,54,73,473,104,67,418,285,1.7680475632526094,25,0,0,4954.279150157499
8276,1460,589,290,219,335,349,134,493,61,73,428,783,0.810049926568317,29,0,4,2975.993122144918
3667,631,587,432,59,191,140,97,414,166,74,394,75,4.947287503137199,6,0,5,480.8207474446289
7728,1847,294,443,154,417,73,139,476,123,24,392,575,8.411867874145596,2,1,5,2847.0465499516795
5624,1357,629,265,155,444,285,44,190,199,91,495,827,1.0068647380742857,25,0,6,606.3198461784499
8738,1655,236,216,250,462,284,144,495,59,98,371,727,1.0608531368284502,6,1,4,3787.796905152372
7232,2532,592,223,50,137,275,24,162,99,10,431,41,2.7448039500922663,1,0,5,2846.8434297784065
9042,1020,772,153,231,318,77,21,114,193,28,228,421,3.8002087434339673,28,0,3,5409.585249286484
8793,529,490,403,193,251,201,130,341,85,65,292,956,9.929807921085008,12,0,2,4746.048898374903
7523,2551,502,456,299,291,295,99,292,110,73,118,223,5.393579698115337,14,0,5,2261.965143799253
8571,1008,600,370,95,220,54,122,460,124,43,407,561,8.28053936329038,20,1,3,4432.6279401021975
9755,1760,543,298,190,270,62,143,315,66,73,225,786,2.254668802786709,20,0,3,4892.585691438153
3818,2058,717,315,279,209,104,185,361,138,19,328,423,9.099964101625998,3,1,4,0.0
5188,515,576,212,113,243,335,143,320,178,85,224,558,7.438250556179118,3,0,6,1716.382988060073
4106,1496,364,115,127,165,151,36,233,61,69,332,573,3.3429997563673153,13,1,1,405.2821753955323
5224,2107,212,315,281,421,388,50,393,52,48,399,836,7.543782861828786,5,1,6,0.0
3197,2339,224,234,136,296,263,148,403,164,75,485,236,8.865170702217295,17,0,5,0.0
5671,2516,322,142,232,145,162,153,114,122,41,304,685,3.5948806959360913,18,1,2,565.9581511981721
9091,1753,328,351,112,248,387,89,427,132,60,359,318,8.316152261252757,28,1,6,4362.851936452697
9834,2243,746,383,195,159,139,55,128,196,35,272,46,4.451494373286154,9,1,2,5358.993384241445
6492,2810,794,421,110,237,320,155,357,176,66,260,385,7.4538139571303645,6,0,0,222.8971737062438
5448,1588,508,197,141,189,296,112,430,163,93,372,178,2.9437754126903,29,1,4,906.4941456566822
3470,2812,635,159,172,311,79,92,300,133,69,284,223,6.908156930633663,26,1,4,0.0
9361,1861,381,329,69,268,77,157,499,124,64,359,639,8.761063859420117,25,1,2,4445.978782806413
4948,877,787,483,242,212,117,43,187,71,15,363,730,4.796344385660287,12,0,3,766.8352573334168
8024,1698,242,230,113,440,192,187,261,50,16,321,1,7.785154441048148,20,0,0,4401.617094786207
6899,975,603,484,125,165,83,21,123,102,75,215,804,5.568439471811727,19,0,2,3209.626688658861
5010,1789,789,258,268,401,276,39,340,59,90,264,164,8.491199208510544,15,0,0,351.48109770121215
6800,828,462,411,241,217,252,52,201,57,35,211,440,2.3713496091662964,24,0,2,3369.825615299595
9775,2339,269,183,156,324,110,33,380,194,91,451,149,0.23394935516822035,23,1,3,5120.302950325073
8001,1686,491,307,190,250,240,74,216,184,87,485,865,6.702264375288114,8,1,5,2863.58063072577
9318,937,413,273,296,266,51,56,132,174,14,444,63,7.770930896793962,23,1,0,6114.17409384562
7118,1890,346,387,245,194,167,124,463,112,96,396,218,0.7853680689808273,12,0,1,2466.445371236365
6796,2273,224,180,266,359,357,103,353,144,10,496,592,6.586506562223758,1,1,3,1494.7066471763806
6988,1722,522,117,247,358,101,132,398,117,93,310,934,2.103973634327627,3,1,4,2084.1783062953386
3234,2023,308,295,295,219,64,153,116,113,11,251,598,9.898012488659953,18,0,1,0.0
8220,2563,450,390,106,173,333,180,106,56,74,300,585,7.828475435298347,25,0,0,2946.1590856546827
3928,2344,681,459,94,461,145,147,126,193,19,198,917,1.5460583231370206,9,0,1,0.0
6607,1819,374,455,169,195,147,69,135,149,59,195,782,4.7501893194126605,0,0,0,2032.821845760268
3522,1367,546,378,135,391,104,103,370,63,60,164,444,7.876575788445931,3,0,3,0.0
8904,2311,369,496,286,276,327,98,169,166,78,245,955,5.217588802404646,15,0,6,3124.6870756640574
6523,1483,201,353,87,126,294,105,284,122,50,498,305,9.786889719558774,6,1,4,2496.9666856745102
7526,1762,757,241,231,408,377,198,327,60,67,123,444,4.32623531701715,20,1,0,2472.3786627643385
7888,1824,561,264,213,404,87,175,168,177,86,164,445,8.868828650867247,4,1,6,3311.808271496414
4629,2553,495,104,294,310,169,119,152,178,77,242,383,0.9235225662734847,12,0,5,0.0
8832,1518,769,350,116,457,307,191,336,58,33,314,39,5.490171703246199,15,1,0,4321.607412079418
7628,2289,789,249,170,356,189,159,296,74,65,469,675,9.952767742209216,5,1,4,2030.4501060445546
8842,1306,401,127,175,417,232,76,101,153,45,406,362,6.785873669892945,25,1,2,4951.934765112135
8771,2393,488,336,256,304,262,173,206,64,11,119,678,1.5382508560548813,18,1,1,3485.408398710398
4316,1909,261,231,60,454,175,44,245,107,65,449,527,6.606185938056201,17,0,2,0.0
5857,1818,701,405,147,165,189,34,259,73,90,151,311,4.253553207030611,28,0,1,1526.455607387104
8008,1641,325,457,204,249,158,122,338,121,21,304,118,7.041659556781882,10,1,1,3938.8852192707022
4124,904,248,384,136,266,58,117,468,165,21,488,923,3.5143132170644407,14,1,1,0.0
8621,2286,799,392,194,319,81,96,225,142,94,352,802,4.943877880501243,22,1,4,2867.6262163864926
8423,1093,378,262,171,399,284,123,256,176,81,409,927,2.171631900774421,24,0,4,3754.1850753436815
5587,511,780,326,264,357,122,84,404,67,31,220,51,1.6097651202813845,8,0,0,2230.577770134452
4023,2712,692,229,147,302,185,132,471,112,83,161,814,2.9855831520617038,18,0,6,0.0
8672,1817,632,471,262,339,303,142,307,160,93,110,215,7.758193857311668,11,0,4,3808.1823975812567
4378,2042,771,157,82,414,165,130,302,133,71,141,446,7.933853080718657,13,1,6,0.0
6374,2625,501,245,182,328,205,142,415,92,73,348,916,5.435362192631244,16,0,5,281.7393474204915
4519,1113,368,461,172,255,131,73,226,57,37,233,744,1.8677899504803286,17,1,6,479.8122804325003
8777,2486,468,411,293,317,156,186,383,182,98,329,850,8.091252852943642,23,0,1,2636.261973685116
9093,1368,563,221,130,294,278,198,441,129,37,188,159,8.66942216441195,20,1,3,4883.726265122964
3226,1311,299,291,111,369,341,39,254,76,13,272,749,1.0234361606984876,24,0,6,0.0
8355,2322,414,344,114,115,166,108,235,175,54,266,801,4.142543512551079,2,0,5,3236.054564640445
7968,1266,296,202,248,340,337,30,250,112,99,459,435,5.509637345099629,16,1,0,3897.2761389142033
3891,581,747,478,174,351,262,146,131,182,22,205,337,8.05914274374951,14,0,6,268.37399790204154
8574,2244,536,349,244,150,216,71,114,116,92,462,266,6.321365584180731,26,0,0,3611.9803625270847
7072,2756,558,121,139,455,98,73,446,101,89,136,330,4.1205157600401865,13,0,6,1671.6139537166262
8132,1021,489,159,257,127,270,88,227,130,13,139,849,4.6360747241132705,2,1,4,4625.736823893507
5257,1827,595,337,257,152,328,26,478,132,70,413,384,4.290208647327095,3,1,5,136.09643074634153
5788,1493,559,493,93,407,338,159,195,181,93,324,935,1.268699443761585,14,1,1,421.6609841603254
3396,2025,546,439,282,215,228,149,412,126,35,490,768,7.860585961484339,21,1,3,0.0
8219,1969,323,483,170,108,220,122,402,90,15,463,151,0.6413833726628138,16,1,6,3599.5671201823393
5078,2013,751,435,191,110,53,168,200,84,86,267,40,6.8605495494016875,12,0,4,638.0132672335421
7744,1280,737,233,285,206,385,88,217,106,65,301,469,1.5308642446190013,15,1,6,3354.269796525881
7424,1951,621,436,267,400,244,110,109,102,90,314,454,4.192264054448209,16,0,0,2275.585890406111
6237,1058,535,361,140,440,307,114,216,79,36,473,373,1.2112861208813375,26,0,5,2188.9204020124703
8578,2638,702,441,106,357,94,137,447,172,44,113,976,5.912901601492047,16,1,2,2433.2665197223087
6893,2537,256,437,97,281,393,140,279,151,91,310,304,9.013076709372145,5,1,4,1684.8156604761118
8047,2253,275,141,194,269,257,55,323,184,67,321,651,6.088011094445572,4,0,6,3192.6003962999916
5005,1359,665,173,93,424,164,40,323,186,93,236,704,3.9307090585064888,27,0,0,506.32444846541006
5016,2112,484,396,181,238,179,72,347,198,72,168,450,9.379274762211969,23,0,0,223.02746123400547
6171,1055,585,418,130,384,209,166,353,150,42,394,110,2.9649987759391525,7,0,2,2213.014991212174
5668,655,458,121,146,210,50,22,418,71,92,144,861,2.5598241936746904,23,0,3,2303.273192666223
4878,2549,676,319,79,191,323,100,425,111,90,288,726,7.152936188016561,3,0,4,0.0
4196,1880,210,178,170,319,209,113,236,80,42,149,570,9.568672332744654,19,0,2,0.0
4772,1324,459,334,134,104,314,119,329,181,78,208,583,7.783975158748073,2,0,0,452.1837688435255
3161,2092,592,256,258,119,360,181,449,59,49,323,16,3.8589417035241125,5,0,4,0.0
6976,1581,799,426,252,200,372,176,140,79,56,458,133,2.752650692416736,25,0,5,2177.648035705583
4751,1703,568,213,292,394,297,135,139,184,54,267,571,4.635173925242864,23,1,5,61.22943056243031
3775,992,383,389,232,256,73,92,371,192,36,255,311,7.4074607034107025,26,1,6,0.0
8923,1168,215,195,207,482,316,59,351,196,16,391,651,2.8047995366968967,22,0,0,4627.457622360367
9417,574,705,229,195,100,205,69,124,123,67,365,532,8.392866327265521,20,0,2,6161.428582651001
8147,870,285,208,133,311,321,166,237,140,23,416,842,6.3641171766149025,19,1,1,4159.455433631507
9469,1086,209,174,147,218,142,169,108,52,13,295,193,4.830752505713017,2,0,1,6625.342911019659
3939,828,676,374,282,484,61,198,395,148,91,264,894,0.9033783457025013,18,1,1,0.0
6220,1089,363,480,141,359,287,68,156,101,43,350,659,4.204724914846626,7,1,1,2262.5997454096478
3539,2290,223,119,122,498,170,199,401,173,89,328,831,2.3959805739631435,3,1,4,0.0
9631,1276,775,260,221,274,139,142,218,137,47,318,623,5.090836869625761,29,0,5,5044.23443611956
7917,2522,511,308,239,233,124,169,362,62,29,100,275,6.539135427332171,0,1,1,2931.6323329586708
4461,2851,437,471,80,201,371,132,270,93,55,120,94,3.1810066697551598,20,1,5,0.0
8184,1078,661,193,158,484,80,79,471,66,28,271,163,8.128840087646964,17,1,5,4352.228449620281
3355,720,661,181,65,161,244,26,483,124,10,207,317,8.672603541417454,9,1,1,186.21884089753826
6604,1687,437,451,144,488,138,138,468,194,32,434,535,2.359522692340742,29,1,4,1419.7225532586071
6323,2003,221,203,270,153,147,50,474,101,71,433,981,0.2783352984633236,28,1,2,1221.7945455588924
3234,2922,379,336,126,404,178,151,459,132,82,449,904,1.7148693402544946,2,0,3,0.0
9370,2207,758,359,200,106,344,112,303,120,37,407,185,4.535797288596118,11,0,2,4040.5739301778003
4548,2245,698,259,191,455,144,26,156,196,93,356,48,6.725968791653129,11,0,4,0.0
5096,687,674,486,280,102,213,150,244,173,89,166,208,5.96649808606157,28,0,2,1505.215180922549
7213,1714,538,447,51,431,279,44,124,83,86,110,225,5.827461439918582,4,1,1,3002.5365609227306
5101,1609,730,160,189,478,189,181,210,155,42,442,180,2.3119902745092746,19,0,1,528.0843891934152
4673,1343,361,137,235,434,366,52,490,78,12,444,778,1.6045425674107217,11,0,4,0.0
9708,1030,260,217,177,248,377,114,154,185,88,423,389,0.35652044071224576,12,1,3,5860.300434279348
8163,1570,284,489,141,387,158,107,246,117,25,331,954,4.30923156020974,2,1,1,3229.6832586366104
5100,1462,746,411,273,111,63,145,131,141,39,404,946,3.0129527507043177,17,1,3,317.90481747142906
6657,1669,689,267,233,203,210,57,186,101,34,287,176,5.4829089490028595,25,1,1,2381.2951187177755
7653,1905,204,476,290,210,181,129,259,124,87,115,598,6.022926764222588,7,1,4,3131.8182087069194
6596,1016,275,436,73,362,162,144,171,131,10,311,495,2.8800508317076567,6,1,0,2809.964454522694
6748,2388,452,461,86,272,335,145,121,134,42,389,112,5.531666810890094,24,0,0,1624.1888947751563
6173,2973,206,475,78,194,389,23,337,160,46,123,758,6.086253750424319,28,0,3,431.30452491011494
4815,1991,672,168,293,420,143,195,282,107,38,481,120,8.799971563174205,14,0,4,36.33851537965097
6841,1617,337,182,91,302,396,120,235,110,46,107,942,1.4639712226930046,16,0,0,2436.3773121886106
5005,632,557,334,67,144,138,80,145,145,70,218,812,3.840050444567178,0,1,3,1606.7126387544351
7493,813,362,141,180,133,359,100,104,66,17,423,48,3.178268089823261,15,1,1,4654.847448843838
3674,1090,517,198,254,310,183,129,111,130,10,408,167,2.5482963895560684,13,1,1,194.58144947758655
3386,2043,657,229,62,494,310,97,126,64,72,152,217,4.253720503750847,9,1,2,0.0
5158,2706,452,127,155,324,255,80,183,152,97,254,776,9.425145887581277,19,1,6,0.0
5661,2385,400,332,206,363,356,148,494,188,74,368,775,8.431516867847884,3,1,4,0.0
5064,2126,731,328,243,400,83,25,135,132,55,313,432,5.223711290940656,23,0,5,195.47471518131536
6851,1247,364,216,108,325,218,40,151,145,52,234,179,3.9925406974977786,3,0,0,3598.6525372707
6253,1997,431,425,141,203,394,102,229,119,19,166,493,4.318802128309818,21,0,6,1489.5407176158294
7979,1300,527,206,225,320,195,47,173,131,91,463,793,2.5262410632416508,20,0,1,3509.697845202271
7636,2957,437,478,53,433,69,174,347,170,94,411,755,6.5770917967927005,25,0,0,1197.0281107418502
7266,1997,319,424,100,400,156,179,111,62,19,181,395,2.6416614711699204,5,0,3,2964.5303553292424
9552,1879,449,394,182,222,185,159,154,168,71,369,608,1.1125989297339467,14,0,0,4609.634006138301
3739,1179,535,490,216,493,75,84,435,57,95,484,492,3.209440067127179,4,0,3,0.0
4401,2661,483,259,90,321,295,193,353,75,60,394,319,4.870884757880448,23,0,4,0.0
6259,1396,397,103,54,142,390,187,258,162,54,118,710,7.283583385683582,14,0,2,2355.1604506308954
5277,2046,615,248,185,309,204,112,190,191,82,422,374,4.873119422304071,28,1,5,341.472072378167
6904,2293,594,333,275,436,91,156,259,183,82,441,847,0.3478260837110003,18,0,5,906.1646367736067
6923,2612,350,353,295,110,227,101,419,193,54,274,665,7.043746743116875,19,0,1,1319.1492500534525
7214,1183,464,347,233,315,130,81,203,83,94,278,88,7.7407679020925055,18,1,1,3650.5936362512075
6227,1795,419,437,202,263,226,128,190,89,67,292,375,1.031123965645312,2,0,1,1805.385036411045
5831,2185,415,452,140,324,242,163,414,189,75,490,546,7.211981433769968,1,0,6,28.739814624204485
6758,1885,514,497,229,324,240,118,380,178,33,402,618,6.567860497969235,27,0,3,1204.4744432698071
5512,2693,415,169,101,345,332,119,459,78,84,362,348,3.9024559419153504,21,0,1,0.0
5151,1442,534,302,184,245,295,187,167,131,74,428,433,7.963493952237677,29,1,4,505.7612248955312
6675,1809,558,401,238,290,149,54,271,193,64,472,233,7.105682618840886,0,0,0,1951.7731878665484
5745,1533,360,247,277,360,84,146,270,148,60,211,859,5.692113308422044,2,1,3,1396.068937509092
9091,2733,710,320,273,386,343,102,242,186,81,323,143,7.626328151790528,18,0,5,3154.8268110979675
6866,2120,356,285,262,115,343,110,496,157,82,157,594,4.359851553992601,0,1,5,1787.4654485760607
6764,1308,361,454,96,293,91,22,324,88,30,463,679,6.088183792871817,15,0,2,2442.1276407569403
8801,670,241,435,176,108,219,147,296,55,56,341,773,0.40859246411019234,0,1,2,5388.986639297017
8818,2760,379,147,131,101,106,72,297,139,31,451,602,4.511563820562607,25,1,5,3548.7089041184795
5222,2053,502,362,115,392,103,119,272,130,38,179,66,6.050698849936911,10,0,2,877.6439084891987
5792,2095,529,395,236,183,237,183,252,137,49,424,993,0.03878677861406499,26,0,6,25.86602832293845
4697,2123,762,414,287,308,345,56,252,123,12,275,656,3.9691961818966237,25,1,6,0.0
8540,526,628,391,283,157,135,120,109,108,58,451,799,5.3417762011278835,21,0,0,4631.008405239849
6462,1513,549,271,182,438,113,63,289,52,34,265,407,3.7049467506805,13,0,0,2291.0226971967754
7063,1591,319,463,221,205,130,83,111,196,91,438,994,3.623683725842702,24,0,5,2166.033225658675
8855,907,274,130,219,235,317,198,128,74,20,196,674,8.584361034462196,18,0,5,5311.24468245543
4524,1632,322,269,299,407,234,143,142,133,98,219,95,9.644535272396745,8,1,1,337.1226626877709
7760,573,381,143,110,430,394,25,187,173,84,264,564,0.9658674516519261,14,0,0,4401.261595549646
3032,1179,456,142,240,176,75,88,443,112,97,342,891,9.107100054358572,29,0,1,0.0
9198,1891,797,233,99,424,287,168,210,99,57,234,910,3.787171073468417,12,0,6,3639.2077538896247
7025,1348,782,448,215,309,345,76,468,185,41,333,932,2.378410705572133,22,0,4,1599.7580803110986
5566,1369,468,318,269,331,348,175,168,169,12,179,408,1.4965061804901947,10,0,0,1289.824728511517
5803,736,692,185,272,224,274,104,218,150,54,138,596,7.475159340041025,28,1,4,2182.7366121712744
6896,2925,379,350,231,279,377,43,366,91,98,351,973,7.235139205042893,2,0,2,345.02299093509293
6709,1405,348,364,221,389,139,134,462,112,29,456,406,0.9471775615265965,16,1,4,2185.3938508684805
9155,2923,717,110,201,313,66,111,346,154,29,245,54,9.594843976905697,4,0,6,3815.374455814682
8647,1118,347,179,177,196,137,94,418,108,60,493,6,0.7249081644096678,25,1,2,5247.703166596576
3719,1532,208,208,112,348,73,41,121,144,90,283,260,4.9693238195818,27,1,6,287.35173447989246
9698,2743,377,217,274,320,381,129,498,139,29,378,973,6.453147804985382,13,0,1,3198.6219124092345
9516,1813,594,351,216,112,272,53,492,137,91,186,850,8.882120124440428,1,0,6,4404.49427300869
7579,1346,530,117,189,405,107,137,425,100,23,327,618,2.6959610923920394,1,0,6,3132.017908673786
3972,2423,255,355,240,190,238,56,291,182,89,205,710,2.6755529230076505,12,1,3,0.0
6718,1133,406,344,152,292,271,60,189,101,41,175,967,7.812691301112254,20,0,4,2596.8796396789658
9766,1517,304,252,58,298,100,98,233,189,81,311,579,4.109871254067597,9,1,5,5820.932564596393
7402,507,746,196,293,359,137,124,451,151,51,478,5,2.057128752984484,20,1,5,3886.6735237144253
7552,1892,554,285,128,163,271,62,398,169,89,489,891,0.21331865921999205,25,0,3,2207.439859809074
5207,1568,688,129,136,429,397,41,224,101,48,219,868,7.458243445117782,22,0,3,244.8646365554215
7426,2891,792,214,285,331,216,110,454,157,47,493,905,0.15021253745078122,5,0,1,476.3799087093649
9919,2280,702,340,158,326,243,162,289,125,73,301,817,6.375659065016722,2,1,5,4152.240945577997
7320,2142,249,356,71,266,150,40,422,180,13,422,507,4.288638954561924,11,1,2,2451.6925590308897
6030,1716,286,452,85,350,251,71,181,128,72,265,880,6.344703726305211,18,1,0,1228.215154314886
9872,1348,502,212,123,285,62,23,326,144,70,191,251,7.600895483989216,4,0,6,6286.662404193528
6575,1880,200,434,205,348,196,194,279,198,87,434,397,6.476377969509379,1,1,1,1599.0638151370313
8575,561,580,128,105,371,311,165,455,168,14,354,524,4.657159086441131,18,1,5,4709.821060805063
6116,1585,561,421,148,439,195,90,423,134,75,364,997,9.074972501813923,9,0,3,603.0108168855027
6285,2969,580,325,297,237,58,137,412,168,54,295,623,0.035923416303729194,10,0,0,262.8598429714141
8178,2317,361,343,206,208,130,182,251,61,59,201,873,0.4772455887712068,0,0,0,2943.565089430716
3643,1132,218,460,54,417,117,26,253,97,97,469,255,4.865139760181662,0,1,6,5.656539680276687
7711,1291,442,118,53,143,359,188,404,150,12,350,885,2.472438748055874,8,1,2,3371.497558543003
3194,1800,328,421,228,441,175,157,320,123,32,417,70,4.304047172019098,27,1,3,0.0
6996,1954,375,211,64,436,99,159,393,78,20,132,404,2.8718067383303634,2,0,6,2614.923951704553
3488,1638,608,311,271,300,119,110,135,58,47,239,736,2.312472064185762,29,0,1,0.0
5204,2211,283,332,237,477,188,175,221,81,65,218,394,9.23032214422583,20,1,2,208.1591268873825
5657,1024,575,258,75,203,219,77,281,190,44,291,5,2.1664657255868325,18,1,1,2275.1586810209515
8345,2520,421,159,72,488,139,165,492,159,74,175,419,0.914721430083445,13,1,4,3140.4940196622906
9555,1398,524,472,174,219,188,197,195,124,15,262,586,2.2572539222428842,14,0,3,5215.346321538898
6276,2710,650,423,152,489,121,146,203,147,79,201,566,4.2721973368989765,25,0,6,164.2896366223407
4102,1286,615,192,78,461,294,64,181,103,49,161,33,2.233147254138098,2,1,6,655.9029283685235
8243,1860,644,347,135,482,116,125,123,173,99,472,477,0.977232330254485,10,0,5,3153.880013226168
9614,2926,524,257,276,127,179,129,267,165,44,244,712,2.686646445525974,24,0,3,3710.841638227623
4241,672,722,240,106,206,259,74,437,144,22,389,838,9.064617640714395,6,1,2,215.32325711522785
3515,1499,365,498,111,379,243,57,202,61,34,182,941,7.527032036234558,9,1,5,0.0
8721,2310,437,319,236,127,75,23,363,84,95,183,804,2.333007955773736,26,1,1,3642.4339545782996
8223,563,212,405,97,285,381,34,330,162,90,161,955,6.0715955312983985,27,0,0,4664.186916658078
3392,1845,456,188,160,294,342,168,281,53,87,201,913,8.56091086568335,12,1,2,0.0
3630,1474,713,254,259,245,267,168,214,94,76,333,560,9.709678418966886,0,1,3,0.0
6716,565,409,332,84,359,85,198,366,98,77,194,92,0.7427706703544978,26,0,5,3990.417718037083
4847,2366,683,292,95,459,65,127,462,176,56,365,340,2.0379767978536147,14,0,3,0.0
5655,2122,564,198,82,276,127,54,326,195,64,218,909,9.434627858593537,17,1,6,565.0419185272967
3979,957,424,212,120,227,371,144,315,95,52,427,783,8.848130228274352,6,0,0,0.0
7529,2102,393,206,275,483,70,23,450,161,11,407,153,2.9907312824786016,16,1,6,2851.3389728734624
6402,2457,395,123,59,205,184,179,477,64,54,490,116,1.976994942426854,0,0,1,1542.6516083684994
6871,2240,599,380,265,451,294,159,397,107,57,412,222,8.15394689975085,14,0,3,1362.253721943009
9683,1949,256,303,266,482,233,73,361,134,71,260,306,1.052200266909995,29,0,2,4903.029519080802
3277,2459,412,110,225,310,221,49,102,174,47,338,504,6.198466312134254,26,1,1,0.0
3232,2725,478,449,93,448,103,28,429,90,56,333,586,9.076162449221348,5,1,1,0.0
4552,2454,579,415,268,421,142,38,453,106,13,326,351,1.8005078031517807,15,1,3,0.0
8690,779,316,304,175,413,363,99,420,74,69,364,857,1.2516924724680323,25,1,4,4434.950268195998
8209,2891,650,124,163,110,342,177,495,93,58,272,318,6.432907634206825,17,1,2,2397.247375461034
6270,1540,798,239,247,466,225,129,135,190,85,393,928,6.141976935342994,11,0,3,884.5211778165266
5409,2843,609,222,172,459,239,64,283,103,43,246,59,0.6727713363165477,8,1,2,323.2193473762776
6512,2749,566,110,112,420,295,42,279,76,53,453,676,3.612391595420301,27,1,3,548.2084857690517
3025,1461,312,365,98,483,344,95,475,57,94,399,906,9.269042929530452,22,0,5,0.0
8513,2442,363,180,249,116,241,24,224,169,65,417,659,2.2980045845209727,6,1,4,3293.8810174485666
9650,1717,203,409,134,469,153,138,259,126,51,334,716,5.287562238483785,15,1,1,5044.524169907377
9410,874,222,208,90,435,117,62,494,133,59,496,417,3.525222459007309,25,1,4,5799.4586198086345
3460,2411,291,307,260,165,373,21,484,54,78,313,699,9.044809841146787,20,0,2,0.0
6764,534,668,418,147,473,204,195,211,108,42,390,864,5.206693119104704,20,0,1,2501.63830677291
9599,1892,354,343,88,212,275,59,233,68,76,148,313,4.504241509340491,15,1,5,5686.285070718891
6431,2576,406,375,156,231,282,118,434,114,51,396,682,8.915523708098123,28,1,3,530.2015494058325
8187,1274,280,360,200,170,153,136,301,117,53,154,195,6.441963084675568,2,0,5,4876.1658468230835
8102,720,682,396,62,160,365,183,251,115,77,306,565,3.5715083843182205,23,1,6,4082.7244810134107
6483,2600,791,473,155,413,289,59,427,82,66,498,455,9.931250544883572,26,0,6,184.44644490441988
4994,2623,606,162,160,343,261,153,436,184,45,455,113,9.158093869687121,14,0,4,0.0
3490,993,302,283,230,408,175,161,176,54,50,195,443,2.645956291283645,25,0,4,110.29076148230374
4072,2211,439,131,280,104,172,144,364,186,65,241,778,0.33879069463061295,3,0,3,0.0
9707,2664,464,382,269,469,85,120,353,190,12,273,193,1.2082439531752531,29,1,3,4327.31131336677
6173,779,232,423,119,416,287,52,169,97,65,177,21,1.5464937628168585,10,1,6,3238.6110518163437
3215,1245,234,460,106,120,291,127,122,95,65,127,3,7.349083176552189,1,0,5,94.2196919226352
4723,2842,448,106,125,285,182,166,441,113,74,286,41,3.760884781602658,12,1,6,0.0
4592,1974,249,273,244,308,276,190,312,78,48,198,472,3.3920410541495083,13,1,4,0.0
5606,2357,479,458,225,330,139,73,372,67,49,139,563,5.58789420437493,12,0,2,232.97739600860064
3158,2041,351,467,69,113,304,115,197,68,48,278,555,1.355324035576575,0,0,4,0.0
9632,1596,750,245,282,451,132,111,222,58,36,168,253,2.758668254306056,19,0,6,5269.0983191183395
7781,1559,736,351,283,178,188,111,124,50,76,236,881,4.849441366838962,1,1,4,3018.1316498506326
6313,2422,429,265,111,281,358,143,467,88,74,494,910,4.685145683544053,9,0,6,210.97515514646423
5841,2505,487,202,222,177,69,114,137,104,83,467,587,6.116445522270439,21,0,2,550.9324277576858
4776,996,594,292,112,396,378,80,358,101,12,375,864,3.0990587492325816,28,0,3,303.64034385201376
5052,2753,652,116,185,371,133,160,294,113,12,389,415,3.8229954335726504,26,0,2,0.0
8939,2973,232,189,203,150,76,189,369,73,46,330,69,0.6337646661887031,26,1,6,4040.9724100737194
9504,543,562,470,87,356,107,37,365,76,29,168,106,6.490339821933672,25,1,5,6697.082263295353
9602,2351,310,185,141,395,379,128,165,164,20,220,256,4.993144687555613,29,1,2,4765.856124111626
5295,953,320,202,148,117,266,91,298,115,92,260,485,0.4180740812038264,14,0,6,1906.907627254429
8685,1094,215,181,157,389,382,132,241,168,33,255,615,5.047532380345032,26,1,1,4912.026706890386
4696,1856,722,225,154,317,174,67,340,111,79,280,229,2.612029650465769,9,1,4,144.13928364207624
5993,1006,297,137,218,199,337,114,308,193,74,263,531,1.4671193802667815,6,0,2,2478.140691071474
5469,1293,315,447,156,248,249,103,225,189,92,396,747,0.05101726379443283,23,0,6,804.984859045472
4946,520,670,312,151,484,332,183,365,89,83,257,113,9.815147085751953,0,0,6,1199.2115467194583
6809,1899,638,418,179,254,263,106,454,59,41,338,324,9.479387462272834,26,1,0,1759.3827919883227
9158,2961,480,324,56,494,205,192,404,104,71,126,548,8.248930912782672,8,1,4,3238.3397805664413
5783,1594,548,321,176,475,67,157,275,128,64,277,359,2.1612420201319016,29,0,0,1384.0983727703258
6644,1927,431,346,154,201,392,156,486,138,45,351,178,8.688366220179912,11,1,0,1803.132259760885
8241,2085,310,235,202,214,154,193,146,53,75,238,1,8.971942928715643,8,0,2,4428.138037478327
9420,2314,551,385,100,369,208,164,159,176,46,221,589,0.8161871944203047,3,1,0,4175.571225167489
8677,1920,211,330,99,191,90,52,380,72,23,277,400,5.214991104984792,16,0,3,4619.575048198752
5500,836,687,419,273,120,339,84,234,150,55,207,561,1.0689614302766859,7,0,4,1657.0458375558433
6645,2167,732,108,113,219,56,167,432,98,86,131,721,5.331082225778266,2,0,0,1619.5291446994222
5645,1409,484,324,189,118,54,145,220,155,65,122,144,8.44318462708542,16,0,2,2125.302203017597
9589,775,744,412,230,123,70,163,266,53,59,272,615,6.266492796629156,18,1,1,5765.214232313427
9353,1391,591,206,124,125,183,161,142,178,70,117,414,0.6294728632385382,1,0,2,5545.951352491038
9857,512,369,286,59,252,169,148,145,180,26,127,55,0.09831480150193639,9,0,3,7497.244385423336
5349,1526,276,320,238,400,291,182,316,106,36,404,873,0.9428878088174242,6,0,1,292.17476952910187
4932,1473,496,194,232,463,155,148,398,108,63,397,798,9.08732551554364,11,0,3,0.0
6294,674,529,294,148,301,392,190,384,161,38,370,803,9.85252976935468,28,1,1,1932.1576628444168
4757,1908,262,341,285,238,180,88,438,167,22,375,786,4.834074378944303,21,0,1,0.0
9146,2125,469,329,117,379,87,94,202,67,58,155,316,3.570811652036865,8,0,1,4813.887071600631
8085,2443,415,430,219,123,136,115,185,198,34,408,415,3.443182116862049,10,0,0,3017.6639308509716
8637,2788,389,104,115,111,385,163,293,105,97,437,336,4.249773874148406,12,1,4,3398.6466667022296
4116,1046,274,450,221,234,162,140,313,175,32,199,343,3.952770953049046,1,0,3,469.84257031332754
5567,2561,709,103,77,180,300,130,454,185,35,470,236,7.672362699984384,10,0,1,161.3128620425004
6499,1718,778,363,156,454,394,91,325,74,57,352,487,5.282481850912117,7,1,0,1127.8692573897956
3492,1920,292,352,159,169,120,169,296,169,45,186,643,0.8639824397645279,2,0,2,0.0
6306,1954,252,262,160,303,313,71,254,119,15,377,324,0.8787591041067433,4,1,6,1993.5144943178348
3619,1933,695,240,127,178,118,174,437,89,89,197,499,1.1111889200885061,26,0,4,0.0
6232,502,293,488,235,378,304,83,467,133,83,228,884,3.891788646057721,28,0,2,2136.3456595496577
6823,2342,428,395,285,298,324,64,102,132,48,207,814,2.6919680146217484,8,1,1,1441.8513549726101
9474,1246,449,118,142,478,135,45,411,152,66,156,510,3.7019434384454266,8,0,1,5533.748414482004
5380,1371,590,181,179,393,267,160,466,148,75,141,634,0.9366788081773114,16,1,0,858.5817966119936
9193,994,381,480,232,384,99,177,419,155,19,407,499,9.06815090803532,1,0,3,4851.953133116684
4546,2964,466,103,83,255,183,97,376,151,81,176,40,8.282493508303839,21,0,1,0.0
7958,1914,480,227,274,175,279,49,123,117,18,381,384,5.594322847434253,28,1,1,3625.401402288082
8787,1127,282,286,197,318,110,191,247,91,86,315,601,5.711589613223343,16,0,3,4866.406172618784
6563,1575,385,245,96,423,301,195,407,66,81,288,425,5.041302071319075,1,1,0,2072.620340505247
4605,641,766,251,271,376,279,121,112,197,36,187,706,2.282614841956291,25,0,4,676.2597478549509
6752,1987,730,462,167,364,107,28,317,165,55,213,534,6.543610184676417,23,1,1,1691.9488199583077
9415,545,547,192,177,148,234,195,270,173,72,422,268,0.9170977859651464,5,1,2,6089.878741695584
7675,2557,622,130,283,197,252,115,449,93,51,145,725,5.844830816403068,25,0,4,2064.5777855321526
4890,1163,653,413,75,392,81,87,177,194,94,482,734,4.401747789515116,16,1,4,421.92696160333105
4275,1072,466,127,133,120,194,153,338,76,50,251,316,0.5779683757416221,2,0,4,1070.5981616191802
9703,2529,706,236,50,122,218,108,344,107,43,145,327,4.325056786977148,21,0,0,4742.68260799386
5743,2053,341,189,242,237,71,40,201,141,39,226,413,5.913371012883988,0,0,2,1513.169498780838
8951,2121,515,148,266,329,385,97,129,150,53,412,173,0.7959624668278609,22,0,6,4143.751846800241
5493,1412,431,466,146,425,347,49,370,143,89,171,971,2.9841592551272544,5,1,3,393.2757733142403
8451,1139,496,357,136,456,128,76,302,191,10,497,85,2.0247102348371984,21,0,0,4610.603943570534
8258,1408,771,105,124,128,185,74,311,185,54,485,298,0.23780519378865161,9,1,0,4133.449497012435
3356,2725,221,128,157,414,351,21,252,95,56,233,14,0.8175140206872256,7,0,1,0.0
8720,1368,583,255,64,120,225,67,265,119,39,175,541,1.8907645078682223,11,1,4,4919.357009388724
9417,1529,325,362,191,441,126,41,142,184,31,160,443,5.99901596272284,16,1,4,5372.124076517639
9102,1352,302,133,104,198,79,160,139,75,24,263,919,9.43227724880253,0,1,5,5364.402199171555
9454,806,309,336,178,162,333,108,250,79,93,445,112,6.568954778381297,6,1,6,6381.750624037374
3869,2874,769,237,82,401,378,131,143,55,47,129,638,9.80442240479547,10,0,3,0.0
3885,2316,671,467,119,232,202,62,180,116,32,479,24,9.677830704307409,15,1,3,0.0
5001,894,264,156,105,114,262,94,356,132,40,147,820,5.205818831947623,16,0,5,1572.789585775548
9297,2847,671,274,72,204,228,93,202,84,66,343,953,2.219202698915809,24,1,0,3104.738360885012
8509,1248,769,313,103,210,344,68,480,84,90,371,513,9.13075652463829,25,0,6,3895.0283940912236
4283,2832,275,126,139,438,132,184,437,54,44,419,64,5.353603050261404,13,0,0,0.0
3619,829,218,394,180,435,249,127,140,151,75,219,851,1.5185893396174022,13,1,2,0.0
3882,2597,583,218,95,210,372,54,417,55,62,363,940,3.7856737361243775,5,1,5,0.0
3796,2531,389,246,296,462,178,38,287,142,40,451,171,3.338313300760054,29,1,1,0.0
6642,1272,559,455,183,442,343,47,307,72,35,123,153,3.601805736798261,1,0,3,2577.983892800895
9268,2145,651,364,281,103,240,125,493,108,40,130,391,0.9929872956901542,11,1,0,4169.728518765717
6425,2232,278,357,293,251,101,131,207,150,81,208,82,4.615084311361381,21,0,0,2003.6294505206497
4296,877,795,447,202,141,132,134,428,81,89,202,158,5.260445320508158,15,1,1,770.4092683591683
7714,2287,371,288,288,474,390,190,433,50,21,261,334,8.764557494813431,21,1,3,2359.268256220006
8930,2123,411,414,66,125,237,140,293,77,62,488,617,0.6426133819161095,17,0,4,3963.0716960059003
3244,1499,644,330,205,461,62,157,156,163,65,497,819,8.10767048258009,5,0,6,0.0
5895,2348,348,297,209,293,268,98,220,78,92,392,769,6.283744541371736,13,0,1,648.8276508112713
9593,2061,209,338,142,459,66,115,397,196,71,455,961,9.666274788487483,20,1,5,4197.343456676369
3929,1273,741,426,72,107,291,43,184,161,53,180,561,8.283679580593999,13,0,3,0.0
8366,1583,254,169,282,172,389,147,165,157,67,420,377,4.508965375248813,6,1,1,4056.748470202901
3519,2303,379,351,193,177,207,191,169,68,86,243,476,7.792899195429238,26,1,5,0.0
6212,1598,580,292,145,247,215,177,494,166,74,462,736,9.226984952352995,24,1,6,1047.3871541884682
5409,2550,621,124,203,421,188,134,332,64,22,186,393,4.9596936112061645,8,1,1,124.43404932517845
3007,2098,650,169,210,167,343,64,342,154,70,238,239,2.6623406656332858,12,1,4,0.0
5525,1247,292,255,235,454,77,137,366,102,77,212,45,4.046553416984188,7,1,3,2111.8285662232493
6423,1971,719,245,225,282,210,79,103,164,60,167,697,4.228631240602039,18,0,2,1517.2839177031185
5019,2264,612,418,132,433,231,135,178,56,71,467,84,6.0156630069348775,12,0,6,0.0
7590,2822,593,318,104,184,329,72,317,141,57,314,212,4.262397890653634,4,0,2,2047.7855874089016
8725,2053,530,148,218,178,204,122,478,125,72,450,234,6.001730309570053,13,1,0,3892.37680489868
9976,2115,632,478,111,138,351,44,335,139,81,386,268,0.33156357519807944,18,0,4,4800.486917673547
8158,2762,362,479,194,405,263,121,178,148,81,424,434,3.7664964530431586,6,0,4,2388.873993218082
9736,2008,239,293,151,119,389,151,276,117,60,318,335,6.682430409274854,0,1,1,5352.562410881278
7282,828,284,139,108,169,118,111,341,83,33,320,82,1.1133162422888798,16,0,3,4552.423107132466
6667,2802,789,184,191,255,374,50,264,56,95,304,983,2.1492391530943,10,0,2,216.33837541003186
6671,1910,290,442,259,216,344,166,493,146,49,160,185,7.309340849341558,9,1,4,2127.7124312237097
5801,625,683,435,198,467,258,21,375,189,38,492,61,6.6112682104315645,13,1,2,2023.3603473606076
8973,1266,584,103,240,127,206,23,451,107,82,405,278,3.4573957753489126,10,0,1,5159.375275387547
9236,2073,392,389,223,474,124,98,428,101,26,245,771,9.92378860550856,20,1,2,3983.229967017685
3085,1727,452,346,104,197,391,57,277,171,10,114,670,3.107896377822902,20,0,2,0.0
6115,1695,443,104,111,428,336,52,258,105,93,379,391,2.471831537670192,22,1,5,1670.506630556232
7232,2258,469,325,216,250,280,37,399,131,10,450,745,3.4110604300619327,14,1,6,1830.6486830412937
5468,716,218,249,219,463,114,123,130,52,34,344,920,7.50930926644498,8,1,0,2028.8884511726549
9217,1859,239,337,97,121,320,179,430,190,50,274,821,0.9238048507176733,6,0,0,4352.618721547752
6619,1821,715,247,152,360,132,134,140,145,32,298,214,2.8763519803477413,6,1,4,2238.9042585185684
4636,1331,232,202,77,159,123,180,103,112,27,300,394,6.079299425974908,10,1,6,1434.2662528224093
6583,681,649,274,133,262,314,53,469,182,37,222,731,8.648538075878996,26,0,5,2537.6513470695604
7009,833,738,335,183,213,318,70,369,135,94,389,44,4.3632231210134185,8,1,1,3208.4070002800827
6326,1010,518,133,108,453,350,82,273,164,21,378,86,3.805389978327521,28,1,3,2637.151992144812
5218,882,323,271,139,295,139,66,409,164,97,247,556,3.507956293287997,23,0,4,1821.411318831784
8847,2396,571,105,119,144,349,160,191,121,58,144,124,0.5303747741759868,0,1,1,4304.474244791704
5217,831,550,384,216,212,51,71,483,101,90,218,955,9.381921089097393,27,1,3,1128.5956743043625
8883,1688,522,324,234,492,225,112,188,145,25,391,959,0.44242222186460567,13,0,4,3345.497198194747
7967,1765,687,152,231,278,174,71,186,54,36,145,244,5.618927654216691,4,1,2,3884.8625682763936
5369,1399,650,356,109,369,317,190,132,149,62,492,554,7.934872427694545,26,1,2,549.7056130188254
6638,1141,552,158,267,424,264,125,236,108,45,369,124,8.567088800846857,17,0,2,2751.1973433936705
5503,1750,315,345,194,469,116,117,265,74,16,311,751,1.8465461795535332,25,0,6,672.0394569247702
3943,1133,212,106,217,155,227,150,188,129,43,432,703,0.3254882288732064,9,0,3,329.9180098211134
8722,2998,519,313,115,466,316,78,181,137,74,436,430,7.683976303447348,18,0,5,2670.69852478644
5837,695,364,177,164,446,54,146,142,63,13,232,483,0.6139895740826851,10,1,2,2790.4186418900613
5660,2393,284,288,173,366,350,88,234,101,35,199,828,4.3704607115047445,29,0,4,224.5811807972267
5936,957,447,406,262,214,251,145,443,74,29,414,225,3.5494451935863425,17,1,0,1915.4100801109266
7444,1329,631,315,231,456,166,149,395,121,60,387,175,1.342351332068682,25,1,1,2891.152403865976
6947,2804,767,382,120,266,385,63,440,105,86,464,74,5.3121299803828235,29,1,0,854.3996234777936
4676,2556,678,418,93,453,399,147,218,86,19,303,752,1.5114431544996276,14,1,4,0.0
4196,1724,567,160,133,214,281,57,417,183,17,134,519,6.64310260880583,3,1,5,87.68905099571822
7105,1386,556,160,244,179,133,174,282,197,27,359,673,7.968150027278069,0,0,1,2679.2022563958412
5787,892,607,314,106,413,138,110,134,72,26,308,7,2.3124137970224456,21,1,1,2592.1918054493226
4461,2175,544,481,85,385,276,145,270,106,78,437,504,7.401394543035602,9,0,1,0.0
6318,2946,378,144,106,422,160,34,110,167,39,402,51,6.464575455123804,25,0,3,1376.3008880241828
3666,2878,624,271,170,128,372,186,485,130,48,202,80,2.6975777947142032,29,0,1,0.0
9689,2681,740,320,220,141,61,185,434,110,70,172,469,1.9515174447584593,11,1,4,3969.273273056944
8618,1415,642,484,93,218,76,82,178,104,33,177,519,8.744808172428343,23,1,1,4681.625261657524
5176,1434,505,194,111,161,154,81,232,129,90,281,317,2.014943299321974,6,1,6,1500.480258541148
6743,854,566,446,164,254,135,97,471,69,44,333,832,0.7857600280382104,0,1,1,2493.1753569072985
3600,2021,235,143,132,384,205,37,267,52,88,461,653,3.1811416532896333,25,0,5,0.0
5652,2837,662,327,110,288,248,176,335,114,70,150,68,9.045424420693509,11,0,6,253.97427503041604
7422,1128,345,161,143,384,186,90,401,86,84,187,346,5.8586338417042185,4,1,3,3753.765061244561
6824,1670,345,416,60,203,80,43,120,173,81,496,943,7.182289216856433,13,1,2,2227.4765623707435
6906,826,579,318,126,156,213,57,236,65,24,262,86,2.188201889702921,16,1,6,3991.368761211015
3979,1938,367,434,169,410,162,153,426,161,45,371,651,4.938698971067139,8,1,3,0.0
5451,2757,474,188,210,471,320,167,254,53,64,334,831,7.9100328374922,28,1,6,0.0
3628,1921,286,211,151,271,336,189,372,52,46,167,123,3.6981181802183514,14,0,3,0.0
4629,1626,353,306,295,483,307,41,165,157,96,358,285,7.161891988119758,9,1,5,211.58013835022302
6696,2280,696,466,170,255,250,180,331,66,71,161,135,5.8323513841403285,23,0,2,1693.686682963747
6430,2031,514,405,161,264,348,65,125,147,73,434,892,3.3533794021933296,20,1,3,988.2272389795444
6674,2414,759,302,115,432,50,124,464,147,48,130,487,4.136212900869482,9,0,0,1292.674125080685
6929,1732,473,396,159,168,260,189,299,194,99,228,321,7.363121080834243,25,1,4,2281.2242643905743
5765,2456,461,132,169,157,314,198,272,73,84,417,196,7.487517357493969,3,0,5,982.7351392965046
7369,2975,686,314,72,306,237,104,282,51,21,356,716,8.914520161990408,3,1,6,1050.191540879995
7780,892,653,111,291,184,290,75,139,169,81,260,720,5.389217268604208,26,0,3,3971.883806474509
3115,1325,642,101,226,424,242,96,371,63,17,445,418,4.438290586637819,14,1,2,0.0
7956,2412,461,462,197,200,159,61,311,187,50,269,78,7.810052470599377,14,1,0,3218.6383807482484
5003,2895,742,248,291,391,160,32,323,64,78,292,907,3.8594680829631365,24,0,6,0.0
3692,549,304,241,292,350,114,73,259,86,83,243,994,5.931997078541135,11,0,6,31.927570297307263
6162,1896,549,389,271,319,114,159,134,107,12,151,105,7.603456626098825,16,1,0,1911.8364190270515
4105,1550,637,306,64,259,366,54,419,131,52,341,623,9.24977944765333,9,1,2,0.0
9467,1299,368,440,243,286,284,102,498,105,46,134,626,8.887715375020178,29,1,4,5075.159261047077
6008,2292,542,291,79,483,144,28,220,62,95,171,578,6.606531467608239,11,1,3,867.1880875862605
5161,1863,429,440,266,186,246,32,385,123,66,274,649,0.20534899963451148,2,1,1,174.52106721015812
8888,2848,222,405,53,429,340,41,269,142,34,454,385,7.384944004248387,9,1,2,3302.3527184392547
3153,2065,480,497,113,448,245,59,435,73,13,470,654,3.3122237347702965,20,1,5,0.0
8996,2713,718,351,114,254,87,183,330,76,67,229,374,8.334837613061856,19,0,3,3348.6106946513833
8523,2863,452,303,57,454,88,136,199,123,46,181,190,0.26796117535272557,16,1,4,3530.654967462552
6699,500,603,461,101,379,198,146,332,189,17,173,134,1.1326229472279892,26,0,5,3245.740679336406
8385,1519,332,145,191,442,213,188,101,192,18,237,275,6.89791306875277,22,0,0,4413.1225337763635
7410,1784,473,473,107,422,269,26,115,52,88,431,187,2.6585541257274112,23,0,5,3119.466177150329
6786,562,431,360,60,263,325,74,320,77,10,458,263,3.178535914521401,15,1,3,3601.0016350259352
4064,2369,744,165,108,497,92,140,362,58,22,285,366,4.002492458969137,2,1,5,0.0
7200,2769,278,249,73,167,287,98,282,79,77,377,89,1.9014782276503783,6,1,6,2283.143882944056
9020,651,234,169,137,461,212,160,498,106,25,140,57,8.594654232481695,15,0,4,6010.831452467707
4913,1143,694,463,209,474,369,118,122,72,53,104,647,0.8827479072604183,2,0,3,449.7982716509033
4216,1125,309,101,266,387,156,167,346,113,74,185,797,1.7012895643137516,25,1,6,202.2957344894048
8520,716,520,128,95,311,337,42,356,193,23,231,108,3.813420154027164,14,0,4,5276.889481201677
5401,695,774,355,77,219,341,56,215,169,35,332,851,3.758140955548699,1,0,1,1280.4787378259455
4772,1514,527,160,65,284,154,39,168,79,41,309,53,0.5187170317959922,22,1,5,1267.5964674017814
4960,2021,583,199,91,315,118,139,240,95,11,321,693,3.384520451862806,11,1,4,124.59100873627477
5780,2078,563,483,152,229,158,166,151,150,25,209,734,7.643426281333068,21,0,3,759.1719384602767
8699,1580,431,243,65,177,229,165,496,129,58,121,255,8.90538524138364,5,1,4,4712.417350405827
7804,2027,613,291,149,269,181,87,195,141,99,159,379,1.239245480078599,6,1,0,3324.8032505777333
7746,1221,493,452,189,137,56,65,154,167,84,425,668,6.51510990895174,14,0,0,3597.5374011388985
5871,2107,746,452,253,154,389,195,384,197,32,465,692,9.265916176794896,24,1,2,0.0
8042,2259,373,369,239,389,198,39,245,158,69,471,733,2.9991622843172405,20,1,0,2565.449756743917
3660,2062,591,398,83,145,234,91,485,105,75,366,30,8.765520536209575,17,0,0,0.0
9242,1139,301,425,87,270,205,124,382,86,29,273,3,1.5649113254667513,21,1,4,5914.156939540969
5635,2653,492,410,176,229,339,181,149,175,83,268,412,8.609763421388356,26,0,5,212.7155174669935
5329,664,284,303,261,263,294,123,397,175,27,234,299,4.267413000497041,14,1,3,2008.6153137532358
6954,714,400,344,224,169,321,26,294,177,68,379,93,8.253637429124511,18,1,2,3797.3528719556375
5450,1594,740,130,256,391,87,69,321,142,40,235,382,2.1054995957217937,24,1,3,888.3716320740199
4132,589,496,431,71,168,164,72,237,132,13,367,760,0.6893950281407879,6,1,1,697.457465996959
3699,2295,255,151,129,204,386,92,108,92,36,493,533,5.958202512882477,4,0,0,0.0
9342,1751,671,483,137,153,168,30,102,85,27,494,502,2.663538222981204,19,1,3,4676.523950160366
5038,1602,215,342,52,467,181,155,441,168,72,329,637,8.065820629430227,19,0,2,481.8220748996233
9470,1107,265,362,50,462,105,51,137,194,80,143,95,8.24779064720978,15,1,1,6303.471140500176
9297,848,671,273,102,347,169,82,169,194,28,122,907,7.234281396828083,13,1,6,5269.596823725949
7647,745,780,199,241,408,99,164,168,193,48,377,541,4.977005406172915,25,0,5,3693.852983860893
7500,771,222,491,221,472,131,173,257,100,75,272,4,9.231554213542402,20,0,4,4321.214546226801
7557,2530,685,488,96,205,98,70,369,165,87,121,193,5.855046232390739,5,1,4,2386.024783256238
5179,902,614,160,292,448,97,52,101,72,55,138,890,1.8006587532640217,6,1,3,1225.077086006994
5838,1965,504,459,215,414,183,45,452,193,47,396,197,5.819700323852417,9,0,4,872.6457647168634
3873,1695,376,287,240,196,287,41,200,81,76,155,618,5.758993231028695,25,1,2,0.0
3083,1579,394,106,164,441,384,114,235,115,38,422,618,6.401206185861303,8,1,0,0.0
4422,2114,212,288,258,126,222,97,429,153,66,223,418,0.9929827231321253,3,1,4,0.0
9897,1626,365,182,90,171,194,123,312,119,57,134,585,6.8868643546734845,21,1,3,5940.979703224039
5675,783,349,450,198,477,236,164,481,164,61,371,335,4.03303276556798,22,1,5,1565.3564647470241
6180,1016,540,382,222,284,169,60,182,55,57,245,47,6.104510957585005,10,1,3,3071.719131507529
7316,1801,756,223,288,233,233,95,454,94,70,496,469,9.207949126801399,24,1,4,2214.3605194080883
6975,1111,373,256,289,273,128,58,373,82,76,121,946,3.3863658896088333,0,1,6,2864.830973961142
9696,1249,366,186,190,380,212,180,240,54,57,108,589,5.518015037778348,7,0,2,5992.659630352666
4391,1792,793,247,243,197,57,51,401,105,91,169,487,7.703460552078878,10,1,3,0.0
6218,2356,779,169,115,492,148,168,239,77,17,466,655,1.2120192826673437,29,0,3,491.4638050761135
7207,899,296,469,92,163,366,97,395,184,83,492,47,3.5426468844202574,21,1,3,3571.82440752511
3614,2026,603,175,239,212,76,85,187,108,95,117,934,1.36049503574605,20,1,5,0.0
8677,2524,276,213,138,164,325,196,495,196,97,343,128,8.397230387124964,2,1,4,3530.12027529839
5971,2633,436,102,269,315,362,90,422,111,76,336,380,7.719421339618045,2,0,1,552.1405131191821
6565,819,490,333,225,453,328,50,380,92,23,291,527,3.1668867988191405,18,1,4,2549.2568945844423
6576,1555,335,266,162,389,253,111,499,99,56,324,531,0.292890206259534,18,0,5,2026.1085825048206
7570,835,566,198,75,496,209,188,340,169,33,393,415,4.095863829730876,5,1,5,3532.48359792298
9979,2598,747,223,148,414,227,183,211,151,71,150,385,0.1736607241726229,5,0,0,4376.021486262478
9009,673,447,144,269,188,241,93,400,87,67,413,58,2.9216191282365243,19,1,3,5893.630607775865
3270,2141,413,481,110,346,89,186,240,194,43,377,762,2.1025848029215357,11,1,1,0.0
7066,1000,269,423,174,431,285,130,251,76,40,452,442,2.334447378684591,8,0,3,3142.8497684743156
5468,2623,528,386,299,248,82,145,303,176,57,283,469,6.896462466455815,24,0,4,0.0
9016,2863,215,205,168,456,78,113,357,56,54,207,260,7.087120195165691,12,1,3,3911.888206064062
9850,2356,686,393,111,465,82,128,465,87,38,128,193,7.063085656302979,26,1,5,4634.213217098566
4390,2396,373,233,274,339,149,123,493,170,38,282,240,8.20153191236402,28,0,1,0.0
6354,2163,473,107,131,105,194,188,374,100,72,220,166,7.933947921418928,4,0,2,1981.297248968338
7135,2218,723,127,191,336,379,60,313,157,57,179,43,6.271856192829416,29,0,2,2234.9305183894444
9078,2278,418,370,231,464,114,24,379,152,21,487,168,2.269540528216152,6,1,6,4012.866997512034
9332,1196,712,322,218,366,171,25,288,192,87,263,863,3.536182087616393,20,1,5,4608.208214915903
8089,1231,598,107,237,435,92,81,232,193,36,131,888,4.117411430523193,28,1,0,3852.058604891967
9108,1594,310,409,186,337,258,35,179,146,56,323,573,7.069473454584488,19,1,1,4651.747113931588
6607,1151,663,233,93,238,279,107,200,60,75,369,74,5.36398635535007,18,0,2,3036.4881175363453
5583,1594,292,128,105,264,176,129,457,145,46,311,793,7.423782898413791,24,0,1,934.0120495151315
7073,545,650,214,271,381,235,166,163,141,54,373,50,1.588756051622594,1,0,4,3900.470256383821
6075,1570,595,133,52,284,286,102,111,176,66,297,606,2.323331369523941,7,1,5,1822.7364072781052
6906,1945,750,106,147,253,140,142,222,197,27,323,462,0.5723398430580551,3,1,3,2197.73996856087
3289,2696,678,139,146,205,92,184,464,78,22,236,395,5.8513405576702615,12,0,1,0.0
5480,955,515,429,140,248,95,83,208,65,82,381,757,9.65189234965429,29,1,3,1659.1540585062533
9614,2162,552,496,108,284,74,116,286,143,38,464,729,5.434620846143656,23,1,5,4054.6181297593635
6252,1465,438,161,122,370,244,88,451,194,65,214,942,2.204533081115133,17,1,4,1617.582065589524
9771,2520,303,185,190,458,398,154,305,86,83,205,304,6.163851502382938,22,0,0,4684.340326496803
3278,1368,228,312,207,290,148,61,470,126,29,374,330,6.799974048129112,2,1,6,0.0
5924,2028,288,215,102,262,305,172,146,67,38,425,368,5.778541779457492,10,0,4,1384.8455925889873
3580,1500,574,164,257,494,379,75,408,120,15,229,725,3.7207521904035747,4,0,5,0.0
7958,1273,596,396,228,300,343,194,198,173,35,383,475,8.297442693414917,15,0,3,3459.130790774817
3253,2791,762,478,91,205,295,104,428,188,70,211,277,4.915861507268416,19,1,4,0.0
7276,2929,563,269,203,314,215,127,333,68,95,311,852,9.89108891800513,1,0,6,865.2851404347336
7776,1626,346,215,236,423,306,197,320,119,52,305,875,2.4335833188671616,28,1,0,2785.5615000917373
3824,1560,513,421,118,319,359,104,177,165,56,295,949,2.232512873329914,7,0,6,0.0
6832,2177,747,215,159,444,327,110,316,102,35,328,841,0.752010869500177,23,0,3,1090.461604096092
3699,2043,651,320,268,316,238,52,273,59,90,397,820,3.9892323383764494,13,0,0,0.0
9709,896,705,494,256,128,235,45,205,50,10,385,293,2.4845415823735295,9,0,5,6029.917300885501
8445,2843,685,456,141,337,231,36,264,50,82,373,536,8.332299157925679,22,0,5,2400.1600989580456
4380,606,300,149,52,163,324,40,212,96,35,224,252,5.199546549719455,27,0,5,1898.988524200985
6896,1453,306,426,90,195,276,21,245,152,73,236,102,0.6011834693339324,29,0,0,3357.6527099537016
4673,2348,490,435,174,253,83,98,231,187,71,362,909,3.574535910979307,5,1,1,0.0
5727,1433,548,178,50,127,256,63,183,185,15,455,751,6.956138392068809,7,0,5,1466.4302737463759
9534,787,787,119,242,439,93,90,100,102,71,408,546,4.858591560923156,22,1,4,5678.963143849986
8734,1205,426,478,164,275,294,55,352,155,75,306,584,3.51787404308089,13,0,6,4296.23879176287
9053,2543,795,136,119,350,303,65,123,53,51,212,165,1.5518780139389743,24,0,6,4170.665123531146
6156,1984,787,358,252,293,158,197,397,98,36,232,445,6.655498761967998,23,0,5,972.5875737929764
6388,714,249,192,175,378,372,86,287,161,74,142,612,1.7775859215905387,21,1,5,2997.5614752392567
7307,1804,357,286,99,138,163,22,210,167,39,201,515,8.70257296286095,21,0,6,3360.2191643760266
8634,2477,527,456,287,168,327,138,123,124,91,313,846,9.893301014640988,25,1,1,2757.796223727991
3383,1982,276,300,129,376,286,180,155,114,94,186,412,5.526931176321566,10,0,3,0.0
8810,2324,653,387,146,219,78,64,168,133,74,240,713,1.1712077752944372,13,1,2,3570.1381543191824
3341,843,509,147,265,185,271,44,117,83,56,425,800,6.855429366703269,17,0,5,0.0
8934,693,526,352,108,276,367,184,327,146,41,400,134,1.3289480131786124,7,0,3,5384.91658342604
4987,657,707,145,273,193,320,183,493,63,43,461,756,9.018978077410136,21,0,5,756.1565450510443
7059,964,306,469,123,191,291,54,157,125,56,453,592,5.859669440328789,17,0,1,3290.635439144388
7939,2651,440,330,112,180,146,38,262,50,23,357,771,8.003502219653969,10,1,4,2573.836271192847
6109,2581,634,194,74,440,392,64,231,57,14,492,457,6.249020419525868,10,1,2,386.4566424308319
7082,2249,227,402,187,327,312,131,318,195,45,249,192,5.259983295032342,1,1,3,2209.4932174206174
8630,2872,448,317,126,482,389,165,479,182,18,429,361,5.252268677746811,1,1,0,2462.3525097570637
7515,1091,563,139,173,187,56,174,430,176,44,440,339,7.39415198265028,17,1,1,3653.533702369789
5798,2688,732,486,178,449,322,113,383,177,34,352,454,9.025656522821327,11,1,6,0.0
6240,1554,671,302,148,227,337,50,238,116,84,287,776,2.1893117057362446,2,1,4,1267.466418732126
4988,1383,738,215,63,397,384,186,102,199,55,238,543,1.1387664009526999,21,0,2,379.2002539363729
9028,562,788,190,198,289,254,86,455,183,22,216,283,0.5638780646019104,20,0,5,5315.675458050585
6414,1610,612,157,289,454,233,169,358,137,70,459,219,8.667314078330783,18,0,1,1400.2553989738542
4849,803,768,109,296,233,367,199,380,86,39,376,61,1.2238811432913743,22,0,5,922.0832243649595
3305,1584,364,355,235,235,107,29,431,170,41,309,1,6.287022349844681,3,0,4,0.0
6613,895,775,416,293,424,160,136,111,84,39,293,635,3.1325298456737194,1,1,5,2490.370423190352
5749,833,247,348,87,139,235,27,152,176,91,152,899,5.632797972250624,13,1,1,2187.711322845441
7964,910,683,466,50,237,180,53,353,85,65,320,252,0.8494177824914284,15,1,6,4290.1779654805405
9680,2831,357,476,133,386,138,165,195,173,76,469,592,5.803185706879753,25,1,5,3635.4188408048844
4135,965,350,416,297,355,385,31,331,50,80,249,325,8.779444692658364,27,0,3,275.97337944450254
8530,579,424,105,182,385,167,115,365,136,64,435,519,2.659407736533584,16,1,3,5011.672805135684
3205,1600,459,430,281,184,306,149,211,140,17,379,941,3.217423377378262,19,1,0,0.0
7591,2477,586,287,93,416,159,36,146,116,52,293,139,2.1811213718376097,15,0,2,2549.770866992396
6450,1232,455,334,273,126,116,199,281,126,57,450,638,1.2983662439857113,23,1,1,2194.8078161798917
9005,2317,260,470,242,329,197,95,334,52,67,253,914,0.7239569460191642,17,0,0,3560.3590706645405
6811,2063,595,282,286,390,269,90,353,75,41,298,890,6.702476169367913,26,0,2,1147.9493808125765
6622,1884,596,386,299,415,263,98,106,52,87,392,220,3.464633116129251,18,0,3,1808.1712086729697
6599,2624,361,222,282,387,111,21,443,105,78,245,735,4.580809535535982,21,1,1,826.2086102339081
5551,1687,579,257,293,445,105,46,387,77,16,254,155,3.217247250188552,2,1,3,1193.8707752930072
8141,1698,642,422,106,231,361,173,378,79,83,321,644,7.44327984411929,24,1,3,3027.9987162807342
7308,2111,548,112,297,190,383,172,405,136,29,173,170,6.826938446905046,12,1,4,2463.6735226610526
3309,2792,230,414,153,455,384,159,473,195,71,332,368,6.657230368643239,12,1,2,0.0
5708,621,270,153,94,328,145,164,294,54,30,194,11,7.659005284831722,25,0,5,3534.7205739563146
4991,684,596,459,109,126,195,114,124,135,38,435,836,5.8296931119404904,2,0,4,1155.4297213095128
9896,531,637,376,115,402,97,187,105,158,79,374,800,0.9724839935592711,18,0,5,5899.30074854186
3271,1497,201,142,272,489,343,24,452,110,47,413,948,4.228131668993024,10,1,2,0.0
6642,2486,761,366,96,381,327,47,242,50,51,391,30,3.1678800548534483,22,0,1,1428.245424423247
7086,1068,334,208,287,379,252,91,290,113,12,260,664,3.424294741814035,13,1,0,3031.8212123470153
4822,2857,345,422,164,298,248,71,247,191,46,416,390,1.9599977295156357,2,0,3,0.0
6273,1895,378,265,75,474,378,161,270,90,26,489,998,1.6101233040599905,19,0,5,579.908423797688
9175,2179,463,450,186,399,173,153,195,122,42,179,920,4.663575425361515,9,0,4,3618.9456397977037
7538,1329,510,205,100,497,249,37,294,171,19,208,156,9.712438190483661,19,1,3,3827.2825261196244
9305,2119,403,150,143,496,124,56,359,108,46,103,202,0.2229240994545867,22,0,2,4848.374148029319
9910,1579,229,303,159,253,206,118,335,86,42,223,276,2.82504155742605,8,0,3,5948.589148398765
7349,1290,258,401,185,398,183,54,105,99,37,236,55,9.656700505175367,21,0,5,4116.107360282455
3520,1493,208,142,54,142,361,145,158,63,96,380,534,3.5662535699602484,25,1,5,0.0
3976,577,523,382,88,421,169,36,348,192,51,167,773,6.545307256958173,10,0,0,294.07301888141615
6722,607,366,184,117,209,61,129,151,74,67,156,741,2.675862136996452,23,1,6,4006.869264948889
6551,1796,536,316,89,210,284,107,374,141,57,424,726,5.4206762133241595,22,0,1,1353.2243035111965
7105,2562,578,257,85,100,344,29,221,57,60,125,73,1.7353074803869206,15,0,4,2641.3653829007526
5773,869,441,449,198,239,157,70,125,171,19,190,635,5.386861360197611,10,0,3,2309.949121486656
5552,2752,359,226,146,465,82,131,403,191,17,103,930,4.792636230206795,19,1,0,0.0
5832,2504,434,290,75,277,169,100,316,133,25,120,388,8.348235221721156,20,0,0,885.8733519400123
6907,2203,652,365,153,159,305,71,282,91,71,223,251,8.04035650990698,11,1,1,2057.4977870027324
8679,940,398,486,152,282,132,83,188,62,58,308,317,1.82350284429726,4,0,2,5302.203249078038
9579,726,676,159,124,381,230,52,137,68,98,362,593,9.402773764778804,25,1,2,5922.289992240722
8230,2901,232,382,134,412,277,116,183,83,24,332,852,3.8943299664472866,9,0,5,2308.846446204309
3152,1122,607,478,289,495,324,36,488,150,25,190,846,0.505915161900482,1,1,2,0.0
8754,1524,288,161,263,320,235,143,207,166,90,212,715,0.7653960733417098,15,1,1,4442.8797205518395
5964,2076,420,401,162,488,390,196,262,104,36,214,551,4.1865703322759975,7,0,0,732.8089015406275
5916,2143,268,225,105,326,260,127,296,146,56,496,252,8.874387303489014,16,1,0,1226.6147978137692
5800,1684,493,271,106,490,298,146,352,182,35,410,637,1.5631602657950583,5,1,1,611.0376161195686
8952,660,436,162,236,243,92,26,326,92,81,194,198,4.8066916441572864,17,0,1,6026.704152477715
8310,1370,359,359,177,323,122,131,102,153,50,295,475,5.388225085233036,5,0,4,4394.542265438694
4752,2245,489,115,150,151,391,146,396,66,20,108,994,8.912295488147238,27,0,4,0.0
5610,1674,753,278,299,180,68,29,259,138,18,413,636,0.12409203111669709,3,0,3,1020.996111562679
6875,943,777,429,184,248,214,50,391,118,63,208,646,8.9024134343749,12,0,4,2729.881568521022
4104,2290,732,467,219,126,316,44,129,64,20,385,401,2.700929593769353,23,0,6,0.0
5536,1994,534,200,190,331,177,84,215,91,16,467,815,8.714878678160591,15,1,6,373.55897361962076
7990,962,781,275,133,210,350,190,468,192,37,205,723,4.240209135466811,9,1,1,3377.1583738293257
8207,972,701,292,256,471,367,150,266,105,71,160,473,3.273791889427579,23,1,1,3779.269264441537
7199,579,445,400,279,178,191,74,192,131,64,166,97,9.899522137099346,5,0,1,4380.0839342599365
6854,1562,522,486,211,378,83,67,317,83,45,472,230,7.824744395537372,12,0,0,2306.9786594486527
6494,739,528,372,149,226,147,84,208,167,82,346,228,4.851861462642807,11,1,1,3113.6590983650003
4914,1056,746,360,230,380,259,132,188,118,72,376,717,3.736003506725111,2,0,0,176.24970491443162
6072,1089,538,274,95,494,365,134,287,69,60,367,334,3.19443412867896,17,1,5,2075.6885281430955
4006,1860,370,333,234,418,369,79,283,191,86,437,79,6.91664153932579,22,1,0,0.0
3406,2384,309,399,110,440,247,33,309,117,57,378,504,4.166801788761262,21,0,6,0.0
8497,2475,209,315,266,281,305,106,473,90,77,244,278,6.498653543338337,15,0,0,3489.1138804866405
3166,1803,401,346,105,218,91,100,285,99,19,288,865,4.155117469245241,29,1,4,0.0
3508,1639,456,120,78,365,153,33,381,96,35,200,467,3.7147508547636376,29,0,2,0.0
4661,2816,461,423,160,277,371,156,488,175,76,215,786,3.3174642254960762,14,0,1,0.0
9456,2439,629,342,141,300,238,104,283,106,62,351,137,9.189366979552645,24,0,6,4244.3479040702005
6664,834,706,387,191,467,371,192,460,181,52,367,177,7.663631565845787,0,0,0,2291.198772586194
6489,811,265,379,245,484,392,21,236,55,26,346,801,6.551153050291546,18,1,5,2424.0111415283627
7858,1576,778,343,151,169,111,179,387,192,36,275,103,6.654013405529367,5,1,5,3621.5522223146595
3680,533,788,262,120,257,192,27,432,158,31,121,229,1.8219880388513732,14,0,1,622.1103859431023
5524,2341,234,245,62,410,271,55,206,131,45,458,434,9.355735676884713,28,1,4,593.6607282258057
5120,885,756,166,194,197,69,184,187,130,81,336,839,1.0561255931916713,4,1,5,1194.023621790885
8260,748,690,202,206,304,329,34,224,149,42,104,306,2.2405120516294352,12,0,1,4826.722900118863
7677,1634,779,409,130,185,314,53,296,156,99,347,980,0.24182212136435455,1,0,2,2362.6357558157515
7357,1933,453,224,149,489,297,168,209,138,62,342,448,3.690338765767799,20,0,2,2349.4870289694873
4363,1702,216,216,132,460,165,28,417,164,20,183,812,3.074597786494743,23,0,1,0.0
4331,1293,460,350,267,379,304,59,147,126,38,435,624,8.421290008856467,14,1,1,0.0
5292,1351,455,420,165,184,346,45,421,81,47,162,681,6.668666541899811,13,1,2,694.7222102649628
4538,875,623,469,286,458,62,169,289,196,67,303,635,7.929883682062706,8,1,6,157.25243005274382
6408,1223,700,325,174,314,95,160,210,80,24,361,337,1.4870636994147268,8,1,5,2410.837395570972
3560,2110,485,287,250,232,383,44,321,93,63,353,826,5.709300925842562,5,0,0,0.0
4099,2413,206,286,51,490,291,134,168,76,71,163,630,4.897975966820418,8,0,0,0.0
4903,701,696,175,111,486,120,110,283,178,66,413,560,4.264214183024421,13,0,6,877.6842613926535
3174,2992,398,372,69,346,108,162,429,199,88,353,406,9.932888588820775,29,0,0,0.0
5156,2442,617,248,264,240,253,64,471,185,80,224,510,4.4654605016495665,4,1,0,0.0
5230,2844,251,294,259,175,100,40,263,118,67,152,911,1.0688665241985207,1,0,3,0.0
7287,1831,442,463,233,489,65,108,391,73,58,483,302,0.33139917101246863,5,0,0,2465.308024383901
7160,992,418,383,139,197,100,59,106,173,62,197,169,7.980152284814151,24,1,3,4202.8730006786545
6920,837,717,143,229,402,273,194,320,82,38,224,920,0.09652553008880127,11,0,0,2563.045185778152
4497,2468,308,269,202,154,177,105,318,189,42,203,580,9.179455721637698,24,1,3,0.0
6854,2365,550,193,111,404,219,80,484,53,55,119,586,2.0852437804109103,25,1,0,1583.7414366614298
6171,1291,265,323,66,358,316,33,157,113,63,230,298,8.815323833940838,0,1,5,2850.638330394273
4567,2016,209,377,88,121,117,107,375,109,89,490,877,7.9420500432055,2,1,5,0.0
4151,2522,401,137,290,134,170,86,150,186,94,358,645,2.1025100748269763,22,1,0,0.0
9033,2864,413,369,59,127,229,95,314,91,16,335,494,8.363035860974616,26,1,2,3505.7244905552884
3368,1441,267,334,236,269,275,194,260,102,38,400,141,3.2117575915550067,18,1,4,0.0
7946,2622,526,210,202,239,377,163,100,109,18,487,25,2.0850530322652707,24,0,2,2860.2626158241505
3042,558,249,477,159,228,240,90,166,155,58,261,730,2.1442454100568265,5,1,4,0.0
4907,2933,216,267,77,199,350,37,149,191,80,425,758,8.737089584544913,1,1,5,0.0
6490,2562,722,153,267,472,300,192,134,100,87,312,653,0.14604176979669536,22,1,1,484.2503854661299
5535,1754,505,496,253,346,55,42,262,170,97,355,379,7.398202529816085,22,0,6,741.1247531076468
7173,2746,591,226,110,122,311,45,414,114,60,285,311,8.02513951021261,22,1,6,1681.8267633072937
5873,1877,323,374,107,456,140,149,432,71,17,151,362,3.7055307583629427,12,1,3,1631.6959102282015
4824,534,703,141,93,383,243,169,196,71,64,239,156,7.059646546852807,17,1,6,1659.8627468960058
4293,661,424,140,290,212,378,134,112,176,74,150,977,9.050746885891854,27,0,4,845.618529282948
7769,1394,517,149,132,472,113,185,377,73,93,184,209,5.43417946461814,21,0,4,3913.0428420259086
7796,970,672,486,200,296,343,189,155,79,88,210,205,6.532377478474725,3,0,2,3943.0118088751724
7854,1946,740,258,255,263,275,175,488,89,24,234,127,7.003436170812462,1,1,6,2821.3098769254157
9019,847,557,431,174,480,383,82,180,130,60,214,696,9.616435570918526,16,0,2,4821.634596436531
9871,1193,682,498,194,409,112,36,301,187,43,289,245,4.199415981313548,2,0,1,5523.805430845563
6386,1434,628,281,128,155,120,131,350,82,78,139,838,5.592142980827763,14,1,3,1987.5158201510978
5972,1412,696,280,134,109,69,134,318,121,95,209,859,4.671535865363277,10,0,3,1632.8682565662668
6922,646,671,265,87,232,382,21,114,54,21,124,260,3.15694112376107,21,1,0,3878.7459075841034
7997,2211,770,331,79,497,294,118,208,111,54,220,48,9.430955296960663,20,0,2,3099.4293454359367
3992,1174,499,305,196,251,113,98,397,69,40,361,103,4.8945050926102995,8,1,5,335.7787245726968
8287,1939,283,454,81,290,342,127,492,168,63,318,572,9.30746319552369,20,1,3,3190.4011622499816
5386,2017,576,149,270,383,274,135,223,169,31,454,176,9.910336483472618,1,1,2,390.733014626779
5240,1779,512,245,263,376,315,128,170,92,81,143,974,8.572195452285731,22,1,1,270.6385634778761
4476,1185,519,397,69,342,211,197,284,116,73,100,304,1.6518281645852628,5,0,2,741.4005823707329
9426,1626,403,244,151,431,94,162,493,113,69,180,97,0.3841389659786132,4,0,1,5273.878259345215
6407,620,554,115,279,375,368,165,291,151,37,488,68,5.414252113270532,11,1,5,2801.2835714121884
3389,2966,493,184,113,289,318,96,496,95,30,413,627,5.381526083040042,12,1,1,0.0
3999,2897,703,315,85,214,74,57,499,192,84,195,67,6.04833238555516,10,1,4,0.0
7620,541,344,151,242,451,349,155,427,76,84,400,144,0.5700377792373357,27,0,4,4140.7784798065095
4855,528,738,135,260,406,274,99,159,72,96,268,128,2.895483047795694,10,1,1,1732.1615589764897
8602,1465,216,206,220,457,123,167,130,57,86,262,60,4.971134821795397,9,0,3,5205.39106122078
3658,2415,774,318,75,395,165,45,154,173,52,263,265,5.14351806432191,20,0,4,0.0
5763,2500,775,436,56,333,201,182,261,193,36,141,929,9.465784309910848,21,1,3,0.0
6663,2561,238,470,83,440,118,140,324,158,32,301,636,9.65507962944881,4,0,6,1151.825705258438
7986,1419,329,397,213,180,251,100,231,112,99,101,700,8.895874732798244,4,1,0,3940.2700693394095
4481,1317,314,353,183,292,352,173,201,186,45,373,433,2.5033123360604383,24,0,6,319.9326485023694
6731,2008,649,167,214,470,140,37,445,196,47,262,544,6.4092964412389275,5,0,5,1409.6339547576015
3451,1712,244,286,111,463,99,191,323,120,25,377,425,2.7410600462981205,8,0,2,0.0
5475,1371,415,223,135,357,338,154,330,161,83,410,602,9.506447763797913,11,1,2,984.2798590374096
6222,794,799,129,294,330,141,54,461,74,52,424,215,5.061060598229038,2,1,6,2479.50170737983
4537,1363,614,284,122,113,284,31,158,73,50,251,498,8.28364574590313,22,0,4,428.8458510829619
6093,1537,464,388,284,113,365,140,396,88,53,131,183,3.9300464955306036,23,1,2,1948.4384968955028
3882,1094,639,458,177,143,78,132,317,150,61,197,628,3.8147081194762245,25,0,3,0.0
7408,1682,580,152,109,309,221,63,382,147,26,328,362,0.33702546795985944,16,1,2,2891.499526548957
7068,2017,500,499,270,139,222,60,178,69,61,468,91,4.5948216199866465,14,1,0,2463.316855746463
7935,1852,370,276,113,133,285,73,248,54,52,494,722,6.436233111824094,2,0,1,3042.0155820777895
5566,1113,605,232,227,334,91,148,467,172,32,365,181,1.2986504739583082,28,1,6,1553.6114343444924
6277,2372,554,461,101,420,198,44,190,69,10,470,193,1.8484673143108021,28,0,2,1274.2359562358827
3374,2103,360,176,194,333,337,99,325,188,34,201,442,9.716357754455128,22,1,4,0.0
7546,2083,751,449,109,373,262,141,468,174,15,301,896,7.315992873830157,18,1,1,1621.220630123256
6697,2092,225,159,126,467,224,34,238,197,83,270,172,9.085416473975922,7,1,6,2364.203132099563
6062,1655,282,466,168,389,148,94,442,55,63,106,792,4.76148938306641,4,1,5,1437.3145828731203
7690,964,372,410,258,442,169,120,213,75,87,403,258,1.7917430022863123,5,1,3,3801.150594565899
6250,1979,269,190,231,435,352,150,121,182,32,344,454,1.6637269989631465,0,0,6,1310.4173213562708
8329,1790,205,397,299,328,66,192,122,53,28,176,88,5.416490197374819,9,0,1,4463.883587334526
7595,2942,394,424,187,479,78,139,164,140,65,302,590,7.153886142535482,8,1,6,1602.0428709024693
7559,2793,724,379,174,417,97,64,158,187,62,235,627,9.158888284203028,12,1,3,1548.0074418527365
3112,1067,262,298,202,227,338,198,188,140,40,199,568,4.071616225846467,9,1,4,0.0
8131,537,212,217,67,425,177,189,297,57,47,106,579,3.2548531205542797,6,0,4,5195.854665785459
6197,744,404,282,113,308,117,186,213,175,28,365,129,9.349617288420287,14,0,4,3329.2544223644027
5378,520,239,497,290,403,88,39,468,165,10,495,5,4.536122789484381,20,1,3,2287.494896170535
4924,1633,364,154,285,179,182,165,127,148,86,253,120,5.205035383383899,9,0,0,1118.1252698773287
3139,2129,230,370,128,394,168,135,309,77,59,104,738,4.4923459803317956,27,0,1,0.0
4424,893,728,104,108,275,373,186,338,186,67,274,289,7.682378452253991,20,1,1,685.6725716687212
5949,1933,597,200,204,332,101,118,356,194,90,362,852,0.7116995198651244,19,1,3,551.0341671395086
6168,1486,658,487,107,425,185,48,384,173,41,391,124,8.363989673509902,16,1,1,1642.982854920261
3516,2171,422,385,110,435,296,39,145,82,58,106,374,3.9193273573428087,0,0,5,0.0
5616,2555,277,152,260,364,218,189,432,105,53,397,570,9.659135649561875,15,0,4,263.35493169528985
9043,2875,799,317,167,384,119,98,284,110,38,353,21,3.0047672707359463,0,0,2,3637.6378092976347
9989,2410,627,428,128,217,85,115,239,162,97,455,435,4.70291954998848,12,1,1,4547.899442137435
9261,789,624,385,286,265,337,31,266,86,57,341,872,4.223947880826145,2,0,2,5074.237139639616
3887,2286,586,339,120,417,54,75,491,62,89,281,220,8.014247854781596,3,1,4,0.0
6104,1411,438,313,220,241,197,134,312,89,86,361,240,6.715676859251993,19,1,1,2136.092683507454
8437,860,289,203,281,346,286,31,258,152,35,164,525,6.468581048875985,27,1,5,4999.595584320302
3049,2122,584,460,293,276,117,72,498,104,16,101,937,7.143248082299389,13,0,1,0.0
6951,718,338,463,257,398,280,117,138,63,53,166,496,9.590735884792272,20,0,2,3340.0848735157597
6560,2953,723,321,137,443,199,27,201,57,23,202,838,4.779560392010307,27,1,0,349.8862032509749
3018,2515,443,439,136,363,270,77,435,188,61,325,708,6.5168528393474805,11,0,6,0.0
7821,2540,704,447,188,267,310,43,209,118,41,369,142,6.838956214966425,3,0,3,2443.9755950137887
9340,2544,621,288,137,124,315,128,363,94,84,348,51,8.57079781311051,20,1,0,4188.736285291808
4473,1331,381,426,182,290,163,80,397,115,41,444,751,2.8821318334861368,4,1,6,6.51917534963107
7061,2293,394,423,235,487,214,148,434,79,84,179,717,8.063352060930525,13,0,3,1370.9359936888427
5606,2291,252,410,88,114,105,108,433,126,93,227,484,4.9925743556770685,18,1,1,855.1515837357709
3451,1743,378,198,225,115,391,97,195,173,66,306,802,0.16160227399781624,11,0,5,0.0
9432,1094,492,196,271,409,299,89,160,87,61,140,828,1.5307440571858444,5,1,1,5328.519839564596
8260,2654,574,426,129,226,292,192,238,153,43,299,880,8.393612082633826,26,0,5,2182.2989775504984
8203,1080,258,172,69,366,51,156,329,130,70,349,376,2.682835681745135,3,1,0,4807.728661830977
6765,2247,253,355,270,127,192,131,131,192,71,409,347,2.969963004917968,11,1,2,2084.8479305927785
5438,2555,444,330,130,362,218,148,487,111,95,229,100,7.35154206211499,0,1,0,161.9848671133525
7310,2736,348,269,68,469,112,171,232,146,96,224,345,6.859099836294865,5,0,2,1978.656204735374
4549,580,567,432,237,483,203,79,334,79,85,205,965,4.503275482375136,23,1,4,246.15005353801828
9358,2655,215,256,203,393,399,195,431,56,40,445,943,7.300645831435717,16,0,5,3148.5943006936673
6474,1844,375,321,256,251,304,186,334,88,38,117,302,6.1040635251001,2,1,5,2153.2769084057245
3127,2102,739,463,202,167,115,37,341,65,40,246,199,1.8302253984507855,4,0,1,0.0
8941,845,605,445,192,136,334,124,394,102,21,264,969,2.7680101411131917,6,0,6,4562.480063371882
7855,2386,666,198,261,475,237,111,348,127,44,195,301,0.6420557932148208,26,1,0,2276.0323188382877
9547,2875,328,319,271,134,242,71,122,171,66,188,533,6.615269363868752,8,1,0,4335.190543753215
8911,1054,422,343,198,233,345,21,324,144,50,446,713,0.5543413889697091,9,0,5,4645.635478266287
9481,801,443,358,224,465,60,120,243,77,36,314,82,7.427220176101724,15,1,1,6171.76863293592
9974,699,625,293,212,260,229,183,405,137,24,302,287,5.328051124161438,28,0,3,6369.386862905057
5761,1562,553,474,221,471,392,67,494,164,80,248,397,4.387706802531813,7,0,2,671.1860172869137
7456,806,525,249,183,323,139,136,171,188,45,270,23,5.968237221365885,17,0,0,4332.692710837354
7664,2156,202,466,165,209,272,107,324,84,33,450,273,6.195558558949429,28,0,6,2901.151501533178
4415,2371,678,254,150,201,384,54,147,188,91,413,502,5.8443948115803215,24,0,1,0.0
9361,2726,280,121,252,454,275,100,133,66,33,134,885,7.132395574736431,17,1,6,3858.098837041414
8693,2346,243,215,200,281,152,113,353,104,85,454,794,6.360671844308694,13,1,0,3208.435146262354
8788,2264,354,212,285,497,386,134,162,131,37,499,785,4.830822760405464,14,0,3,3067.5637244140366
3201,775,735,310,88,246,281,91,201,75,84,407,381,8.295373246336371,9,0,6,0.0
9160,1675,298,123,250,315,316,189,116,96,12,338,323,9.736715764414303,21,0,6,5195.412773454641
5369,1901,596,382,195,238,333,99,340,75,12,386,412,6.125898593215551,19,0,2,479.3241836953116
3517,1137,370,391,287,426,239,57,389,106,38,432,670,7.120997002894614,25,0,2,0.0
8444,2275,347,462,277,287,97,173,355,169,41,333,130,5.0844929169944875,23,0,2,3511.662330121231
8531,1429,322,155,217,187,333,50,460,128,63,310,80,4.008818533747643,19,1,5,4814.109204280538
4341,2380,311,365,289,346,351,199,166,75,47,237,194,8.608076255700446,24,1,3,0.0
7776,682,329,153,85,285,104,27,379,90,65,147,838,1.9466902161307809,17,0,0,4665.713050749705
4988,2344,267,436,205,187,388,54,365,196,74,424,926,6.902987640480775,19,0,1,0.0
6545,571,744,207,241,433,168,53,104,50,30,354,508,1.3722644493652036,22,1,1,2993.371758108991
8587,2176,485,301,132,251,51,157,130,83,50,419,218,7.666157251647857,17,0,2,4098.184694019714
7520,1795,204,301,143,366,273,187,251,151,29,466,637,2.346465768145224,16,1,0,2531.435845879897
9064,2816,317,436,235,299,285,127,366,137,69,404,485,6.0701619510477025,1,0,4,2905.9655679698303
6802,1543,429,482,215,482,252,71,150,137,84,359,898,1.393220124347524,13,1,1,1743.276699915993
8808,1314,359,317,292,434,193,159,346,114,68,267,460,0.005995062906045678,1,1,1,4415.732950017092
6275,2026,493,342,256,345,60,124,147,123,83,175,785,7.414372321286572,5,0,0,1188.708672628089
6654,2694,385,453,221,315,308,174,433,53,64,336,125,8.752159207448758,18,1,6,905.3927640468644
5434,809,751,487,253,173,347,166,231,191,12,396,85,7.995299806458588,15,1,1,1388.912165069817
7873,2561,423,277,51,259,206,76,235,70,23,402,172,1.3285717618192272,6,1,5,3029.1063439915674
9241,631,351,160,122,354,246,73,106,113,54,270,651,2.3468075061646254,26,0,4,5880.7051944941395
8922,2377,339,135,84,116,141,34,218,151,69,419,38,8.244250489190462,29,1,3,4833.73585529855
3207,2986,566,457,178,237,382,129,387,118,58,498,945,0.16810338551593196,3,0,2,0.0
8633,1239,327,145,223,105,202,184,441,59,18,128,701,5.28423475320245,25,0,3,4753.3476127911
8755,1294,550,194,237,318,183,165,377,148,63,257,694,8.357785541287303,17,1,6,4381.601937551136
5633,2810,346,426,112,100,165,63,317,81,79,128,786,1.9522237860359304,9,1,2,136.72751102123925
9309,757,484,143,144,163,116,110,214,122,61,351,429,1.4410325544630564,1,1,2,6207.194702495217
7117,1757,668,419,269,308,199,121,263,192,72,306,93,1.8171205799368861,26,1,2,2554.1422502873447
3153,2956,417,325,94,100,305,147,384,52,61,447,629,7.5561778393353976,17,1,3,0.0
9058,2351,635,245,174,456,90,103,322,153,31,389,564,9.652097445697654,3,0,4,3617.989355623225
6366,1474,344,368,234,288,230,168,185,84,64,495,363,2.1109912242500894,7,1,1,2129.649897597354
7314,1547,476,112,86,346,237,48,288,164,12,235,891,1.0863164978189133,25,0,1,2797.2848703931263
7764,770,259,124,56,356,88,126,476,103,11,216,990,2.7082975829720333,10,1,6,4144.154919725135
4518,1618,574,360,159,273,360,34,152,135,68,355,976,1.1085863640187454,11,1,4,0.0
9373,641,603,227,193,208,376,105,427,161,37,475,219,0.05090167596261019,2,0,1,5418.312230680827
9163,1401,313,138,227,159,266,106,440,133,46,217,744,4.498045491306071,5,0,4,4886.5733817437085
5600,773,694,256,191,142,179,87,114,150,78,451,67,7.5138146549227045,29,0,3,2409.73566551432
8045,2823,535,463,274,137,313,107,226,132,18,187,260,3.1114168535527265,3,1,6,2437.902290493983
5195,964,768,284,183,462,163,83,275,147,71,488,674,3.310151368939267,27,1,2,664.3777495385413
7498,1731,484,273,238,357,112,33,217,84,41,246,646,2.2784922024832657,17,0,1,2973.432134094135
7691,1819,328,493,198,181,146,184,281,148,90,174,399,1.3164905556334539,12,1,6,3330.210553441377
6554,787,514,285,187,495,379,73,167,162,84,180,89,0.66773028468461,2,1,6,3035.598144077938
5414,1375,797,380,81,320,67,78,424,172,44,255,147,5.702230114496524,3,0,0,1265.2005438459523
8533,2492,270,173,183,210,254,147,455,193,56,379,131,7.640758166797353,11,1,5,3452.2336869469023
5849,2727,544,394,51,364,262,74,291,130,27,265,95,5.036706372207174,14,0,3,417.1082896930759
8253,1620,297,115,88,235,146,190,293,137,45,303,712,8.44242507224051,10,1,6,4028.7318367337953
4742,1714,499,287,98,435,328,199,277,118,28,386,898,4.617532736708333,10,0,4,0.0
4306,946,375,271,76,417,285,58,146,199,34,147,700,0.7122364308871909,24,0,5,617.0641759913892
6849,1221,274,285,105,122,217,96,496,61,55,486,628,6.040380776982332,10,1,3,2831.0209263546644
7168,2663,342,131,63,448,109,166,241,142,69,303,370,7.150991994531722,12,1,2,1960.5164282004268
7576,1851,222,162,200,158,134,183,108,107,32,331,991,1.234148038257744,14,1,5,3160.012001033348
7655,906,380,448,152,365,310,199,111,88,87,358,108,5.2356754341770095,20,1,2,3999.585222257955
7840,2225,244,400,167,239,215,63,191,55,36,472,817,2.9719467747449944,22,1,6,2615.543695246201
8562,1193,668,408,171,480,277,65,112,57,44,265,565,9.625411723462005,28,1,2,4159.428985044247
7195,994,291,288,262,215,109,116,376,119,86,384,439,2.118705157859948,14,1,0,3522.528920329035
8178,1447,468,405,154,303,213,187,137,104,64,331,372,6.826235447560843,16,0,0,4033.7089640370714
5555,522,233,125,228,257,279,99,407,143,45,207,641,3.0860910131319166,0,1,0,2420.0859165701913
5305,1628,781,486,271,429,131,166,381,110,97,400,219,4.163499111836053,5,1,6,124.42685574197901
7508,2198,563,445,74,295,206,63,377,132,80,320,196,8.270591441720116,6,1,3,2602.07988631422
4088,1057,332,138,102,311,240,113,343,143,18,345,525,9.971799530198165,13,1,2,490.6004140290745
5642,2116,581,292,265,140,293,167,343,187,30,337,44,1.2102206667841453,0,0,1,786.370358719902
4177,1440,476,262,60,458,291,63,427,97,41,317,713,4.5950443307873,19,0,4,0.0
9104,1745,355,152,212,106,271,190,136,115,75,435,811,6.202680027742399,5,1,6,4454.840917916739
9409,2156,586,273,232,449,217,130,331,159,53,430,927,3.928420234847608,17,1,1,3561.2126219001098
7916,577,734,295,235,471,170,26,272,156,98,457,485,1.318417505521633,8,0,3,4102.433050488083
7757,1845,399,310,245,204,51,61,350,169,74,125,686,0.23875544310927865,29,0,4,2991.5331194794508
5994,1306,474,377,86,407,167,81,219,77,84,129,859,0.313023651919353,25,1,3,1725.5436670400507
3559,1541,700,287,277,144,185,21,441,83,89,333,256,4.975063045760716,1,0,2,0.0
5964,1267,658,489,254,137,379,96,432,106,96,202,251,4.1111261518863955,25,1,4,1713.207307613378
4271,953,249,407,58,263,176,65,113,116,24,442,189,9.792784363965636,20,0,5,1207.6865733011064
4813,2824,731,430,77,180,290,57,373,75,36,223,642,9.120687057650944,16,1,2,0.0
5915,1947,291,313,104,440,157,114,452,199,25,383,358,6.112374200162849,21,0,3,1072.4975192728555
3609,1999,655,428,223,157,348,148,234,156,55,249,280,4.746514386538612,10,0,5,0.0
5461,1550,538,128,257,401,161,194,287,86,81,483,541,5.732963735766711,18,0,5,674.3421629698131
7120,2388,252,270,176,222,212,126,478,180,57,291,375,4.6439849670117095,29,0,2,2101.2145989945298
9124,862,695,221,295,294,324,160,154,139,74,335,611,3.4670448533280087,12,0,1,4829.808791840935
3283,1024,203,258,119,292,68,79,389,113,28,274,997,6.1037020554513735,15,0,2,0.0
8568,1717,480,185,76,485,282,74,226,157,99,183,569,9.303599605405447,11,0,5,4045.5199653669174
5928,1985,489,401,59,203,69,126,400,153,46,201,669,6.459875824990442,21,0,5,945.242437009366
7396,2603,272,103,200,211,290,50,358,107,67,274,782,1.7743433039733503,27,1,1,2076.703263945089
4091,1753,336,101,198,231,309,116,431,189,64,439,222,4.758772190025499,8,0,1,0.0
8126,2355,592,232,267,195,98,161,199,135,62,147,682,1.7257465249678816,26,0,2,3138.933376051662
3816,1221,407,401,222,182,203,105,408,101,56,101,472,1.1943550621588972,7,0,3,0.0
3082,2483,459,178,175,269,52,152,258,60,12,378,636,3.2965604496595646,13,1,6,0.0
4920,1707,462,246,52,148,357,138,122,58,97,440,790,1.9917738432626875,17,1,2,198.91108063064564
6491,1948,704,265,236,472,341,184,299,182,95,488,237,9.35327695250402,8,1,5,1095.8130788916308
6144,1898,749,414,92,234,218,115,164,119,71,427,217,0.5586769519836254,11,1,3,1505.7704409205828
5093,2588,402,337,148,364,247,22,282,120,10,142,63,9.641392772533692,16,1,1,212.83798968264247
7713,2007,546,427,56,298,228,158,326,159,48,306,186,8.408044571563995,14,0,4,2967.070072626211
9405,1503,251,375,204,382,152,61,210,195,82,477,561,2.6127543389834464,18,0,0,5105.542312742041
3175,2807,792,303,239,134,268,185,178,114,42,200,405,0.9257405710178579,9,1,0,0.0
8285,2988,555,152,91,443,65,171,344,161,32,241,143,5.6699818218561004,25,1,0,3029.3935468618656
5704,1425,718,206,146,303,96,156,191,128,43,127,247,2.462598154125395,27,0,6,1921.3816222071637
7937,1355,562,154,53,340,385,160,239,103,58,173,336,2.5055005012476084,3,0,1,3878.17183115666
3369,583,244,345,267,448,95,105,100,186,58,105,666,5.73959689272122,4,1,4,0.0
4818,2593,577,476,239,422,149,165,366,120,58,337,144,4.576617019445321,6,1,2,0.0
5101,2987,611,263,185,142,232,29,150,186,19,354,592,5.069136261629951,18,0,3,0.0
7785,2042,341,114,133,363,265,159,328,188,75,119,851,3.1909004198132407,21,0,5,2952.302608457201
6490,1485,457,100,194,476,183,66,468,180,80,167,129,3.242245215008598,11,0,2,2691.254150977512
4779,2368,236,450,54,177,389,102,144,54,97,465,118,9.994186811156062,23,0,0,169.88645409346708
4364,635,244,236,240,135,366,136,198,199,76,130,419,3.9321414464597337,26,1,5,1380.648676361187
8528,1706,245,250,162,482,58,29,171,103,85,277,278,2.2297081997366597,4,0,4,4585.1717833996445
7462,2232,764,279,186,403,262,148,386,156,48,142,347,7.044680179524994,0,0,1,2159.052440892444
6342,1695,500,331,185,273,188,90,184,75,51,444,473,7.837699526328535,4,1,0,1705.5256436811637
7739,1408,487,287,56,234,271,138,280,116,10,188,106,2.3522622493193355,18,0,3,4025.4572137186315
6676,1089,468,117,86,429,370,138,422,176,55,495,940,1.0933379370004426,15,1,5,2020.4700096547942
5426,2451,261,324,277,239,140,158,316,171,45,147,562,2.940474523685773,19,1,0,345.3727039591527
3072,1455,765,204,104,154,364,146,396,185,53,311,331,5.2525715219968365,12,1,3,0.0
5962,1643,780,305,116,351,161,23,255,73,40,332,336,3.8078538529921113,25,0,0,1275.821327252727
8367,1831,441,285,185,378,162,105,447,62,67,216,936,1.5458046455641994,6,1,5,3194.519529901101
3859,2053,553,164,118,279,247,29,485,124,13,383,475,0.24577005368777383,2,1,4,0.0
6856,2842,270,432,54,112,312,152,427,158,62,220,394,5.0569589232004395,11,0,2,1516.7185559434618
7138,2306,612,471,66,303,366,143,164,191,98,300,997,8.705803013110238,0,0,1,1214.7918603396029
5424,2600,260,306,160,408,362,95,242,95,66,348,492,5.95437111614165,23,0,0,55.45102437145714
4064,1305,651,328,107,162,391,177,491,54,82,300,906,8.685789880338055,19,1,1,0.0
5217,1955,592,168,240,173,211,76,459,190,87,138,974,7.661711515253354,18,0,6,71.06312087847431
7017,551,728,241,204,406,133,180,441,193,59,492,409,3.431538677316033,21,1,2,2876.294596659426
5259,571,504,305,153,254,94,184,330,78,14,260,412,4.131822907887264,25,1,3,2042.3063139145286
8612,527,390,273,280,106,94,101,119,68,61,327,409,8.623445707295957,27,1,2,6001.803024836468
6751,968,277,296,162,474,320,42,432,130,26,329,278,7.053985048238184,14,1,2,3010.0570944721458
5086,1263,757,430,253,405,259,89,291,81,41,270,970,5.5940205183600975,19,1,6,79.78944866094272
3368,1924,724,406,141,442,223,26,445,95,15,356,899,9.473711999364893,22,1,6,0.0
5804,2748,500,296,117,252,296,38,394,130,78,305,371,0.46667716897268674,26,0,4,261.4982110077965
3150,1319,216,327,293,143,223,162,234,120,70,436,713,8.56860717021197,22,1,2,0.0
4134,1989,773,370,77,135,85,136,302,118,19,187,508,3.1866534854431294,18,1,5,0.0
8599,2175,633,298,138,196,351,105,258,172,32,340,233,6.491108155950661,17,0,3,3639.5799374311473
8555,1059,242,424,235,264,347,179,261,72,62,493,444,9.150313617353227,19,0,5,4311.185777080375
8166,878,267,114,227,333,207,98,302,172,70,245,231,3.5404467761221925,9,1,2,4918.783528989616
8119,2418,579,385,277,202,188,78,187,147,28,364,32,4.9509561096136965,21,0,0,3174.278045241902
8694,1575,411,433,155,480,82,89,444,181,13,348,634,3.22645148223803,26,1,0,3869.465373337157
5784,578,402,315,116,106,300,25,150,179,55,112,438,7.042463643053254,9,0,1,2921.43343848649
9136,1908,308,134,171,193,375,95,283,142,41,398,707,1.304288520314808,29,1,4,4393.182748676566
8485,1333,483,168,208,220,220,151,452,122,93,197,739,7.529909120270213,18,1,6,4103.306558192144
7164,1531,424,495,150,464,159,138,384,77,55,487,7,7.806825953536483,24,1,1,2720.856545019302
5346,2572,317,311,61,136,216,89,349,72,71,142,469,0.6602559665195618,9,1,0,342.59514219268607
8039,949,539,145,232,120,174,134,418,133,63,322,788,3.9973711126518676,22,0,6,4044.1719196539707
7897,2492,480,481,278,197,263,120,312,168,96,258,349,6.9681103624923075,11,1,2,2219.8718892375273
9439,1984,690,347,150,401,344,161,388,80,76,124,120,0.9433205647923126,21,0,3,4634.595631898671
5250,2745,218,184,53,120,230,130,400,97,33,315,187,7.934179616321565,19,1,3,730.9562259303955
3060,2242,374,147,271,331,132,102,105,95,75,175,861,6.424901278963258,3,0,5,0.0
8041,2470,668,330,170,453,368,26,136,176,27,440,655,4.631475070858729,19,0,4,2047.6911630459824
6010,2984,341,166,279,171,74,80,280,94,57,372,685,0.9491973098092921,8,1,2,567.8231159293937
6901,2050,662,188,91,451,295,127,357,144,55,255,577,0.7134346696362159,11,1,5,1604.6990247262363
4337,1189,497,318,279,151,90,91,205,100,57,113,22,2.4521238154904292,25,1,5,1220.7026299154218
4184,2490,669,151,268,321,108,175,321,96,71,471,801,7.902492146352276,18,0,1,0.0
7426,1901,572,121,231,384,226,118,412,110,36,300,191,8.900132795175773,18,0,1,2724.7085817888665
4551,1086,667,198,71,424,79,72,447,84,71,167,989,2.477021988129653,26,1,2,318.7921595231571
7433,2651,637,230,50,266,94,102,451,192,87,168,831,3.044233201522557,6,1,0,1780.6426791025162
4629,2329,642,187,97,382,358,191,216,105,74,468,411,1.701636923322376,18,0,1,0.0
4327,2485,655,235,92,304,203,47,278,108,61,112,644,6.858706808746799,14,1,6,0.0
4526,1126,447,473,151,466,89,65,190,69,10,184,418,0.2769725691352698,9,0,2,793.5720647125082
4673,2531,341,138,197,237,189,196,249,135,59,369,136,9.30870826979921,3,0,3,0.0
4361,863,601,117,67,135,306,142,434,197,49,245,757,2.7501793971548496,23,1,6,430.9557975207963
4573,2682,421,204,247,194,119,174,270,192,81,236,549,7.704328772679099,4,0,4,0.0
5686,873,383,486,226,115,185,186,393,111,26,445,749,9.645727679367532,3,1,4,1626.267312719649
7370,2586,563,245,125,336,285,103,291,143,10,333,82,1.4687279822934896,20,0,4,2225.22460668911
8283,2487,387,435,194,263,161,46,136,63,87,399,680,1.2434351664761534,8,0,0,2864.571522227687
5366,2594,312,323,230,189,82,54,199,154,86,126,315,2.7584471701775337,18,1,4,499.7719735109117
9732,2583,380,216,199,207,245,66,393,198,39,268,262,5.895761471739142,8,0,3,4655.066394521704
9647,2642,398,100,131,183,227,71,426,118,86,155,189,0.013480449426480634,18,0,1,4830.864319235907
6757,1884,269,216,59,354,183,88,130,192,76,449,116,6.059278811273035,23,1,4,2673.263897358908
5434,2048,797,483,73,264,240,60,399,112,31,143,537,5.769083084583543,13,0,5,208.68258731428307
4993,1669,684,125,261,299,384,69,193,76,44,109,77,0.45887988931829216,5,0,5,1002.5791682089374
3869,2440,598,111,189,423,55,64,369,175,65,169,479,5.230494247620328,14,1,2,0.0
9976,867,750,393,53,414,342,39,197,110,23,381,806,8.34412147767576,20,0,5,5507.366034774076
4014,564,209,440,219,256,228,139,151,103,54,315,157,2.9945515906969202,26,0,5,1293.0745019000465
4911,1253,202,268,175,130,332,55,442,166,95,140,585,8.181467356508982,10,1,0,1030.9185347942632
3602,2043,677,152,182,165,155,110,488,130,42,401,513,4.423776683392111,11,0,0,0.0
6821,2535,266,368,203,188,295,89,397,58,21,113,805,8.420212994076003,14,1,4,1425.403611852741
8895,2376,296,347,277,358,374,171,449,156,33,400,836,4.709762235657423,21,0,3,2772.2714566096934
3690,2078,730,227,236,352,280,183,106,159,78,253,965,9.008225604790697,3,0,0,0.0
3493,1255,517,175,239,333,264,152,345,172,66,199,283,9.13843475306159,19,1,0,0.0
3489,2728,297,368,129,206,322,167,117,109,18,106,782,0.06468475765054937,24,0,5,0.0
9864,2024,256,245,54,168,154,124,284,111,11,264,540,3.8578576141618703,23,1,6,5658.178020393231
5556,1096,306,147,203,377,72,187,329,155,68,327,925,8.873256941464295,25,1,3,1296.3313581806415
7485,2334,287,298,132,435,344,117,301,117,38,293,43,0.13943346679546886,4,1,0,2626.487316463033
3294,1895,570,170,297,300,210,122,143,193,64,384,503,1.0208303132354757,5,1,3,0.0
8488,2086,574,191,55,152,243,143,197,193,31,461,235,4.309363005721931,24,0,0,3840.788427060464
7027,611,251,308,201,340,315,197,162,145,94,475,862,9.803486181018151,11,1,0,3024.8745712230293
5843,952,240,441,272,431,132,93,259,81,58,331,94,9.27373966148299,19,0,5,2380.8757563832605
5912,2686,290,438,272,274,217,182,450,151,21,218,34,5.850615310549397,1,0,1,504.9966109546027
4717,2371,238,147,230,141,378,83,487,87,80,343,921,2.525999542253894,5,1,2,0.0
5596,2778,212,128,56,359,192,184,242,154,98,282,887,6.417379171498276,24,0,0,0.0
7744,1762,303,275,59,468,92,64,101,65,17,364,584,3.2287633752645606,21,0,5,3626.1874523526726
4873,752,242,118,216,309,393,57,479,103,25,475,692,6.534086926898847,6,1,4,1065.9683905176628
7663,2504,408,454,263,141,61,129,250,192,49,198,495,1.6939784032072558,29,1,5,2472.786514189779
6258,1959,799,146,127,452,71,120,122,67,54,192,180,6.018001335863624,27,0,1,1817.7058061439484
9996,2442,675,444,205,269,67,104,326,53,73,245,6,6.916419931473592,10,0,0,5131.6218076284795
5817,1826,308,159,91,481,111,174,446,86,72,257,780,7.145030433567333,4,0,5,646.4849992058485
3444,2619,758,275,111,358,238,92,381,89,60,176,595,9.770877072929245,8,1,3,0.0
6641,2357,413,354,174,436,128,22,340,112,19,494,754,0.262596082125941,26,1,4,1136.1646585375538
7458,2769,608,328,229,303,216,78,240,117,85,380,700,0.7736389142480637,7,1,2,1425.2848411737557
9266,1600,752,246,71,494,199,119,267,194,95,253,475,6.051444062055906,8,1,0,4428.402472744732
8307,561,276,397,106,436,272,49,215,169,80,311,878,4.825325862089765,0,0,0,4437.457395677718
3741,1994,294,432,145,262,154,35,109,68,54,316,733,6.289244203932426,13,0,2,0.0
5041,1680,468,338,188,204,303,48,266,135,94,237,498,6.936823181720183,11,1,6,522.5039330424022
3679,1305,560,431,191,277,56,119,189,102,65,216,552,0.34369063448277837,9,1,0,0.0
5467,2672,729,498,80,290,212,43,487,195,95,176,218,4.824831848198001,18,0,3,0.0
6697,2375,361,287,285,223,339,26,437,88,82,259,505,4.97042308095166,27,0,3,1304.6026261435297
8738,2708,664,423,53,297,244,196,454,141,93,454,944,6.212383077387226,12,1,5,1799.297488242642
8668,1040,763,434,158,198,368,120,210,122,22,153,221,3.584295169247993,13,0,0,4786.224930401403
4358,1125,747,308,199,105,179,65,279,130,73,380,680,0.6805031752190904,22,1,2,53.26224979394593
9235,2114,386,174,167,387,158,67,283,64,97,256,151,3.228243850714442,3,0,0,4823.945407553089
3062,605,251,282,142,366,268,121,363,122,39,262,285,2.1776706997477993,16,0,6,0.0
5559,1654,687,186,148,142,368,172,280,152,61,151,384,7.863305071885214,29,0,5,1164.8686812892786
8258,2208,730,370,241,394,179,62,466,68,63,215,279,8.796875020525295,18,0,0,2961.899261123447
6769,2408,595,279,126,240,293,74,112,124,66,223,787,1.7376557882439159,4,0,1,1585.514775582283
8324,2549,291,344,261,368,356,181,273,134,27,312,949,6.092863060978379,11,0,2,2252.4101972742938
9915,2780,556,445,132,138,346,84,185,131,34,495,767,2.0095100779624877,6,0,4,3618.279413850626
7351,868,343,106,256,261,134,175,135,75,62,275,647,8.319829109504074,0,1,2,4138.546639454008
3134,1774,398,368,164,294,304,60,270,53,29,362,208,7.717166425857055,21,1,6,0.0
6644,1445,522,112,267,423,376,176,193,194,20,298,94,5.81872846755202,20,1,3,2361.7573247767345
7970,2727,531,325,261,203,286,179,162,178,49,184,707,3.1737480176629687,24,0,3,2203.299546573002
7917,792,463,365,110,344,50,53,464,126,32,152,865,9.830871494445393,23,1,0,4219.590730131441
5135,1083,416,341,149,164,314,78,167,130,99,436,544,6.464225058505161,27,1,5,1345.3368988653465
6278,2722,755,479,183,300,243,199,240,168,96,338,732,7.387466166076814,22,0,0,0.0
3822,2670,633,279,128,468,171,82,233,162,51,167,115,8.804596014384526,29,1,3,0.0
6074,2774,659,279,245,341,53,173,245,156,56,272,59,8.23730417869597,3,0,2,751.3371160735053
8069,2991,702,225,55,106,198,31,473,186,65,212,82,8.208919486108638,8,1,3,2670.974528909796
5981,2975,668,382,115,318,110,41,363,144,42,388,333,2.5408358007834875,18,0,3,16.489715527204723
8873,1264,565,455,213,102,331,75,268,148,98,284,856,3.159284563362462,14,1,0,4070.866376605692
3120,2612,438,289,291,441,166,25,416,187,35,373,384,3.925384464519005,18,0,3,0.0
4637,1804,780,115,192,404,221,55,312,97,78,243,766,9.167665743864127,25,1,2,0.0
8460,1914,760,414,125,413,383,145,155,192,38,194,890,0.5723449564145844,19,0,0,2776.502696061719
8103,927,595,120,89,383,287,78,221,94,69,147,917,2.5916261916730776,6,0,5,4150.096203715427
3924,2514,594,115,285,470,187,87,451,51,46,396,749,4.428772262994597,29,1,4,0.0
3644,606,274,368,218,121,267,71,485,107,34,180,899,7.151138136705701,26,1,5,51.87811832574971
5032,1158,297,132,56,193,131,139,333,52,83,418,947,1.6216636682396712,24,1,1,868.0631347991098
5761,1682,582,281,71,456,268,96,460,162,53,256,610,5.074882772106467,22,1,0,1005.1818596069436
5068,2812,569,168,121,170,386,99,259,146,43,332,689,3.3508811213384138,26,1,6,0.0
3241,1725,484,151,293,469,251,126,222,143,21,372,243,2.1632082702009736,4,1,5,0.0
9598,654,455,164,155,321,124,198,121,92,48,125,118,0.6156298356151502,22,1,5,6995.344784591656
5668,1395,508,399,188,112,96,109,317,53,28,178,102,8.220464596358543,28,1,0,2142.9282607621844
9446,2021,375,434,179,104,393,116,140,135,28,258,736,6.845773179402092,16,1,3,4403.089611133038
8715,2120,427,327,79,121,388,87,464,98,38,148,271,2.8092587100761826,6,0,5,4098.067326856051
3802,1492,546,321,117,482,285,173,493,69,75,491,441,3.891782125655998,16,0,6,0.0
8059,2792,541,371,230,408,200,92,144,134,99,276,236,5.480926624694611,3,0,5,2620.005307666788
7164,1823,438,117,138,394,172,60,360,194,85,291,546,3.2123279306759587,12,1,2,2364.921229921327
8248,1885,549,317,198,136,295,152,111,115,29,272,715,1.8733440045659677,2,0,0,3406.9617542964243
3195,2933,654,372,202,130,303,185,332,199,66,267,355,2.1066033150621735,17,0,3,0.0
5187,2961,640,407,122,161,103,135,332,74,18,224,370,8.50668049650598,7,1,4,0.0
6515,1801,787,272,121,320,236,112,387,176,11,357,301,4.846658429559801,16,1,5,1691.434515810191
5330,1258,714,155,182,458,330,121,475,179,37,280,949,4.715005673478128,4,1,5,232.2160842370982
5359,1246,280,448,287,180,116,123,373,194,43,306,70,3.8760269771536473,0,0,5,1797.9200553718497
7841,1092,560,108,269,482,190,111,301,122,30,154,643,7.226959878860414,6,0,0,3777.2399225984545
6606,2048,487,382,115,332,70,38,419,197,92,251,75,8.296456233039457,10,0,4,2070.9197698990133
8784,515,207,392,134,105,71,137,186,128,87,255,838,7.205653659143264,18,0,2,5696.301207928721
3276,1492,286,121,98,204,224,84,484,75,90,361,173,4.846446576383396,28,1,6,0.0
3060,1568,485,171,57,436,240,88,472,113,65,346,846,2.0050650058947053,21,0,5,0.0
6390,1844,598,454,275,261,334,72,280,162,14,218,837,5.418299085162398,11,1,0,1125.008677609702
4913,2695,273,427,264,442,354,166,269,187,94,293,912,7.263302207003573,22,0,5,0.0
9195,2902,638,271,256,151,330,85,328,158,31,365,464,4.132669681728847,11,1,0,3159.484383996787
6927,1202,322,222,204,257,381,195,181,173,68,352,235,9.90832742995391,25,0,5,3048.4821070224807
9296,1112,576,190,51,112,354,85,449,134,49,102,259,9.350797389707783,26,1,0,6019.726982513777
8868,604,342,323,77,285,310,37,310,147,93,347,902,9.326820796198769,0,0,2,5052.65629663928
8430,1997,357,391,188,321,206,99,265,165,72,238,867,5.9357246229101825,10,0,1,3393.4985825959457
8933,895,629,453,95,340,310,58,127,130,41,210,326,5.527764406700938,12,0,6,5261.6395404902905
5591,2510,647,351,175,408,88,146,121,152,54,252,677,5.338319076703106,9,0,5,0.0
3566,1350,609,397,70,247,386,70,401,66,92,421,35,4.693023791356494,22,1,1,0.0
6935,2488,570,466,219,489,79,146,393,150,96,236,361,1.610604670224265,11,1,3,1379.9788338011763
4571,941,308,355,81,154,307,170,131,119,42,288,439,8.767890723588229,27,0,5,1242.6979861765717
7717,2168,235,112,209,158,320,180,410,113,91,310,992,8.176798358434977,26,1,3,2329.4049563504045
9121,1372,289,434,248,297,100,117,444,155,44,340,22,7.428141731268188,14,1,5,5479.438814260836
4200,1166,614,217,199,197,328,173,467,150,55,286,219,6.899088586591158,14,1,4,133.32877164651305
7409,1551,495,277,255,255,283,164,236,106,45,193,27,4.664858798136083,11,1,0,3486.6590713706382
5854,1127,245,407,126,349,75,97,392,197,71,228,544,9.955586612662326,23,1,3,2031.1276159563429
5895,1928,687,260,70,496,60,190,164,179,92,228,725,4.408077661597982,16,1,4,691.1058254703548
9240,847,369,194,199,279,73,67,448,154,99,110,550,2.6264792552365455,25,0,6,5901.116330482946
4236,1763,345,467,83,173,265,101,178,131,35,307,533,3.335654487622921,15,1,4,0.0
9972,1517,619,413,187,160,376,167,415,99,16,128,188,7.151884473142546,2,1,2,5748.010060213913
3136,1069,772,267,114,144,187,182,354,90,96,202,451,3.0112505032238,15,1,6,0.0
4029,2573,202,186,114,234,274,52,440,139,14,338,855,6.686309587508054,7,0,4,0.0
5156,2452,793,102,137,309,159,100,162,125,96,106,698,7.107463965774199,15,0,5,0.0
5594,2764,462,471,116,185,377,118,175,194,41,265,503,9.048817257002463,21,1,6,0.0
3661,1851,520,115,272,369,255,21,381,187,88,103,207,4.597506017077526,17,1,3,0.0
5472,1169,775,229,92,391,120,181,400,139,90,327,241,4.896412116817138,17,0,5,1347.6623575560702
5677,1217,445,122,164,363,259,95,450,164,93,365,621,0.6895356519975826,21,0,3,1303.7420312625848
5308,2857,788,197,218,367,234,109,134,193,66,153,60,1.7553134583148455,15,1,1,50.57629075934739
3086,766,676,257,190,324,139,145,177,191,89,351,652,2.5248912625826527,14,1,2,0.0
5512,1938,458,338,167,315,296,179,474,190,71,347,718,9.321285937686397,22,0,1,0.0
9219,1856,292,109,53,461,282,40,362,57,37,365,224,6.409005381109374,2,1,0,4968.290647875143
9614,1522,732,420,293,330,82,24,152,136,89,335,477,9.022122915688032,6,0,1,5133.489985278207
9557,2537,773,121,72,289,196,47,396,102,87,215,951,3.1223193324207577,7,1,0,3909.1357491040967
9968,2997,538,407,119,241,219,106,103,182,83,140,726,3.2974663946264213,29,0,6,4089.4160059981627
5942,1064,459,466,211,276,263,67,101,182,75,362,873,4.9868416661687505,19,1,5,1370.6673795620513
5773,1770,436,283,90,150,363,115,390,131,50,283,954,6.596258584650147,17,0,6,680.2669671399389
5504,1559,340,316,195,289,277,118,460,97,95,119,817,1.4710245816273793,4,1,0,951.606879791481
8404,1924,679,313,169,104,195,89,240,73,75,361,196,1.7311367658376786,28,0,6,4006.9708440188074
6310,527,778,435,277,310,195,102,214,91,73,441,166,8.027382106930075,27,1,3,2520.099165817617
4700,719,549,257,139,294,71,187,214,186,16,353,481,8.625462456620411,29,0,3,1252.293940487025
6670,905,769,309,274,100,138,25,362,171,50,115,168,0.06893938538538258,4,0,0,3274.916197858213
5700,2137,329,232,210,203,229,161,223,140,54,371,376,7.096362479127264,25,1,4,1093.6001698729347
9815,2298,736,152,202,460,349,138,349,188,53,197,196,3.584201659209325,12,0,1,4440.18318217372
6629,2818,210,328,101,200,314,144,394,186,39,102,570,3.4330177656833105,8,1,2,1344.920283055612
7590,2259,456,282,194,227,99,86,466,126,47,441,700,5.572472105728412,12,0,4,2166.1643927966593
4647,2174,568,122,100,452,279,158,190,110,48,383,177,7.547606132018748,16,0,5,0.0
9038,1291,593,205,180,404,110,186,148,132,28,201,747,9.280016708679886,13,1,1,4735.889550546713
8164,1462,792,190,104,348,68,188,486,121,56,157,182,0.1051876105658689,12,1,6,4016.1534715477405
8520,1809,618,218,263,450,357,43,372,104,47,288,387,2.66324638915353,1,1,5,3570.5740758875113
6318,1333,218,237,233,390,360,190,252,157,26,205,783,3.876040710924724,28,0,6,1851.5824890100832
6687,816,309,219,168,368,74,128,481,74,83,267,202,0.7829915836106538,28,1,0,3313.2944687603003
3596,1820,636,260,162,471,256,114,321,176,88,184,498,0.35505945502517733,20,1,4,0.0
7545,2885,704,307,84,137,374,173,241,105,78,486,154,9.935270492089014,9,0,6,1965.0917426176163
3484,1830,233,448,298,433,124,48,320,76,13,132,918,6.458347675131439,6,0,5,0.0
3645,850,487,417,117,489,190,21,360,89,44,491,630,2.6842941079090044,13,0,4,0.0
9763,1010,454,437,236,349,377,49,298,164,10,319,480,3.7562920202161267,3,0,6,5633.208193294071
6089,991,333,254,141,320,330,130,182,107,90,383,598,7.071620792058912,15,1,4,2084.9105745407933
8725,2431,698,362,108,162,140,93,312,85,94,375,524,1.4520455768490093,14,0,6,3358.309109539799
7757,2117,596,455,62,352,124,95,406,177,67,322,633,4.249086183450709,7,0,3,2625.6064924824527
7853,2556,686,254,111,364,113,137,312,160,31,279,836,8.633694387202985,6,1,3,1871.5978857952775
7384,2020,797,429,143,263,131,38,477,89,14,436,479,2.7127379286395525,13,1,4,2185.1728624730627
3720,2083,786,493,224,122,299,73,372,78,69,177,566,1.7275655806369716,3,0,5,0.0
7733,2987,412,412,253,178,187,139,225,94,45,263,487,8.849668719526086,0,0,3,2020.1084044178547
9378,2075,549,385,52,217,146,170,160,158,18,324,713,9.500246996638346,12,0,2,4524.215347897501
9559,2261,218,358,70,284,149,114,446,140,93,376,206,8.802747586592483,25,0,3,4753.663082714012
3498,2491,318,256,153,158,322,52,130,83,66,136,78,9.223362605680554,10,0,3,0.0
7729,1768,501,113,114,469,290,85,114,139,87,461,827,4.0766610334217095,5,1,0,2741.9447323419877
4673,2580,484,176,195,490,54,158,459,64,93,373,214,4.683416678714382,0,1,2,0.0
9126,1546,426,438,62,402,264,109,139,119,99,117,428,6.206367963739041,22,1,0,5078.051475356656
6067,548,706,493,248,351,116,165,420,131,13,296,313,0.5868812632049492,2,1,3,2308.436276546135
3114,961,700,434,126,188,204,84,375,120,60,175,319,6.817870550074964,6,0,6,0.0
5979,835,411,319,258,328,78,179,332,179,48,348,161,5.425208928978162,5,0,5,2508.2328471556516
7769,1881,555,331,158,442,354,151,420,147,93,211,643,9.374520861102255,9,1,1,2361.1725207644536
4736,1645,686,393,145,430,58,105,387,178,61,411,76,5.441154849175621,14,0,4,109.85557017483589
8353,858,520,241,142,337,249,55,339,170,84,101,476,9.910130369044442,4,0,0,4748.586628094178
6611,2893,422,350,94,491,383,133,249,174,80,376,328,9.69438694822269,11,0,4,775.0077202544662
5253,692,762,395,111,391,279,180,161,159,64,371,68,4.015213579548612,22,0,2,1539.621765620982
5294,1939,390,239,79,394,365,161,320,179,40,263,907,0.3445071690671453,4,0,3,56.66684525053891
6630,1900,699,241,252,420,357,195,350,77,59,198,737,8.07586771644041,9,0,3,1098.2968283591317
9901,1255,694,228,63,143,380,56,110,152,17,183,691,8.525933208766062,1,1,3,5794.154405782975
3146,2184,436,423,230,432,316,152,137,197,96,389,775,5.529564283332206,8,1,5,0.0
9261,1327,221,404,59,179,212,69,164,108,24,197,467,7.326627012090775,0,1,2,5672.3444136638
6982,1389,526,117,249,273,124,88,290,93,74,119,783,4.770783118660803,9,0,0,2872.7118951777497
6453,1152,744,342,208,240,341,120,137,189,19,175,471,6.32849136434717,5,1,4,2259.4464952606245
7507,2955,326,263,55,136,232,185,354,81,50,336,147,5.12164654631134,25,1,6,2315.8769968101624
8783,2833,564,419,260,113,158,193,368,87,97,470,839,4.798511126849631,25,0,0,2344.398443428276
5410,2421,243,195,168,221,388,117,343,80,88,250,284,8.20211177255263,7,0,4,603.2718787845309
8628,1350,718,127,68,496,249,162,379,67,57,388,786,1.7946916761380693,24,1,5,3730.498036905831
3136,610,327,329,61,337,230,56,391,100,30,234,947,4.245883388398997,22,1,5,0.0
6360,1119,329,124,166,495,77,46,247,140,95,150,937,6.742473903158997,5,0,4,2426.7078134047383
6005,1292,728,274,241,154,102,131,142,112,33,272,216,9.85605867939619,16,0,3,2569.392002793599
6552,2597,520,260,152,121,297,20,208,161,83,147,548,5.71721208146945,25,1,1,1300.8831759818288
3018,1657,385,129,163,439,359,176,198,130,32,213,578,5.501975349239899,18,0,6,0.0
5242,1087,547,264,299,302,370,144,142,69,89,482,126,5.080225038476252,15,0,3,1264.455641422016
9473,1809,680,307,293,445,358,154,439,80,78,178,658,0.5189106731175985,12,1,4,3890.5517590783106
9055,2457,786,201,131,114,89,48,203,134,42,430,563,6.508749809956395,13,1,2,3960.943717459109
9318,2861,560,472,232,129,271,178,292,184,45,354,574,9.638577471186654,26,1,2,3311.9161772936427
8097,796,486,205,244,128,346,57,214,61,34,424,353,7.225027483988036,24,1,3,4680.8802917967305
3448,2129,381,429,58,351,215,27,145,92,67,291,390,3.195770546502202,24,1,0,0.0
4948,1068,650,168,183,259,380,114,161,98,99,347,566,6.569334504849685,18,1,6,870.9785348155664
3945,1687,296,107,178,216,78,184,213,156,75,369,8,5.0391603762604085,7,0,4,321.4495166682837
8473,1331,762,222,219,257,238,115,297,89,40,334,519,6.666046285516632,18,0,2,4091.7706661197353
8618,1109,513,452,281,207,251,45,351,64,53,459,210,9.975068642180961,13,1,4,4687.962709369112
7236,515,745,200,142,214,345,195,204,139,72,492,100,6.097244517958096,27,0,1,3678.1542973964592
9901,1869,220,100,232,371,179,132,128,61,54,143,455,0.1925281032030357,21,0,3,5814.976554528741
4920,571,775,450,226,437,97,30,268,160,92,323,46,2.5358608532061666,18,1,3,1393.7918703799487
5977,769,696,106,148,275,306,42,114,142,91,120,279,4.234173077295314,10,1,2,2843.9206528612576
7188,786,602,417,148,330,364,181,221,126,59,316,321,0.6976496339430616,21,0,4,3299.800249219023
7015,565,323,210,79,383,137,52,456,71,76,291,28,4.627436681751529,19,1,3,4229.108813032259
3238,1379,318,442,84,417,307,149,118,66,80,155,395,4.519210293603445,14,1,0,0.0
3204,567,789,285,112,349,108,132,475,74,96,110,48,8.771413588676777,15,0,5,2.869550184719806
5607,1716,676,315,280,155,98,80,436,119,10,456,623,2.8861939428442174,12,0,6,508.26361672346667
8552,1902,302,442,199,430,265,151,195,86,80,481,708,4.078334926340456,10,1,5,3414.5579749127655
7340,1473,532,222,220,372,125,31,383,106,95,156,320,2.360872006980025,10,1,6,3392.040792272309
7927,1007,658,300,77,289,83,176,498,148,76,322,76,7.996838364720869,14,1,6,4257.0356324015565
6388,1625,329,107,195,120,297,126,285,119,92,204,102,7.911889072857395,5,0,1,2882.9645012314354
5972,1385,333,163,81,264,367,122,152,71,18,313,7,9.447714490321507,8,1,5,2639.125928297073
7390,2969,356,235,118,470,339,189,397,53,44,180,634,8.317535202299064,28,0,2,1332.1324702734205
5687,2487,624,486,231,384,72,197,428,107,22,208,821,8.065746900506907,2,0,2,0.0
7951,1274,634,482,211,167,68,85,190,123,35,442,786,2.360918874643926,29,0,2,3500.5622449992284
9160,1425,588,285,208,366,365,154,118,66,54,137,749,6.835273294927609,21,1,1,4658.143248465819
7166,619,517,226,159,317,145,144,176,195,60,219,923,0.418838604573768,18,1,1,3475.274321549111
8388,2438,704,471,146,437,300,76,229,68,34,255,521,0.2216039119155322,26,0,0,2718.092410317016
4348,987,389,148,181,483,290,65,245,135,65,106,688,3.039297150714529,9,0,5,649.3006597734551
7400,2625,610,265,191,472,395,41,344,110,48,229,817,8.692207375071542,9,1,3,1349.0724412124066
8126,940,251,485,64,195,354,158,280,106,12,143,865,2.754350127578895,20,0,0,4229.622960640234
8433,961,760,226,237,287,94,180,235,128,84,293,585,9.289925402645554,5,1,3,4416.671866993388
3816,1111,645,492,69,307,125,167,311,93,62,249,529,2.2051313888460298,13,0,4,0.0
8222,1817,643,401,69,173,156,24,236,196,42,347,9,0.47403646861998827,24,0,1,3918.1354595015437
3820,2159,581,420,226,463,109,87,304,86,71,484,980,5.939323593675114,4,1,3,0.0
3192,1416,573,276,148,261,181,33,471,195,76,197,577,8.173800835100536,3,0,3,0.0
4776,505,765,302,296,260,206,150,248,107,78,136,8,5.70063460011581,26,1,2,1861.2931367816723
6645,1180,574,256,117,493,104,133,447,61,13,412,638,5.052765328994113,12,0,3,2172.3938319652552
7624,2818,588,445,67,159,235,46,143,81,81,238,751,4.389428748872234,2,1,3,2003.1616756599112
9314,2143,678,318,201,125,224,23,159,138,68,160,549,7.159728747725429,12,1,5,4531.078702093056
3250,598,603,384,204,461,80,147,426,100,26,241,646,9.656576663687872,6,1,1,0.0
4788,1025,792,388,82,124,204,83,348,90,31,171,770,3.1416538292175114,11,1,4,693.0025982195941
9684,2741,667,127,174,357,294,105,472,146,47,180,665,3.4277706849364864,10,1,0,3701.3170286369664
6700,1680,796,450,113,445,79,189,225,110,97,176,390,0.6689519283776812,22,0,5,2079.494632664081
9122,2189,704,182,202,439,98,176,496,176,40,331,115,1.6522928725537245,25,1,6,3886.6378419714442
5463,1638,282,211,118,102,219,99,144,84,58,466,39,5.260650341375825,2,1,6,2056.2320579963475
9937,895,518,253,195,387,124,182,101,134,61,362,600,3.1541982113940747,17,1,5,6159.978178720982
8499,1269,266,469,94,356,255,38,261,71,98,178,356,8.197254187458,16,1,2,4684.445072486212
4167,2326,613,128,159,379,373,135,296,89,47,209,610,6.22158204064392,25,0,6,0.0
9168,2045,652,494,69,405,210,113,293,103,58,370,685,7.313079219434071,21,0,4,3649.610629577368
6893,1182,397,312,84,347,198,88,417,78,99,334,794,4.416890946844699,13,1,1,2672.754016911276
9811,2056,458,201,296,143,137,50,146,131,36,327,997,0.9960562300684495,28,1,3,4832.0324308093
4096,514,497,459,183,132,217,190,325,166,32,305,738,5.623566562571758,26,0,6,397.4122742697547
5679,2915,479,313,140,393,238,114,101,61,93,193,117,2.591835059367135,10,0,5,443.6818459116091
4847,1736,499,403,269,211,163,168,311,198,36,289,70,5.223218733390132,20,0,0,551.0231771750126
6904,504,328,254,252,407,62,129,314,89,90,285,677,1.1157369697779995,6,0,1,3325.8980974816604
3504,2778,697,479,58,390,215,181,392,79,23,217,659,7.792072706349355,18,1,6,0.0
4621,2408,637,299,229,372,206,55,179,113,12,146,726,3.993878914658734,3,0,3,0.0
9479,1925,491,267,205,413,230,60,218,90,36,391,881,6.651665511164712,10,1,0,4320.741787132744
5472,2107,406,337,68,403,369,181,185,128,71,226,476,4.923999338684865,10,0,5,444.05868046873945
5546,668,493,258,152,142,341,172,418,96,23,177,948,4.667665393042811,0,0,4,1738.7174851596628
4387,1291,228,292,295,403,153,84,155,53,53,103,437,3.8188400531987208,2,0,3,831.0645723676084
5994,1499,378,266,134,143,160,95,162,143,34,428,853,4.827966992402177,26,0,4,1778.8298761618719
9773,651,240,325,112,388,310,143,107,106,70,452,148,6.127051331700459,27,1,3,6733.519058279408
6816,2771,669,466,144,186,197,41,282,170,84,157,233,2.2411327341348795,17,0,1,1406.9042013430528
8318,1003,391,350,283,329,188,140,472,65,61,346,68,7.144546852661605,5,0,5,4730.521262977814
3717,2073,543,379,184,182,377,41,334,145,21,287,167,4.856207617104084,22,1,4,0.0
6484,2591,477,320,86,303,218,145,189,189,93,299,436,6.167808380847864,1,1,6,1303.8643937981578
7434,1003,554,122,138,229,207,192,203,104,43,178,430,4.726000387869529,15,0,6,4006.6832920649213
3658,1342,728,288,141,237,105,88,378,192,32,329,239,1.6369902582313967,22,0,4,0.0
8057,850,285,371,85,182,122,29,499,196,28,420,746,3.2777060541367584,2,0,4,4148.183131793904
7008,2570,516,126,66,274,297,30,440,195,10,471,565,3.4059994567339826,5,0,3,1384.3358783059844
7524,2159,536,488,139,235,229,175,349,161,83,254,969,4.051812751615694,23,1,0,1699.1462661276448
7994,1097,344,309,141,206,140,24,227,60,74,177,32,3.1904158518195205,14,0,1,5078.907619205793
7234,1566,514,134,214,250,243,31,459,134,14,106,704,6.747294497066662,17,0,3,2908.8799079403793
6764,539,424,297,258,208,244,63,279,177,66,187,496,9.942128958892589,8,1,3,3388.3991016816503
5989,2850,622,273,237,321,334,128,192,94,31,435,867,7.062256705832757,13,0,6,0.0
7637,674,253,317,98,447,297,112,281,88,52,292,847,9.589020776225057,7,1,5,3652.725726864175
5104,1498,267,155,130,418,278,109,311,128,11,333,210,7.38291106435463,0,1,1,1184.9668115837144
4255,1984,533,482,274,432,332,48,303,85,82,431,68,5.866407726263294,25,1,0,0.0
9801,1716,276,251,233,346,373,55,136,146,16,396,662,7.05660928130965,16,1,6,5120.510524633529
5482,2791,738,493,83,136,212,54,317,157,30,173,53,8.167320622938712,10,1,0,150.06918250513797
3383,1335,354,137,298,367,140,132,245,53,80,397,770,8.33660056255962,25,1,6,0.0
5607,2827,271,297,264,173,260,27,158,151,68,492,941,1.2822875932043865,3,0,1,0.0
3193,1559,700,108,207,214,315,35,228,188,18,404,817,6.2549304111231745,7,1,5,0.0
6807,1397,646,277,204,180,176,62,240,134,49,415,273,1.5995792650566876,23,0,4,2814.399878992439
6719,2063,758,424,228,292,331,88,132,99,82,111,770,7.300271200070477,22,1,6,1179.6539318743066
5581,1546,558,275,186,313,120,163,121,141,58,478,361,0.05531109122766553,13,1,0,1386.3811183746902
5565,1431,476,360,69,114,140,75,470,163,21,391,114,6.412762686450488,6,1,5,1830.7396945152261
5763,2638,512,183,264,435,143,60,304,101,82,397,258,0.4894739403758397,26,1,0,406.1631403336039
5798,2937,304,238,224,183,125,96,171,55,19,451,653,9.01088108523328,10,0,5,213.7750443014549
9328,1751,294,341,196,474,153,27,280,95,83,482,135,7.441201351873915,18,0,1,4907.637210180406
8991,1725,418,415,278,365,246,73,287,64,26,180,799,9.208106225995964,1,0,3,4034.28526390839
5339,1873,327,254,286,397,233,109,149,167,13,485,861,4.850524034607465,3,1,6,121.39784393222914
6406,1561,399,320,117,253,126,139,421,82,73,375,18,0.028068734399246953,11,1,4,2525.2441368165723
3731,999,531,234,126,404,346,152,182,130,25,473,773,9.343814026607424,19,1,3,0.0
9259,2222,746,287,151,352,371,28,123,174,58,137,840,2.6852422674260747,22,0,0,3619.688141337543
5872,2615,491,277,189,372,83,90,168,189,36,232,559,3.3454170153309546,25,1,5,517.014441520229
6120,2263,265,166,174,460,171,49,107,80,15,299,221,5.533799896213731,16,1,5,1926.548641341099
7780,2670,767,168,122,412,355,100,348,83,18,371,183,2.170372271284858,10,0,0,2142.3665173465183
7177,2208,603,176,256,441,395,127,198,81,67,159,325,9.598498281629768,18,1,6,2134.7054906781655
9977,835,795,499,262,231,252,114,421,72,41,195,316,1.2965816428164945,24,1,2,6026.878879382242
9476,1676,345,473,128,298,347,84,297,151,47,102,175,3.34031969069029,29,0,5,5239.325578804605
5604,1278,729,111,162,424,178,49,414,118,39,300,30,9.618687438713991,17,0,6,1648.1075036348711
5382,1685,601,382,182,450,339,66,307,89,87,221,169,9.913700477754633,19,1,5,668.4627190646257
3531,2433,324,345,246,182,262,114,402,172,54,327,212,6.415585613710299,17,1,3,0.0
9079,1966,713,336,74,405,187,107,485,80,38,132,551,7.8463849202186156,29,0,1,3909.841943810274
7316,2970,531,351,265,225,310,178,291,189,31,425,438,5.768960294501494,22,0,6,1250.1358842719274
3634,2061,679,306,150,313,395,94,471,152,40,195,334,4.642467604655232,0,0,3,0.0
4769,1438,597,440,294,422,221,125,125,91,90,373,746,3.4555955787091186,20,0,1,0.0
6804,1303,229,207,80,314,196,99,247,197,26,359,276,2.352941294103621,12,0,6,3167.542893229224
5370,2435,255,308,223,337,198,156,448,63,63,271,298,2.660492041228144,24,1,6,279.08316721680245
8970,1133,331,410,83,187,78,80,477,124,88,337,461,4.871814397142642,8,0,6,5136.274354720706
3002,1753,430,407,218,483,151,116,103,164,56,447,313,9.432789978573108,19,1,0,0.0
8813,1582,594,392,255,212,345,25,164,139,41,262,165,8.700230154917126,2,0,6,4667.193359540837
3205,2643,351,212,268,204,303,64,316,51,37,470,127,3.2735490973458834,14,1,0,0.0
8951,1785,701,475,288,470,323,84,497,84,20,197,971,9.52089184904342,29,1,4,3001.16425361965
7135,853,705,114,117,162,98,56,390,76,48,475,636,1.5756688877360492,3,1,3,3510.870672551403
9202,1659,585,439,264,338,238,109,216,182,26,133,526,5.431485927084097,10,1,0,4384.343960929181
5621,2385,732,182,171,125,114,164,184,124,85,212,700,6.894788000018454,3,1,4,507.03810433578565
7739,2318,647,164,215,227,213,121,407,141,48,264,36,9.418159923062996,9,1,6,2951.0682721053695
8626,1466,779,102,95,100,273,129,378,193,82,499,778,2.353529178359608,10,1,0,3815.872582397659
9003,2977,325,460,118,193,375,172,465,165,34,329,93,3.0799208008351266,27,1,4,3233.780844032241
5890,1669,754,335,76,470,56,69,375,139,35,287,888,1.169751141561245,6,0,5,829.315186291749
6193,2047,688,488,220,111,110,142,445,137,77,207,629,3.3622254353230874,16,1,3,808.2634675254367
5666,2634,645,492,294,265,241,90,382,168,71,308,98,8.376588549774889,23,0,1,4.09090617985801
9239,608,669,228,255,397,137,130,268,130,28,378,162,4.15956024450964,27,1,4,5866.760158172708
6306,1868,548,346,248,371,207,50,487,65,22,494,681,9.88762139053996,29,1,0,904.6436087447904
3897,2257,707,334,287,166,322,179,125,166,38,214,41,3.9664737321438825,15,0,2,0.0
4085,1493,656,129,94,266,381,134,463,91,63,133,51,7.177262500019492,21,0,2,218.48742629419422
4279,2017,584,170,67,353,331,67,139,197,82,157,612,3.9971408986680035,1,0,3,0.0
9704,1856,647,247,81,454,194,164,307,165,51,188,539,2.3835033730648147,15,1,1,4971.603841869031
9491,1321,314,192,298,352,212,76,462,156,71,403,232,1.7821459768221237,13,1,2,5345.937805064388
3670,1436,651,382,51,345,223,180,183,90,80,171,393,1.7373045361055706,29,1,5,0.0
4505,690,318,316,218,158,157,166,337,178,80,167,202,6.459752322865484,22,0,6,1518.575036282033
9460,2496,292,337,284,393,350,34,443,65,30,233,1,0.7356032144531544,24,1,2,4457.467789761887
6575,1432,720,326,69,243,380,182,293,181,18,187,385,6.384038906147956,22,0,4,2096.5391276299674
7814,641,784,318,270,308,193,196,428,103,54,311,493,4.154482801425158,18,0,1,3549.419901108418
8167,2392,737,418,235,325,107,183,437,78,36,358,80,6.630431050517679,0,1,6,2851.8454586832054
4955,2715,632,436,284,494,347,73,461,90,57,460,702,0.22177534500540608,27,0,6,0.0
8255,1065,344,130,267,383,399,55,449,112,94,413,487,1.3766922184329322,9,1,5,4036.3225042900303
3249,1782,267,213,87,190,237,72,358,105,78,122,624,8.725032837737048,3,1,2,0.0
9457,1962,330,201,50,210,69,93,291,63,14,284,460,9.999119797687293,7,0,1,5382.874258243276
4892,1634,480,192,246,339,261,63,384,175,81,182,933,8.421168389745347,3,0,4,0.0
6439,1243,765,306,231,449,73,52,281,178,24,228,321,1.2571039631944503,28,1,5,2133.49584969963
4853,1172,712,490,298,432,140,191,106,167,86,358,184,2.012228094560824,9,0,1,490.2155711876491
5854,1030,200,328,191,179,265,74,252,146,53,378,51,1.7630268275683325,21,0,4,2638.525720510798
4503,1813,631,170,202,485,101,63,398,177,56,100,985,8.677678171920387,16,1,3,0.0
6385,1061,590,441,289,303,187,70,361,188,41,466,410,8.270715767817352,12,1,1,1946.0072824898573
6571,2033,465,235,186,337,202,118,498,197,45,104,756,4.114758081070126,15,1,1,1243.3958382453575
6792,2722,598,383,271,427,269,105,178,128,58,255,625,1.2398440183714454,13,1,2,841.8641997789041
6426,801,455,437,260,393,222,70,139,198,62,168,820,8.885691548545612,5,1,3,2145.523234338865
9628,684,594,450,238,283,50,154,288,136,32,182,934,5.820590333643086,0,1,1,5622.409648757669
8330,1009,373,116,229,311,74,148,478,122,43,399,420,9.771005219142475,16,0,2,4693.988131238415
3043,1833,244,314,281,350,253,160,376,197,27,496,224,2.821907145968093,10,1,2,0.0
6612,1869,340,494,185,326,250,67,349,166,21,299,952,0.37397953697412056,18,0,4,1134.1971496045019
5618,2703,738,498,65,266,240,146,413,194,96,180,977,9.823143044015396,25,1,2,0.0
7678,1294,249,343,163,130,353,133,208,155,11,380,28,3.530226012641693,29,0,5,4035.6502009560663
6163,2979,260,194,57,435,281,103,195,128,36,175,579,4.4820355257564115,25,1,0,681.3166263039489
4288,2023,442,220,72,250,269,194,131,182,59,337,367,0.8711533835079488,3,1,4,0.0
5942,1260,468,105,122,261,115,66,367,155,40,384,477,5.9302957105384735,1,0,5,2104.886335549322
3219,2694,339,367,273,195,73,29,335,101,57,334,421,2.6008889426266135,5,1,4,0.0
4925,934,356,186,278,372,131,45,492,146,95,474,592,6.813045913304116,25,1,4,917.1733978156814
5972,2042,796,288,83,462,140,69,119,129,78,484,120,7.6005201788253,14,0,3,993.0759527300343
6513,2538,795,202,294,123,221,194,498,85,26,389,431,2.877130272391568,29,1,5,686.8942828995703
5448,2206,475,203,287,217,84,191,304,150,52,158,504,4.414885585530504,26,1,1,589.6186110905852
6471,568,230,390,67,491,83,148,337,154,80,324,743,3.4501397023512848,4,1,2,2771.9307370428096
5774,2129,207,166,158,186,311,128,491,98,27,301,120,9.790584723249138,7,1,5,1376.7293755151936
3990,2404,232,205,93,374,226,82,120,138,75,309,780,8.481783425185776,10,1,2,0.0
5946,2733,651,347,192,149,193,164,400,118,40,121,723,4.213484694258764,17,0,5,0.0
4812,2751,648,447,294,426,264,164,316,162,72,280,184,5.136954667796073,6,1,1,0.0
7953,1053,236,306,64,211,190,186,220,148,37,130,739,9.840229931591656,29,0,4,4329.561694834851
3803,2560,233,304,142,379,317,62,395,119,76,421,772,2.720742535430778,19,0,5,0.0
3489,1797,654,418,176,401,188,60,449,58,18,314,794,8.852365541467135,15,0,4,0.0
6556,2598,643,182,170,235,96,34,450,140,37,358,470,9.415771176705796,14,0,5,1141.4269378772788
8876,999,436,181,72,432,109,148,361,79,27,273,266,4.599785384346849,3,0,5,5479.227059855765
4493,2916,411,386,264,102,98,77,354,192,24,476,546,2.476065925124984,3,1,5,0.0
6645,2904,339,136,242,261,101,73,110,181,84,443,465,1.5529987417629998,26,1,0,1268.3594512521997
5891,2029,560,312,298,176,110,152,163,83,98,316,363,0.7279207933080789,3,0,6,1231.5464565669572
4705,2803,503,232,263,284,263,81,221,169,14,268,308,1.81662298900376,1,0,0,0.0
6516,2011,495,214,120,473,144,146,286,110,50,112,505,3.3669731845022968,18,0,2,1836.3637202541747
6340,778,351,476,158,157,169,90,491,87,85,109,450,7.734876373797959,7,1,4,2907.996016971696
9410,1582,422,310,81,262,268,65,299,133,83,161,286,3.883624038086416,13,0,3,5542.962387430388
3053,945,395,231,269,120,89,109,154,160,82,489,874,3.633212200837379,15,1,1,0.0
5575,2660,799,473,163,164,395,175,481,100,75,440,398,8.44458582200907,25,1,4,0.0
6591,1335,498,253,209,165,376,141,394,141,82,397,226,5.945227642882237,20,1,2,2263.350082541862
3615,1254,728,393,82,397,366,103,154,74,60,478,742,4.601457669373605,9,1,1,0.0
8178,2345,687,465,220,398,281,188,431,188,25,395,261,6.295354051494635,20,1,2,2088.3724505745963
8944,2092,410,281,62,381,260,170,230,163,74,488,220,5.602645909832331,20,1,2,4059.7193613381205
3954,2012,431,246,165,491,87,179,179,57,94,324,858,4.444147165223239,22,1,1,0.0
5433,1930,566,321,269,274,366,186,227,83,66,166,987,3.9962600495718634,24,0,0,0.0
4629,2914,680,381,186,264,260,101,318,76,46,416,898,8.849830264813658,16,1,5,0.0
5781,1583,781,226,239,181,132,52,371,157,48,114,150,1.843870443937713,17,1,3,1708.4695961158939
9859,2876,771,407,234,245,167,108,360,199,74,493,857,1.577727451957357,23,0,2,2901.7489103376006
3649,2090,378,302,225,303,352,179,350,121,58,100,26,8.007476486177707,7,0,6,0.0
5347,2408,683,217,220,263,76,133,395,146,56,418,633,1.2059003219151099,28,0,4,0.0
7490,2731,788,160,116,203,258,69,422,88,49,429,645,9.698059903363518,10,1,6,1461.7285572177607
6278,1522,694,330,258,229,174,198,326,122,23,371,672,2.789785685631758,26,1,3,1489.8964786309289
8455,2858,746,249,275,183,325,38,272,167,49,450,845,8.532751659112908,3,1,4,1920.6093698961354
5640,2061,215,244,81,219,347,22,486,71,57,127,883,6.471559617952889,27,0,6,782.805666713317
6801,676,665,494,122,358,346,135,352,80,41,136,514,8.091270838433921,18,1,2,2797.542757574654
5561,1346,601,210,154,203,121,110,123,83,97,446,914,3.997287033478123,16,1,5,1222.8088882966617
6249,1748,493,266,289,463,107,164,384,117,48,153,615,2.0315689219505497,28,1,0,1223.617095367428
9539,2100,370,288,237,133,345,62,225,159,42,218,402,9.481174260493058,1,1,2,4747.82035063735
3370,2104,231,148,178,481,168,176,355,127,39,494,410,7.868332323633659,2,1,5,0.0
3857,2475,462,206,234,468,111,127,388,57,35,312,945,1.5004944326540859,18,1,2,0.0
7886,2556,414,192,162,465,136,63,278,154,52,392,932,4.426521682523007,16,0,4,1900.5426797166106
7753,735,757,223,155,273,375,71,179,103,64,348,441,3.3041266101853717,19,0,0,4052.928436811334
9879,1209,388,416,261,425,148,116,196,164,53,249,498,1.5465074303388382,15,0,1,5810.751061381053
8488,1293,782,239,118,331,173,47,301,119,87,231,937,5.924304849613527,4,1,0,3789.6355396641115
3383,2434,799,496,281,284,56,128,129,146,85,143,815,7.398388693453809,1,0,4,0.0
9205,2169,460,413,286,493,183,181,160,166,12,232,818,2.3357737565069647,23,1,6,3748.240041411049
6877,526,381,110,262,443,332,73,262,67,16,354,615,5.498574658121621,6,0,2,3316.7250156448426
5552,1726,704,494,118,117,51,21,362,185,94,307,360,2.008341841742757,6,1,1,1058.1079999169883
7334,584,541,477,245,330,366,133,489,184,67,283,961,6.60994771541528,8,0,3,2615.2252033726463
7290,2355,221,460,298,234,209,36,242,145,19,114,428,6.989494529389146,13,0,0,2534.292102415081
5725,1622,273,270,110,144,206,165,451,184,19,406,269,5.024764633842577,15,1,4,1664.882279866416
7034,1713,365,135,57,211,275,47,165,187,90,252,176,6.646294157988889,11,1,3,3377.9524481809435
6293,511,433,229,266,182,370,47,323,85,51,303,55,6.988167999171449,23,0,5,3228.8946417209117
9204,1512,574,442,296,138,192,199,319,111,43,461,923,9.123057487947756,17,0,6,4062.353625958327
8248,2248,632,160,56,353,315,35,440,163,91,171,825,8.349446992685966,7,0,4,2556.2075180897414
9828,2376,533,433,214,244,315,180,372,100,35,280,137,8.221156550668933,14,1,0,4660.30473797293
9111,1817,739,148,219,416,86,104,118,80,69,166,766,0.2172963219843771,25,1,2,4400.151591304051
7251,1883,234,495,209,150,337,24,369,187,11,271,165,2.628182702794666,16,1,2,2868.5447440768908
6988,2178,643,285,194,392,341,64,148,133,82,393,155,1.9313461776250351,25,1,5,1995.3004123980065
3922,679,430,320,205,166,369,184,406,84,54,288,524,9.938411548044611,11,1,6,83.57463358146751
5915,1296,517,105,119,123,122,71,133,80,14,168,504,5.639211917289919,10,1,4,2514.607611699325
5950,1967,542,399,283,221,65,81,339,146,35,145,475,1.7410206884553914,11,1,5,1290.2600030740707
8705,2524,629,274,225,148,132,24,183,169,88,202,236,5.704513865215621,24,1,6,3806.6329943668306
6046,2988,665,378,103,248,223,126,275,153,34,338,254,6.942024375644285,9,1,5,395.34902313388267
3974,1386,278,470,219,284,125,30,422,117,35,211,912,8.233058429671923,2,1,3,0.0
4230,2968,772,453,85,349,340,105,413,66,96,415,894,2.789346953588722,6,1,2,0.0
5435,1689,648,463,115,244,100,150,433,145,94,131,708,5.577738037054079,4,0,0,775.1475300208582
4814,2175,481,303,208,342,235,198,248,86,31,351,686,3.0181685316273485,19,1,4,0.0
5934,2019,256,195,242,464,54,79,382,139,28,126,452,4.501592227021854,5,0,3,1504.998028252877
7933,2932,390,381,52,457,311,85,256,77,19,389,274,4.070717542783916,7,0,3,2310.7450824526154
9103,2861,662,234,62,248,228,36,492,169,51,421,225,2.1397020056756597,4,0,5,3476.3555116186208
4363,1270,241,132,208,167,191,150,331,187,40,216,744,2.9327038525447255,29,1,5,417.2947186968412
6940,1778,685,181,78,323,317,150,306,121,40,408,618,2.570342487201387,24,1,5,1877.6413788326947
9483,1458,372,247,106,309,163,59,271,159,84,236,934,8.114732170874465,8,1,1,5060.079059570006
3203,1416,449,194,285,291,229,99,265,132,90,258,382,1.4548569899799557,23,0,2,0.0
3160,2570,709,269,210,399,117,95,370,77,95,411,191,9.720252314200048,12,1,1,0.0
7487,2281,701,310,230,223,156,82,114,137,99,451,350,4.017934051220843,13,1,6,2247.6506664160956
3768,838,392,484,59,383,108,70,131,166,45,475,408,2.2567702882482923,10,1,3,142.14886108576934
6748,2016,364,290,279,391,323,148,139,171,75,173,818,7.626959791581328,17,1,1,1528.875032350333
9718,2913,289,106,112,482,80,70,175,184,41,484,192,0.9205926101674877,13,0,2,4485.4282414070085
5581,1895,257,479,122,399,84,23,311,133,76,313,625,8.152875941484542,20,1,2,680.2942687930368
4093,1414,462,413,242,149,309,151,190,51,72,488,213,3.108002512414756,23,1,1,0.0
7500,2353,442,441,157,468,58,194,357,106,32,150,421,1.7178558678168265,5,1,5,2218.8847353688147
3607,974,418,133,150,282,158,186,332,59,59,260,239,8.447950332190665,2,1,6,505.6394141437687
8710,1946,208,150,145,346,192,103,121,131,74,436,604,5.953192579084996,9,1,2,4250.4365993906395
4540,1879,629,219,146,187,91,68,253,147,78,288,961,5.384916727165101,20,1,3,0.0
5875,1983,212,237,51,237,236,58,235,191,53,335,104,2.987988587957294,28,1,4,1879.1806562415322
6191,2574,424,466,159,137,134,164,391,151,67,182,361,5.006054586230089,8,0,6,1010.8590602413262
4837,1300,266,205,179,148,250,162,200,81,66,382,733,7.810543010422164,8,1,1,928.236251975103
3689,1746,702,381,172,171,337,124,180,52,46,238,400,4.770666515855045,27,1,0,0.0
6759,1363,383,131,246,357,385,175,220,97,74,333,163,6.30923299055139,29,1,2,2852.7644977534424
5949,1671,407,223,251,143,350,35,234,185,27,127,691,0.3884330752742837,17,0,0,1574.005362963972
8336,1238,727,269,165,390,310,153,484,58,14,237,781,5.929402792299895,1,0,5,3490.251691079983
5103,1874,499,111,279,215,208,111,318,65,91,390,784,2.308724142211781,17,1,1,468.33431607756967
3365,2962,440,267,86,248,202,179,333,137,35,373,539,7.35256483248318,13,1,6,0.0
8818,1481,654,442,179,412,233,44,317,80,42,232,116,3.1356778121434536,2,1,1,4456.079939392338
6575,2976,729,177,282,446,306,58,438,182,51,489,901,2.9425177375083567,4,1,0,0.0
7550,2588,443,133,110,378,366,164,364,146,97,441,392,4.145719805797329,27,1,3,1886.142682947336
7199,1511,762,308,283,387,116,65,334,143,36,257,138,1.1769142531278354,9,0,4,2689.3655636393078
7172,2626,437,425,89,317,262,135,158,168,63,437,839,7.535685496588213,13,1,2,1250.1410735083434
7325,1216,445,107,240,170,269,72,164,143,92,420,46,6.28076890033071,22,0,2,3856.0223297623597
9033,2307,544,324,74,260,372,133,345,88,91,295,435,2.8063647629404276,11,0,1,3521.6942149605325
5378,1973,683,326,172,372,273,70,248,65,88,289,757,7.72451659325839,18,0,0,41.93549696776148
4205,1665,509,274,215,226,143,165,481,96,84,461,790,9.615163778898264,16,0,4,0.0
7988,2841,760,180,86,269,108,39,276,148,33,275,965,8.57065761925608,3,0,2,2104.4097909859506
6839,1109,483,381,294,116,227,106,483,69,12,211,468,4.142509063947283,6,0,5,2767.969273488272
8669,2683,237,156,259,403,339,152,132,70,48,251,720,2.9443513205048024,12,1,6,3145.872104656083
5735,2312,231,234,76,338,161,81,244,128,80,180,934,0.08117892775254432,2,0,0,768.4958415714417
9170,1835,442,337,133,275,373,122,475,98,21,270,458,2.5878444776727063,23,1,1,4269.092916869342
6347,1054,752,316,227,309,231,31,368,193,42,474,998,1.158374195131453,26,0,4,1227.534544367936
4675,2155,491,326,211,156,273,100,340,65,31,440,4,8.28122038095419,19,0,1,0.0
3298,2255,491,125,93,458,209,177,398,72,44,299,606,7.77419858215457,9,0,0,0.0
3956,545,581,286,121,288,386,163,212,157,23,373,79,4.707351521703784,10,1,6,671.5296382056614
9942,1759,798,469,181,143,313,21,428,117,35,260,75,1.1704317360817629,13,0,1,5208.801470570634
4114,1571,777,217,271,221,212,144,420,142,92,193,669,5.195545745610665,24,1,2,0.0
9623,2745,337,296,229,408,329,136,139,73,94,108,920,5.305256888032561,18,1,1,3774.4057190876606
9716,2631,399,215,104,132,52,150,261,110,63,279,203,6.3116731996318345,29,0,3,5142.460909554732
5505,1042,534,402,277,411,130,27,135,57,50,110,578,5.257195174421127,20,0,3,1600.5805312965194
4474,1951,646,201,122,127,341,56,464,156,54,101,848,0.9954938343756081,8,0,6,0.0
7460,2618,547,479,282,250,228,74,305,78,40,382,180,6.390183855146145,27,0,3,1912.8350969986013
8794,2492,477,262,61,162,386,68,473,164,78,456,835,9.905468214050519,25,0,2,3025.6944087370225
7446,1412,731,277,191,106,364,78,334,187,26,261,69,6.3347101617338595,24,0,1,3405.299035425799
6726,1568,598,379,212,210,143,79,206,163,69,110,49,3.629131629844772,29,0,2,2965.724295439027
6471,2840,590,385,55,229,266,108,184,157,13,346,623,6.218378828260624,6,0,3,748.6239516532551
9396,1311,761,311,96,231,71,97,191,122,19,386,782,5.587939710933341,11,1,5,4959.560112890455
5828,1988,209,153,200,107,175,138,323,199,18,155,415,0.9500790283766003,24,1,4,1583.3462142167825
9000,2408,790,166,164,481,317,193,139,59,70,444,212,6.341281341297046,7,0,3,3618.72828664976
5850,2073,748,131,117,404,192,119,495,133,99,333,183,6.529210959187858,9,0,5,1025.964892345641
8107,1366,258,350,242,128,317,82,192,197,31,246,951,3.499122322862883,29,0,0,3719.0715739930315
5506,2927,287,107,108,437,391,146,484,100,30,387,891,3.008385267900474,12,1,4,0.0
6770,2266,658,314,186,410,152,179,371,140,32,170,193,4.972697296616294,23,0,3,1706.3146396696256
5964,2809,303,145,168,450,105,85,452,151,70,241,749,1.4487782458165277,29,0,1,59.977979679490346
7594,1079,303,179,235,105,276,104,405,59,21,478,111,0.91942175374924,2,0,4,4350.65415272889
3949,2904,453,134,97,211,155,23,333,132,26,272,706,7.548010587927393,2,1,2,0.0
9090,1942,534,288,296,204,193,176,142,89,64,356,920,1.8290400582394872,9,1,4,4021.567016334145
9142,1197,662,188,240,306,82,196,442,54,30,279,666,2.484298257886625,1,1,1,4823.122999040268
7603,2476,748,434,58,139,166,112,232,92,63,388,474,3.8115235881272502,0,1,2,2345.974115942734
8423,2990,500,235,221,367,220,42,164,167,56,261,86,7.189177339521754,26,1,3,2905.5626232168697
9644,1225,754,133,95,419,354,150,450,139,50,499,264,5.665192031369177,2,1,6,5190.874200463993
5850,785,540,380,192,145,383,73,181,108,24,450,956,4.575834614131745,13,1,5,1632.8937116746886
9741,2391,691,212,295,340,67,168,248,167,68,220,547,9.84201208073058,25,1,1,4275.00249777031
3165,1069,283,271,265,369,285,99,170,165,24,229,778,4.709241453310675,29,0,4,0.0
6486,2464,458,438,230,254,217,63,420,167,38,289,806,5.870890631614898,13,0,6,700.7833124158915
5509,2013,559,142,225,215,395,167,378,178,20,431,902,0.8268785562082226,3,1,0,0.0
3919,997,286,481,121,136,384,199,190,118,38,118,268,2.7180953684860656,19,0,5,342.5110812357601
3113,2417,627,112,269,304,204,164,485,126,95,498,966,2.9285625923360667,4,0,4,0.0
6504,1204,566,273,177,348,289,31,354,101,99,371,489,2.23472336007412,25,1,2,2264.6264985400667
3991,1856,542,224,219,209,167,152,261,62,91,233,302,2.963098304977433,7,0,3,0.0
9047,1061,546,431,159,417,130,99,412,162,98,382,490,4.836433776884831,29,1,4,4656.363592242134
9350,2498,295,306,194,422,359,145,371,168,94,308,588,8.562824339500942,14,0,1,3652.1074751966557
6839,531,454,442,84,179,393,111,459,88,97,494,116,6.447778101813375,13,0,5,3498.7982712290627
4258,542,335,203,208,175,217,91,439,146,65,240,517,7.980611567933471,6,1,3,1092.1899757921203
6426,2416,447,229,181,369,222,65,275,91,62,176,899,4.878299031789121,21,0,1,879.8389387192994
3514,1874,698,139,97,197,373,91,380,173,12,427,810,5.67939504283944,4,0,4,0.0
8327,2345,685,122,191,488,267,112,295,148,22,124,24,0.6926254641128216,29,0,0,3450.9465936528577
7804,1058,601,351,202,175,277,140,259,91,47,268,211,1.4142969418303397,25,0,4,4146.497513502167
6196,2817,611,424,297,381,240,37,400,155,79,223,328,8.311673040716585,25,0,1,114.05222320316284
9281,1936,647,389,95,180,275,63,191,122,20,264,536,9.92785648004371,25,0,1,4407.084152218429
7434,1442,446,301,97,463,217,62,267,154,32,369,740,7.828473839636994,26,1,6,2686.082529002575
5584,2098,620,254,217,408,346,98,240,140,82,142,584,1.9675916224740797,29,0,1,467.1216522970175
3067,1870,323,154,227,162,238,96,360,91,65,399,296,0.24518768278182446,15,0,0,0.0
4596,2428,459,205,56,366,242,169,244,65,26,397,619,0.39492957033412046,21,0,6,0.0
8660,2136,368,359,144,132,50,79,338,58,18,132,850,2.6835397127462546,13,0,0,4189.217650098592
7478,2584,310,299,109,396,58,82,170,76,92,243,907,8.8095244132132,10,0,5,2230.614039667701
3018,591,489,425,84,139,124,43,493,172,37,234,674,2.1324665976013146,12,0,6,0.0
5730,2343,798,316,279,273,385,48,286,141,88,475,835,6.42695117655797,24,0,4,0.0
6521,684,212,146,240,359,398,148,134,110,28,115,55,1.3831888092650557,23,0,1,3868.448122404292
9217,1227,462,469,197,323,192,143,283,193,96,145,466,7.0653971210330715,23,1,3,4905.124218568762
3572,1551,222,216,193,322,364,20,243,141,13,103,817,1.4707604187217516,21,1,3,0.0
8395,2071,399,473,199,366,243,92,407,179,56,102,43,3.8445284034671934,13,0,4,3687.1963779737252
5258,2919,441,311,213,254,59,40,254,68,56,449,365,2.0606265777632027,0,1,3,0.0
5902,1331,438,254,68,363,188,175,498,113,40,374,517,2.766593036450603,16,0,4,1464.3035676499703
9039,844,502,362,179,248,79,165,289,69,14,446,414,7.098843924566801,20,1,4,5411.763013022324
3650,1942,364,250,117,324,328,116,361,107,42,384,878,5.616497105064884,7,0,2,0.0
8741,1719,375,311,299,482,327,71,202,108,57,468,498,1.0080184843286266,15,1,4,3901.512837742952
8089,2625,228,291,147,226,91,85,379,167,41,335,351,8.344666692771392,20,1,6,3152.5055584833644
9838,666,734,468,56,104,277,134,342,161,88,436,200,6.0352528455871735,6,0,4,6357.474308613769
5587,763,493,342,96,387,334,107,186,84,68,164,761,2.8234146559793416,17,1,0,1995.273472805276
6262,1995,676,197,226,444,250,81,232,154,73,376,120,3.9904052739015827,12,0,2,1374.655601527635
4338,1731,582,128,255,157,370,38,298,187,56,324,559,8.820113650434449,26,0,1,0.0
7996,1786,755,288,92,171,259,21,185,161,18,282,345,3.256104870724692,6,1,3,3625.031625229551
6634,2029,495,271,81,254,227,74,192,85,44,188,5,2.7945391561785495,20,1,6,2560.173576580623
8780,2308,533,470,194,381,135,98,280,169,56,110,36,2.105649606832294,27,0,4,4070.6788771088327
5827,2377,447,296,278,267,97,30,258,103,97,198,490,7.879628189141522,29,1,5,936.5981620421965
8681,2249,440,254,177,128,342,163,134,65,91,138,225,2.5528672998481907,9,1,4,4331.4229649156705
9019,2409,305,239,168,181,255,104,197,99,26,149,743,4.7419124319954005,2,0,6,4229.807267219175
8877,1835,760,392,63,362,391,46,246,75,10,383,370,0.09999021526495788,0,0,1,3880.780233857328
8232,1697,322,389,130,205,396,41,133,80,64,119,148,9.590993228511175,27,0,6,4606.154026571242
5217,2978,234,355,209,376,375,22,310,50,20,266,233,8.332000010810725,28,1,6,0.0
6539,1267,615,263,237,451,360,22,484,196,42,482,858,6.52752859343342,11,0,4,1032.0580583766991
9040,600,526,233,237,109,355,168,268,106,79,352,637,3.069584564022535,24,0,0,5302.472275835781
4037,2232,494,451,101,161,359,62,221,151,65,273,563,1.8759063420492572,9,0,3,0.0
8834,2419,631,428,294,323,240,108,408,185,73,299,978,4.380348670602967,6,0,6,2722.732702254613
7383,2791,546,477,243,235,65,56,307,129,67,387,90,2.23649915510446,23,1,4,1988.365167663545
6978,1871,236,365,280,323,177,113,225,58,29,311,66,9.369993882714775,25,1,6,2925.9782153947035
9332,604,711,128,53,213,352,58,291,161,27,467,728,7.3352788991415965,9,1,2,5501.691596114327
5961,1193,734,238,281,359,234,167,161,56,87,469,33,6.8954803429653975,3,1,5,1932.3305040014757
6226,2190,217,447,271,256,179,84,154,72,54,399,178,6.78730339600258,18,1,5,1855.2063595704979
8686,1810,226,411,271,495,214,182,447,90,52,183,148,7.651729970610742,20,1,2,4145.182520524911
9837,1570,735,184,240,328,142,62,473,121,29,348,639,0.43674011990450845,16,1,1,5097.530147336784
8841,1566,228,348,82,199,328,40,110,60,66,108,458,2.5831297842422805,5,0,6,5215.797871244009
9614,1317,316,450,155,354,262,29,339,50,91,472,922,5.756168355754145,27,0,5,4866.65328371656
4098,2768,331,413,178,278,190,64,407,93,36,137,411,2.18401870062468,0,1,5,0.0
5324,2036,488,332,146,374,164,112,323,118,27,223,3,5.998929091268771,27,1,2,890.779364758037
3939,2691,435,407,277,328,370,22,125,191,26,449,875,9.585806048178048,23,1,1,0.0
6716,1389,241,160,290,466,353,62,429,56,69,136,680,3.3219622735065393,20,1,4,2355.6108313162413
6414,2377,359,372,113,130,56,199,442,172,98,397,820,7.5737710176290785,15,0,2,851.4618163687886
4448,2373,324,318,177,207,105,60,147,73,14,250,303,4.334852345858176,15,0,0,66.96601971254704
3570,1289,459,385,272,381,241,140,400,181,15,174,985,7.16785696565079,11,0,1,0.0
5904,1052,475,348,86,208,71,126,388,56,24,305,340,0.6336476245092515,25,1,2,2352.1131932922794
8096,1343,412,171,255,489,368,188,177,153,48,243,806,3.6464950843813506,11,0,3,3494.3426063510437
8301,1158,672,392,175,128,129,28,108,144,89,138,963,7.256412536627787,6,0,0,4175.539376683216
5505,1518,769,488,119,116,333,193,433,152,48,409,228,8.459846228658265,19,0,0,649.1521484891833
3917,2453,630,297,184,269,152,163,327,136,97,480,48,4.167422205952933,4,1,1,0.0
4874,1690,279,179,153,465,266,143,346,152,30,213,703,5.511525330904772,15,0,2,300.4135759290859
7928,1250,427,484,201,274,191,132,204,197,22,203,694,9.659775864063487,1,0,3,3633.1721559961925
9982,2796,294,236,163,173,134,140,101,146,38,254,106,4.549602510750724,15,0,2,5446.7192895666485
9336,1274,623,312,245,339,126,66,475,89,14,273,195,2.3577300119638855,22,0,2,5339.827246001117
4678,1880,715,426,104,195,307,175,471,54,76,401,305,0.2064642538160355,12,1,2,0.0
3615,1191,364,206,170,101,356,47,369,59,30,119,918,9.21876180749719,8,0,1,0.0
7501,1218,625,306,266,301,277,94,263,122,18,446,183,0.5434767244867644,6,1,5,3332.0273870222386
4749,733,241,251,172,136,127,113,134,81,76,441,264,2.386455217406703,3,1,5,1662.2328410095402
6825,2571,602,232,52,190,211,158,163,134,53,387,359,8.565770947653993,28,0,1,1621.821103473841
9864,1904,615,265,141,332,131,48,205,163,71,387,663,9.393229209536614,7,1,1,4995.888772448523
7188,1505,499,279,200,246,265,76,343,75,76,218,119,6.655277808276462,10,1,6,3299.743086178937
5477,1869,254,220,213,396,100,93,452,186,71,276,28,2.5869717084798105,10,1,6,1275.3596111281356
7749,1901,535,273,234,499,213,138,108,104,71,402,518,2.681756124219535,14,0,2,2784.961120797085
6505,2564,629,430,168,352,300,78,304,185,69,139,401,5.054285864025019,13,0,2,967.6182774401609
6475,2792,533,167,225,470,262,54,142,165,58,104,449,9.341276061063798,21,1,3,1041.9815749363918
7529,1216,605,286,190,311,260,199,365,105,48,203,795,9.468148206865841,5,1,6,2908.193402488146
4135,2062,229,237,110,163,212,55,284,92,50,364,554,4.305916422901993,18,0,6,0.0
7000,2211,734,453,263,104,368,96,132,124,59,245,680,3.2115354483077807,12,0,0,1430.4424071001636
3374,1725,716,487,266,245,134,77,492,105,26,331,830,3.870375767824874,11,0,6,0.0
8162,1771,774,407,296,171,52,21,153,195,62,100,540,2.335938437221985,26,1,0,3800.8066550109493
3206,2665,420,429,284,496,54,47,331,80,64,340,684,1.7205767937038596,1,1,2,0.0
7875,508,793,337,201,204,284,89,368,57,87,477,784,6.838905613997138,18,1,0,3612.8779059109115
4319,1097,693,117,220,429,324,82,251,149,84,233,606,2.5984471592844716,10,0,2,53.04192764836151
4141,522,452,175,150,135,339,199,161,196,65,305,400,8.301244698398934,27,0,4,980.478700108826
7627,2490,763,250,165,246,69,79,267,199,10,315,158,2.4729856271424078,6,1,0,2671.871594116763
9309,2787,520,207,82,355,378,109,483,115,74,308,854,5.5014468774852885,2,0,1,2947.6822307020316
5690,2108,238,252,127,327,244,183,414,188,73,180,905,7.101780327682898,22,1,5,216.5352396752976
6255,2574,664,415,73,448,198,123,411,82,61,335,453,6.52664873760921,2,1,1,508.08177849973754
3089,1604,610,136,199,464,165,135,163,102,24,120,869,1.1336745716710006,19,1,1,0.0
8213,2746,611,432,101,378,53,62,159,172,11,467,887,2.7485782475443665,10,1,4,2204.750609982276
7108,591,691,245,292,212,71,186,378,88,21,390,494,0.16534798556022245,20,0,1,3624.2856848153733
6020,1350,637,225,150,110,376,152,254,147,54,285,410,5.903246068560527,1,1,4,1816.1483110654694
4857,2482,678,384,165,293,239,197,207,99,66,477,842,6.161802554462924,20,0,2,0.0
3804,1607,271,207,172,323,61,35,416,77,51,404,403,4.756868992198947,26,1,6,0.0
3944,799,781,385,264,349,238,71,399,63,11,325,301,6.340853388202866,9,1,3,0.0
5789,2843,419,339,55,488,366,90,156,101,96,304,580,8.512843633713892,21,1,4,0.0
8953,1977,203,474,196,348,76,22,142,171,71,241,671,2.5448924419321575,24,1,1,4237.070188977016
6875,1804,489,201,125,450,389,108,417,141,43,167,68,5.382517313758852,25,1,6,2509.402112056915
4610,1500,579,319,139,368,191,157,448,79,26,481,957,1.3520358962829493,3,1,6,0.0
5923,1582,554,106,206,441,56,70,211,170,50,233,725,2.3473798467678653,25,0,1,1516.1764470198132
9055,1865,279,315,172,390,59,179,474,115,87,451,448,3.04853594536279,15,0,4,4180.300944550894
6882,2889,265,268,113,182,228,152,429,150,84,122,893,7.118876905319698,15,0,0,1117.998193910278
6221,2609,335,173,191,128,52,137,494,126,93,332,403,1.4697771780317381,4,1,1,1233.689476472206
9803,1275,598,392,130,438,152,190,322,88,80,113,562,6.963125840834304,19,1,0,5483.609435042579
8148,1952,546,126,207,179,349,159,294,77,74,441,334,0.936490074374905,20,0,0,3477.0258747731164
7391,2181,258,376,120,194,103,178,280,133,24,308,253,6.79685111898475,28,1,3,3143.2308800212195
8021,2251,718,142,198,499,211,169,270,112,47,459,330,7.8295727870826965,0,1,3,2419.395697922092
7735,2803,436,406,114,358,279,78,459,152,82,406,543,9.019720938530646,26,1,6,1613.7614145060795
5387,2351,278,192,162,221,394,71,356,104,74,472,954,8.300077019660057,23,0,5,0.0
7723,2397,757,170,151,223,260,66,148,195,18,357,950,6.394848131928129,8,1,3,2020.1285231572542
9582,2229,314,368,53,122,330,124,147,161,51,276,731,7.876463044602509,2,1,5,4462.946344126512
8263,1827,661,208,223,492,119,68,326,130,75,362,283,7.188300554296564,29,1,2,3478.671631238349
3941,1114,325,280,185,315,350,75,306,80,95,326,144,4.7329285873036975,12,1,6,276.4700497299628
7925,744,772,314,195,388,117,50,325,186,98,199,673,7.868766888180158,25,1,5,3903.418063085236
8866,1256,699,213,293,191,331,89,280,84,60,277,955,0.05337158551444565,2,0,4,4388.888843001074
5566,1323,301,284,109,123,331,95,110,54,87,241,826,8.042906373401228,8,1,0,1562.9605858077953
3975,2346,373,224,94,206,203,190,492,166,89,119,699,9.240875609301296,27,1,5,0.0
3954,1935,651,204,121,405,273,100,416,56,28,319,727,9.13677390859155,8,0,1,0.0
4262,1740,291,336,144,151,397,93,220,155,40,496,193,9.985599400404064,12,1,2,5.805617775931834
8047,1015,584,240,80,298,238,128,187,169,75,412,955,2.7880647032044523,22,1,6,3731.957590520077
3943,973,404,392,205,393,90,24,200,91,41,348,90,1.3680780832715589,20,0,3,717.379052295957
5202,535,562,257,169,399,222,23,198,106,84,276,895,4.92549519299606,16,1,4,1591.3057544716553
8300,1910,697,495,289,444,287,162,121,132,17,335,264,3.4250996047086026,8,0,6,3199.9462095178565
9231,2292,736,373,113,481,319,149,203,173,78,232,563,4.57271387456608,11,1,6,3326.3523953197
6327,2234,433,477,214,155,214,196,170,112,41,452,338,3.628589404690593,5,0,2,1471.9527522055046
8630,1329,215,440,116,293,179,75,385,67,56,414,163,8.55049818395747,2,1,6,4740.858957304516
8192,1592,340,216,158,144,54,155,415,166,79,108,568,5.426704305914587,20,0,5,4356.829147733931
7274,2913,619,473,256,484,179,35,154,139,17,152,374,7.929015872525299,10,0,1,1535.910380331421
5259,1685,655,161,117,442,225,43,226,69,43,190,476,2.9809638716636555,28,1,2,932.5228889748703
4828,2262,499,123,84,338,71,74,138,51,13,370,522,3.9469465786562785,12,0,6,437.3794062000859
4257,1444,538,159,147,471,90,88,492,113,45,325,31,2.8638047628960486,24,0,0,348.327638674762
3464,2011,502,461,85,331,202,79,484,79,53,437,730,9.71458775096593,13,1,3,0.0
8870,930,791,415,234,419,95,178,486,199,34,359,691,4.45419433571924,14,1,2,4041.4062562186655
6294,2522,275,364,247,338,399,39,238,155,35,417,124,4.097348872400238,14,1,6,1057.41114099173
9774,1358,515,279,181,491,58,73,231,168,42,336,806,8.398528019194467,16,0,0,5115.656851853653
9968,729,699,331,98,235,150,156,335,83,18,312,471,7.570829614115926,13,1,6,6541.862166303645
4230,2917,274,242,271,384,96,181,260,174,56,309,858,9.203455692636535,15,0,2,0.0
5654,677,565,432,216,112,379,99,144,175,81,407,63,7.543406852265768,9,0,1,2281.4905812010893
3884,1933,745,344,67,484,256,163,264,106,26,263,282,3.470533865584903,16,0,3,0.0
6805,2113,595,180,109,128,290,89,439,64,24,198,935,3.0181460833008353,25,0,3,1773.6939603738047
9509,2263,430,225,135,277,52,153,325,88,51,285,95,6.845679402471834,15,1,2,5206.774821642739
9419,2274,227,236,187,392,313,54,248,77,63,170,108,1.2964618564878172,13,1,4,5160.248312949656
9523,1474,674,155,162,356,85,124,413,61,22,325,363,0.8882020018386116,12,1,1,5427.5419421852375
8428,581,494,312,270,207,348,150,406,59,59,293,853,7.944501357828548,3,1,1,4511.507886370402
8750,1345,626,193,72,168,292,40,426,149,53,435,122,6.35904100518386,21,1,1,5002.278419703634
8040,1716,290,482,117,472,287,154,243,56,12,409,762,2.188676298927017,2,1,4,3118.0597842063626
6856,1117,314,391,108,275,368,97,323,130,62,351,944,6.694993930594052,2,0,4,2238.116003008563
6135,2763,358,227,260,282,268,177,277,69,65,257,745,3.0947279458446255,14,1,1,337.500631710022
9953,2837,457,316,139,341,250,41,430,96,63,130,735,2.8414741302321547,3,1,3,4161.50636143565
3924,944,572,298,56,293,76,161,275,77,66,107,378,2.734217458273822,15,0,0,639.7484363486373
9034,1422,289,119,62,466,138,108,128,67,21,198,122,5.0676948346390525,27,1,2,5945.028420460881
7589,692,497,154,180,418,318,86,397,106,68,437,175,9.41353930629556,29,0,2,4034.3505708754888
4546,2162,230,345,217,121,356,152,197,158,74,327,354,9.484266449678664,0,0,4,0.0
9065,788,557,350,60,449,373,134,286,86,46,285,885,5.463865119210626,4,0,1,4790.821256265384
4094,1667,669,159,257,110,173,78,475,185,29,184,704,8.685295001409667,7,0,1,0.0
5411,1930,327,262,261,384,330,156,429,153,81,359,116,5.052270857929065,29,0,3,420.88674404367634
5617,2334,469,301,100,461,304,195,323,154,46,195,289,4.920630782041932,5,1,6,487.2978829599532
8921,2470,697,326,264,358,51,121,207,149,40,179,768,0.381765538271982,2,1,2,3193.4739243073677
3762,1395,612,228,200,272,378,56,183,93,34,373,553,7.4509857984614,19,1,1,0.0
5323,1419,408,144,81,304,172,87,479,114,59,377,827,6.3723458019214245,4,0,2,895.8204981022286
7145,2534,505,296,218,347,285,167,357,196,58,382,994,3.6714767838886697,13,0,5,733.0960337460428
5775,2052,390,265,91,358,126,104,235,98,17,175,348,1.469755796961708,10,0,2,1545.5209312719344
8001,2200,556,346,296,429,127,197,213,116,44,131,145,9.903831981696216,4,0,1,3315.930635496592
7659,2560,656,325,215,369,381,43,396,140,22,395,197,8.167188121929636,1,0,2,1872.9273662902901
7878,2225,648,379,244,180,212,143,227,95,30,457,645,6.272608223863051,18,0,2,2317.2895035487236
9628,2887,267,359,293,420,199,145,188,119,82,335,218,0.1662634789964057,25,0,3,4151.5431268327475
6155,2397,666,446,249,498,97,68,238,140,33,331,166,8.697735010892492,15,1,4,762.4767554734219
6970,2299,559,296,151,287,163,155,123,158,57,429,310,6.098043163626964,29,0,4,2012.9230599269943
5040,811,586,206,170,472,113,94,134,154,42,263,884,1.5800690903067371,7,0,3,1152.505800565292
8927,1627,327,368,281,485,199,129,232,96,10,365,658,8.141191951010795,28,0,1,4088.094783271881
3583,838,684,331,127,437,122,25,498,174,81,470,677,6.03577161559525,16,0,2,0.0
8415,2847,443,200,121,330,96,59,205,132,12,230,386,5.308193165670537,19,1,5,3209.0604213781135
7331,858,218,259,252,127,345,100,369,79,23,175,884,1.3995418159174966,1,1,6,3695.104782487182
5103,2716,595,194,155,449,230,128,373,153,23,323,626,2.547236140672111,8,1,5,0.0
4942,1672,428,306,299,422,308,164,203,172,58,162,613,6.904719852272714,26,1,5,112.3560022106504
7455,1267,567,412,168,102,144,70,273,139,42,470,275,3.501394413969386,11,0,1,3520.0540849256363
9026,2589,257,334,219,336,150,21,324,159,13,449,120,3.4654828583826216,12,0,6,3916.48295715168
3109,701,480,426,220,280,132,177,167,150,47,493,65,1.8026672775439034,14,0,5,0.0
3191,2192,756,253,82,103,131,179,156,110,34,248,838,2.0582085950798756,22,1,5,0.0
3903,963,301,199,128,499,170,69,139,177,56,119,132,6.742805936897854,21,0,0,896.2383509472814
8212,948,247,337,214,447,52,163,312,115,22,114,792,9.2184264288685,19,0,2,4546.043615021301
3861,1412,761,206,127,171,62,102,272,62,48,450,233,0.5431000019868193,0,0,0,0.0
9711,1297,792,445,168,281,213,64,499,109,34,235,52,4.9238236981377135,24,0,3,5456.3041020801475
4083,1293,258,463,267,203,154,199,211,156,82,377,204,9.561590275451623,2,1,0,153.11526942885763
3649,936,360,229,106,371,394,194,417,156,52,209,907,5.352484917872759,28,0,4,0.0
7134,2416,302,398,241,386,397,52,378,58,47,215,580,4.233344011495027,18,0,5,1602.0523093745346
6611,2273,611,142,241,186,215,147,315,198,44,431,907,2.903738034103106,21,1,5,885.5856409483831
3636,1030,382,162,237,485,124,117,300,157,64,372,977,7.544749056369931,28,0,2,0.0
4036,1064,616,172,101,172,109,171,182,114,59,461,66,8.952359595655022,29,1,2,805.6741950375327
7131,2120,315,285,121,190,282,54,318,118,87,111,309,9.898458832044374,21,0,6,2730.7995084318836
5148,1796,598,216,290,272,122,104,203,61,43,224,899,3.088271696759861,10,0,3,157.92208698429715
6865,712,636,403,117,409,327,107,150,198,34,194,234,1.2722431927859301,19,0,2,3604.7226184050896
6157,1448,517,104,149,286,198,120,356,110,51,480,18,7.236376700124988,20,0,3,2397.1756347136425
6587,1627,449,175,131,335,172,79,176,161,60,418,852,8.308394546785262,20,1,2,1861.7035875877077
6294,691,646,390,204,261,338,48,103,88,46,427,984,8.728843183683452,12,0,0,1967.5706416553069
8457,1903,696,448,108,172,53,37,410,71,75,353,578,6.041888709400524,10,0,6,3605.736923352434
9079,2490,542,499,68,324,286,67,188,139,94,147,902,9.60332558042176,21,0,2,3245.4067273464902
7261,1604,626,182,52,483,257,30,237,132,43,309,136,1.1209114486833738,18,0,3,3252.9158806509095
5430,1204,439,159,250,329,221,150,349,106,92,343,771,3.079667393062635,13,0,5,1050.8847322097238
4879,1048,258,206,88,353,256,189,462,90,47,126,182,2.9969884864474174,10,0,5,1588.027249258105
6966,2361,726,216,115,261,199,165,129,164,40,461,250,3.9880294814162456,8,1,0,1888.9611901473597
9933,653,402,406,122,454,273,35,497,184,35,216,22,7.508824251298288,6,1,5,6768.129075025263
6713,2165,665,482,233,349,108,60,323,138,85,162,330,0.20232346612005236,3,1,5,1583.9644777930475
7126,1070,495,446,183,298,342,62,257,82,35,297,978,0.17360664469581732,2,1,3,2589.0967271931395
7106,2284,486,181,279,339,200,190,104,52,72,255,832,1.3725370986269125,11,1,5,1739.3118075900254
5011,2787,272,414,77,336,210,110,370,88,57,225,771,1.857551014771125,9,0,4,0.0
6373,2921,722,419,225,175,162,50,147,145,88,256,520,9.891607856098801,6,1,0,449.64340193401074
5143,1304,536,460,147,441,281,47,452,72,19,206,41,2.579394003273258,26,1,4,1228.1086306601017
5500,1298,517,240,142,394,235,70,303,95,45,401,582,4.57475986660464,4,0,5,1300.8326854211082
9335,1110,402,321,225,496,288,46,380,55,49,186,921,0.28997078000329135,28,1,5,4655.851240826552
7581,2306,430,169,244,144,296,28,374,120,35,412,20,9.304835739040552,15,1,3,3086.6298662048184
4289,642,762,486,231,442,189,140,158,105,18,327,111,0.47104082951947346,17,0,4,532.8044423428993
4447,771,256,111,175,278,161,143,280,70,62,109,378,9.023214957971252,21,0,2,1586.7954443894569
6199,2055,619,396,65,321,244,185,266,146,90,407,649,2.002967740608672,18,1,0,734.7512493337669
9381,2973,479,204,285,474,174,183,482,129,79,126,521,9.089121074813914,12,0,0,3214.883224947751
4943,2593,504,306,84,116,288,79,360,75,95,373,189,3.3066632719469133,6,0,4,0.0
9059,2642,665,164,124,318,50,76,312,128,89,396,704,4.767929760842482,28,1,4,3438.9734844352674
6183,2611,373,162,156,183,170,194,199,156,95,152,99,7.109555621901129,29,0,0,1711.0384276405027
8947,2960,465,277,136,290,138,133,489,150,62,112,578,7.431650683812945,9,0,3,3133.580980809595
8565,958,446,107,207,490,69,87,118,162,48,250,354,0.3402998957832093,4,1,4,5259.744424030284
8462,2238,277,258,225,231,322,70,423,161,70,150,492,0.19453733518519867,6,0,4,3598.1185533183343
6216,1932,452,110,118,386,226,77,123,99,61,395,11,3.216699268252615,29,0,5,2086.725013530933
6136,1005,674,372,165,193,163,67,189,78,77,334,602,5.11583677974012,3,0,3,2214.798304260205
6318,2209,375,479,57,194,331,78,246,150,77,442,720,8.733799477344128,13,0,3,921.6453313619492
5782,1596,620,194,156,283,76,95,414,196,82,139,914,1.8095315728561923,11,0,0,1034.2143986539436
3990,583,771,254,156,231,237,66,416,153,87,405,969,3.726747240301136,0,0,4,0.0
7920,558,660,305,163,181,136,162,131,144,51,219,42,4.35397505563529,14,0,0,5190.49011679278
8558,1544,453,214,228,439,129,130,461,107,99,468,601,4.8770963324713605,0,1,6,3706.364796363455
5153,1981,719,478,59,395,229,131,144,191,76,128,903,7.048476715316127,13,0,1,0.0
9324,2704,306,186,77,459,104,91,331,174,84,173,691,9.09903051995111,22,1,6,3785.654594055416
9327,1852,370,411,213,211,296,140,229,192,60,217,742,1.2908222984613194,10,0,0,4615.480792134111
3225,2096,257,296,109,402,366,114,324,112,12,321,1,4.702035252406171,24,0,0,0.0
3776,1075,536,449,59,405,282,21,400,50,22,249,331,9.848277589653417,28,0,3,0.0
5837,1179,541,197,191,150,319,98,260,165,22,285,678,5.991473869089177,5,0,5,1691.4921005786148
8208,702,489,118,151,393,158,59,378,113,70,322,565,8.485933705192677,15,0,0,4773.411031807195
3687,1629,283,412,112,492,287,190,325,188,33,397,887,8.897293614248861,12,1,5,0.0
3529,817,316,115,278,288,356,67,205,58,29,122,679,0.7103961751720134,2,0,6,0.0
6442,1705,733,144,224,307,204,76,168,146,83,357,734,4.809293526584487,24,0,2,1477.3730645792732
8067,2138,418,254,246,248,217,31,307,167,96,305,156,9.618637964250016,8,0,6,3372.7571738813763
8031,2296,301,330,296,364,117,87,298,178,64,395,71,1.4925805961993033,28,0,6,3003.5090598003735
8518,905,655,256,105,471,314,198,236,59,44,474,270,1.884341665394994,11,0,0,4682.017910793438
5153,1178,725,212,183,380,284,93,343,190,87,401,25,5.060573483467323,16,0,3,961.4389096361979
4294,1770,465,476,271,212,88,48,476,160,89,459,431,1.3316976603771258,9,1,1,0.0
9094,2389,486,458,196,135,192,111,460,54,39,309,611,8.599011526916163,4,1,3,3927.386720496431
9974,2047,340,482,229,210,394,48,187,102,92,299,168,7.627830152406522,2,1,3,5358.786907360355
4526,2143,605,143,239,270,67,102,148,140,42,461,247,8.495704879602405,24,1,5,0.0
7774,1859,492,464,177,177,101,134,125,152,50,327,67,4.052228812095175,22,0,2,3811.6727038027293
5896,1945,230,464,226,436,271,126,323,95,75,302,764,6.469305773386629,3,1,1,619.3296771158443
6103,1334,370,209,127,127,342,160,382,138,58,465,625,3.270662444041469,4,1,2,1843.8702393408653
5440,2741,554,210,188,144,129,117,268,88,17,287,672,0.6316634280432232,24,1,5,0.0
7135,2855,404,322,95,460,230,65,438,137,93,435,139,7.748334320266844,27,1,1,1462.6841495546496
9803,2168,677,485,118,403,189,39,489,91,12,498,433,9.716773992631534,13,1,2,4178.845609800324
6802,2430,490,489,94,491,258,78,310,80,94,331,500,2.8595325623207932,15,0,0,1105.2880389876132
8201,780,310,364,144,241,384,139,206,120,74,402,202,2.8763344661338976,19,0,1,4911.824929996184
3844,2313,267,370,157,114,330,55,442,124,94,227,989,2.065422539782664,6,1,0,0.0
8839,1432,572,311,107,227,171,20,421,74,81,438,52,4.2658761805842635,4,1,2,4898.15176401656
9344,1107,395,413,209,266,260,109,416,181,11,415,748,3.757161491124595,16,0,4,4804.427340475764
3446,982,325,357,265,252,393,150,422,77,96,171,857,8.848770123484863,10,0,0,0.0
6915,1746,461,486,164,162,184,63,421,51,50,482,177,7.902752964243826,16,0,4,2423.2138229165726
6109,2272,354,346,59,158,226,79,304,75,62,372,541,8.80562301525812,21,1,4,1219.259999264301
4234,2664,780,154,190,302,88,150,323,121,84,348,739,9.194777509646128,17,0,3,0.0
9587,691,307,408,160,256,124,104,142,70,25,165,759,6.792411914071993,26,1,1,6330.866646179969
8446,2517,622,449,293,102,98,101,206,99,18,392,480,6.43336810757679,20,0,2,2915.22487439425
9904,806,234,171,62,138,266,178,161,66,48,467,414,4.66141341924974,1,0,5,6962.821229265686
3226,1031,243,395,85,377,295,80,112,79,73,379,769,0.8292139385445141,25,0,4,0.0
7143,621,615,312,135,200,280,68,182,92,45,180,590,4.462781500827678,16,1,0,3643.4683874208367
5959,1091,484,394,177,482,304,63,379,87,32,242,961,3.6257924129038424,7,1,0,1209.7887481262844
8558,1975,646,270,250,268,252,199,473,174,56,150,308,3.784283952912996,19,1,3,3646.2792981290613
4830,558,717,345,171,119,193,50,452,108,58,378,715,5.0143030896999585,9,1,3,963.6069489929049
6779,2848,226,240,196,240,345,91,176,108,64,446,209,5.272985187837762,29,1,2,1525.9091706337895
3186,2073,426,203,293,446,56,108,194,93,19,313,839,2.160027834032867,12,0,6,0.0
9488,1640,624,204,167,374,150,196,265,125,72,402,962,2.7481728390763873,20,0,5,4407.855580313612
9367,2310,767,339,295,421,345,65,107,80,35,289,354,2.031942420447642,5,1,2,3881.8741593559707
5877,2305,567,410,184,292,375,158,413,151,57,304,183,7.363951278377664,21,1,0,524.6874129356147
5535,898,509,497,64,486,277,123,257,96,39,340,160,9.643846443752755,14,0,4,1963.1222465686917
4932,1441,304,420,130,251,152,84,118,176,11,343,158,2.447416882795972,3,1,0,1352.3274947531827
5924,1027,217,379,95,335,141,164,385,92,38,367,451,8.63662771503682,17,0,4,2354.23034535969
3848,2945,404,470,255,393,327,135,154,196,63,198,278,7.30240882211337,27,0,0,0.0
5032,2274,242,468,282,485,236,47,273,199,41,483,100,3.0620031078298373,1,1,2,0.0
4252,1921,288,121,97,307,195,101,265,114,47,447,766,5.249230975854287,0,1,5,0.0
8509,2169,785,177,115,136,316,93,372,172,30,365,172,6.099767965815755,4,0,6,3509.015674615405
8074,2050,356,400,255,487,168,28,453,99,36,301,108,7.714324311982098,21,1,4,3260.796557270951
8708,935,465,491,53,177,313,181,481,102,97,144,802,5.443578442953135,27,0,2,4402.519955859661
8112,1339,333,294,52,271,325,167,136,100,43,315,359,6.557394776158656,9,1,5,4389.935740839772
9331,859,663,419,52,144,252,150,410,69,32,447,372,3.2051935036716515,15,1,5,5512.312643386953
4881,1652,331,452,252,436,108,148,471,141,87,458,229,1.2330227862534027,17,1,2,0.0
3269,1363,233,470,118,183,396,79,489,94,48,136,704,0.6009021382975743,13,1,0,0.0
4630,2150,282,120,289,479,202,116,424,173,78,492,898,2.9182869071272286,18,1,0,0.0
7405,2232,331,259,296,192,235,69,141,164,82,199,9,6.67776526897045,26,1,3,3171.242307602953
6203,1745,627,331,142,253,164,155,354,141,54,454,499,0.8910742483870304,2,0,2,1175.6555213664442
9139,2761,403,460,77,205,324,165,164,185,72,462,221,7.3887280232401515,26,0,5,3650.267835726952
4574,1415,535,400,72,457,285,49,435,160,17,276,633,4.07243636694539,10,0,3,0.0
8191,2298,696,143,79,308,115,116,193,70,16,351,121,4.681158871418893,6,0,1,3760.7079917799965
5892,2682,641,396,111,303,312,169,109,67,39,152,283,2.1302449493384854,7,0,2,596.9563396241504
4695,885,457,451,136,347,100,100,279,155,21,460,79,6.972869374242279,10,1,3,1241.174284451772
6258,1826,491,279,100,447,380,28,379,64,29,250,515,9.704828704955036,28,1,1,1496.2514608269917
9629,2305,324,494,90,492,281,41,120,187,73,226,116,4.010838773366779,1,1,6,4876.749302389726
6262,2085,374,200,263,451,62,157,279,112,38,495,879,1.1555740988644936,4,1,2,726.3493217137333
4445,1712,691,214,113,325,364,86,458,197,64,342,876,0.17143321814086843,6,1,2,0.0
9263,2049,279,312,92,435,343,28,178,170,21,440,696,8.66173062802415,23,0,1,4114.811956569523
3219,888,504,117,253,147,69,66,232,111,93,128,195,7.053136612348181,25,1,6,213.45710824370227
3052,1203,709,494,140,345,262,59,263,146,31,327,534,8.463916736478131,2,1,0,0.0
4757,2238,543,126,107,130,319,55,214,180,32,206,359,3.926719242644945,13,0,1,131.91211071922825
8570,1363,769,457,108,282,89,166,377,178,57,328,251,6.332970519993784,21,1,5,4052.4463152261296
4666,1559,290,384,217,356,184,117,491,59,54,382,918,3.878522845683862,8,0,4,0.0
8356,578,368,248,223,225,311,21,151,98,35,297,433,3.286486166058731,3,1,2,5322.557578787922
9901,1798,533,384,111,318,230,192,484,114,37,247,590,5.903251145675737,5,1,4,4971.692331982887
5785,1801,435,236,226,344,276,102,183,172,64,281,76,2.1846562398617286,19,1,1,1571.9361952457134
3719,1173,598,288,165,238,314,180,383,142,82,147,768,7.289822605359375,4,0,0,0.0
3405,2859,787,289,256,326,155,83,386,103,78,206,868,6.337084534253883,2,0,4,0.0
9751,703,676,298,160,485,370,173,408,112,11,283,535,4.064763529164147,28,1,5,5271.164150141709
9565,1484,734,201,72,401,145,138,251,95,37,249,427,2.852758845160064,3,0,3,5347.006951036421
9855,2475,784,190,221,356,344,130,353,170,86,250,576,3.597501990553833,18,1,6,3801.5095191023797
5294,516,287,323,282,354,172,181,400,56,88,261,300,3.1143643709861593,3,0,3,2066.0759667708026
3071,975,452,104,221,169,326,175,490,133,62,359,497,3.6132379319673245,5,0,2,0.0
8949,1516,557,452,68,165,86,111,229,177,23,371,364,0.15925414674398897,17,0,2,4929.4170157807375
9328,709,257,114,221,101,317,97,162,61,55,423,716,3.403485404482851,11,0,0,6088.300300418088
5053,998,598,104,60,424,247,25,438,123,87,127,504,5.4081704829807355,25,0,0,1261.628520872998
4229,928,720,329,109,368,304,158,140,87,76,332,933,4.824087523534492,0,0,5,0.0
4567,1829,724,456,215,438,64,65,188,144,83,121,976,1.411894540628652,23,0,3,0.0
6682,2605,616,436,281,402,134,39,378,198,79,107,183,9.469534873577686,18,1,0,1167.3332144925444
5953,2053,592,213,284,228,141,183,277,70,29,317,178,1.8442718599426178,3,1,5,1147.6862754279155
7482,1731,421,103,52,245,149,132,429,154,44,330,285,5.779309669274145,3,1,3,3345.572036884438
8887,2034,528,283,193,212,223,35,260,141,57,449,851,3.713403915865965,19,0,4,3598.3185382035745
3698,2367,571,312,273,387,264,192,142,168,52,213,873,6.733240937042854,23,0,3,0.0
8296,2376,710,346,279,195,135,67,154,156,29,280,516,4.357380281258354,13,1,0,3063.686764864864
3826,1398,352,133,58,366,131,132,150,54,65,236,836,0.41011131841372284,3,1,0,0.0
8918,1606,679,395,90,107,371,23,453,143,12,445,885,6.338062624862292,2,1,3,3483.5911498951236
3348,1567,782,295,87,319,166,195,264,81,77,222,237,9.256767612277216,27,1,1,0.0
8374,2006,219,226,118,312,216,117,162,83,20,153,758,8.695299913681115,21,0,1,4094.274465767676
6908,2167,792,241,242,201,291,128,422,78,71,430,420,3.282956848601688,28,0,0,1450.4971222945965
3307,992,427,235,84,265,327,175,348,167,70,476,719,3.251337192189103,17,1,3,0.0
6416,1104,545,227,176,361,391,177,426,182,67,197,148,5.876253299551238,9,1,1,2501.4233449142635
8246,1447,218,422,212,101,183,48,206,156,38,190,225,1.966732191282845,11,1,2,4761.492970286062
9056,793,643,273,253,301,229,168,276,195,47,109,749,6.276922643194763,24,1,4,4934.737911517962
5334,1671,567,317,277,428,214,61,228,127,93,341,625,8.011745523320885,12,1,4,452.4928623622281
7861,2518,346,213,262,282,261,147,354,60,97,495,837,2.035228295117127,4,1,6,2089.4243566967157
7820,671,703,474,97,358,55,69,292,53,96,363,745,9.579295539526674,29,1,3,3934.4484830492947
5809,2086,629,449,156,421,122,108,193,162,31,297,126,5.032312961086699,22,0,1,942.1261181726836
8715,1030,639,111,57,327,126,145,195,95,95,443,581,2.17693684304297,0,0,3,4933.698282294038
6558,1643,397,343,76,299,332,22,276,173,50,356,969,0.6691510390756383,1,1,0,1608.507777776054
7478,2359,486,151,58,125,264,42,146,180,93,380,734,2.865065224374365,29,0,0,2501.673189721318
6477,2260,764,285,269,449,214,126,226,102,72,400,645,4.734458872491314,2,0,2,651.8358049582723
9531,2613,568,332,207,201,223,24,365,147,47,274,834,4.785560058316421,29,1,0,3663.37788478615
7620,2688,439,101,63,235,147,44,399,185,59,366,760,2.044483866868516,19,0,3,2191.860500760512
5686,2993,486,100,200,430,74,54,339,183,16,289,43,2.582418458507939,25,1,4,416.10190298319975
5985,688,594,338,78,444,200,84,399,134,33,314,950,6.7830564377369456,18,1,4,1668.691857922602
3275,657,717,154,75,471,269,58,324,135,55,139,819,7.748221543639159,1,1,1,0.0
5547,2470,760,319,263,296,203,142,464,67,34,170,600,1.0777116342166093,13,1,0,0.0
5764,745,259,203,192,129,125,130,103,183,87,318,339,6.659202643014225,21,0,1,2830.4224037490562
3336,2877,744,454,164,398,280,37,163,140,38,464,738,9.163277477135274,16,0,0,0.0
4973,1349,502,423,122,232,52,44,409,157,76,104,448,0.3521271080354871,23,1,4,1172.7884204448142
5979,2310,443,437,267,355,122,119,335,160,89,324,947,6.130826258983637,16,1,4,79.72920625495982
7576,1594,406,495,130,119,160,148,470,50,94,284,414,5.8266135590272885,25,0,5,3149.979473773084
6968,1836,574,405,250,407,384,156,352,64,31,243,252,2.357727251893057,1,0,2,2172.278973625437
3910,2626,482,376,116,120,121,188,268,191,94,494,973,8.24761862237487,13,1,4,0.0
4996,668,677,109,298,486,304,114,129,126,95,281,66,0.06550993677208572,18,0,0,1536.4830909416828
6129,2727,221,440,193,140,267,41,170,134,18,482,763,9.291413870364453,19,1,4,482.5973350518386
8447,2151,758,203,190,479,257,192,329,160,96,405,335,5.9810655621471875,4,0,6,2876.606654514698
9129,2807,548,444,139,463,298,199,449,166,58,315,461,4.909900188707523,19,1,4,2922.0468718119837
8850,2009,688,469,258,251,339,39,235,90,82,289,578,7.401360307285748,5,1,4,3602.177497909659
7204,2295,457,470,145,407,389,140,184,163,45,455,645,9.42197484178036,2,1,3,1370.7877953970572
6757,2844,246,297,201,101,114,159,464,55,14,362,520,8.218585101468356,7,0,5,1367.530201077219
3327,1119,226,113,167,143,334,143,426,69,99,447,736,5.677775923874656,26,1,1,0.0
4799,2907,226,267,111,140,53,83,296,117,13,415,488,1.2605364692234788,15,1,3,0.0
3314,2664,596,459,234,425,245,179,259,89,33,394,779,3.8067355623775967,1,0,2,0.0
6545,856,344,437,85,362,168,81,307,196,50,176,65,8.730743696146694,8,1,5,3449.3351830020265
4134,2986,786,129,237,393,239,152,139,153,23,150,831,8.51212843546363,22,1,5,0.0
5746,2177,721,113,294,272,215,139,289,176,21,490,298,4.197244948293165,23,1,0,539.3071510261617
7876,1711,320,337,263,108,281,63,317,123,91,223,877,4.731189029513639,21,0,3,3029.417341779461
4520,1804,661,465,173,152,179,176,254,174,53,223,443,6.842921597366722,13,1,0,0.0
3155,2034,581,161,250,383,141,52,222,118,18,266,322,4.393185442705397,20,1,2,0.0
8592,1989,617,209,71,227,381,106,319,51,75,304,332,0.8948797150571763,11,1,5,3983.966580080318
4724,2463,526,408,154,118,174,119,388,144,47,263,30,7.295377982889493,20,1,1,0.0
6343,1861,590,259,163,231,349,32,421,93,86,111,968,6.499835259191144,27,1,0,1027.9538884013239
3886,698,496,431,159,112,256,69,204,102,66,427,167,1.9866740076135392,29,1,1,465.7528493809326
6073,2287,283,154,261,319,163,149,178,55,56,206,104,8.027899353375926,6,1,2,1845.225431550149
5805,1573,345,348,52,366,150,175,298,92,64,455,839,8.165534290908656,3,0,5,1080.9645436352341
3721,1665,370,355,213,344,81,37,311,196,97,152,21,2.4705511692601076,0,1,1,0.0
3912,2306,533,121,146,357,180,85,112,195,11,288,985,1.4139092259592745,21,0,2,0.0
6357,2037,623,202,259,239,66,193,451,79,92,466,760,1.9626568697089064,20,1,4,977.3729028713726
3870,530,508,400,85,481,297,164,384,194,27,221,124,4.932050681763895,22,1,5,488.65827363632104
7108,2880,725,474,59,346,113,180,423,166,75,335,719,3.19327656890008,0,1,2,556.2067302165584
9751,1159,768,363,149,331,127,118,237,180,99,122,991,6.733848473315778,22,1,2,5226.343821602332
3497,2724,546,335,70,155,249,52,455,127,66,378,418,5.212534374195167,10,1,1,0.0
4756,2917,501,420,266,187,90,115,175,163,73,329,99,6.711712087096201,25,0,6,0.0
9381,1046,546,332,226,353,307,103,285,65,97,384,704,2.2080705545186143,17,0,0,5104.467322389643
4117,1629,607,267,153,151,230,177,313,141,36,251,763,5.911692250300643,22,1,4,0.0
6409,2644,332,332,164,346,339,41,483,109,62,249,326,8.831909275837738,25,0,3,915.0862258532952
5828,2777,305,104,186,351,174,144,454,154,68,111,433,5.836734357616038,26,0,5,371.54846283486944
8290,2774,370,144,161,224,393,193,285,55,38,435,624,6.888312489131173,17,1,3,2498.129571289356
9100,870,449,145,268,300,161,63,459,88,81,292,39,9.502460939179823,2,1,0,5886.594372708289
9749,1623,743,263,297,487,284,94,308,54,23,470,367,8.86467470276201,22,0,0,4686.111610851352
9804,1968,461,268,169,460,251,133,169,52,77,135,842,2.249555363154927,17,1,6,4819.104135568639
4647,1991,693,434,298,231,89,181,144,123,52,141,522,8.16281463712359,19,1,6,0.0
8686,2602,443,263,128,276,248,47,277,79,38,333,972,9.80027921771051,29,0,6,3024.3703612201007
9992,2971,650,355,229,151,360,182,275,129,66,483,40,7.887540796194701,13,0,4,4021.7143011664893
5983,2862,489,165,145,133,175,28,369,60,42,123,3,1.2868655490320269,8,0,2,1378.9176792680491
8586,1651,462,359,225,121,123,126,452,180,30,137,472,6.202155124216173,21,1,0,4178.229979210543
9771,2579,513,187,237,240,228,41,271,64,50,259,2,6.5277836602041805,10,1,4,5159.927829041437
3142,592,284,339,294,418,54,104,343,103,10,354,375,1.4741802159992123,23,1,6,0.0
8320,1781,614,410,157,370,361,44,255,178,36,285,841,5.550658699126558,29,1,0,2786.604555449329
5761,2425,528,158,168,267,167,100,288,62,11,153,196,9.231664596159511,14,0,5,1275.0206541613948
6435,1743,244,269,227,137,281,98,298,112,73,352,843,2.954194999285571,29,0,2,1567.8741628193234
9622,2071,532,357,216,460,198,188,174,161,60,431,161,8.074309420463798,26,1,5,4563.544365184561
7660,915,664,145,193,345,363,26,132,105,63,365,587,6.434831720163209,14,0,0,3851.974041777264
9614,2913,399,101,77,334,250,78,294,88,83,156,564,6.745375902966661,15,1,6,4312.5107419653
5431,2044,400,228,292,154,398,52,496,151,83,303,293,2.9952272997956317,24,0,4,511.8197702780679
8811,2878,528,368,55,472,80,119,192,116,39,432,462,7.570342902187569,27,0,2,3047.8517019973447
7512,1188,439,425,110,219,286,123,233,157,10,178,340,6.3669409285255885,24,0,2,3672.9931037594706
4848,2165,782,377,55,165,204,79,291,139,38,351,758,5.240942316898838,22,1,5,0.0
9451,2558,558,116,279,421,247,100,205,188,22,481,3,4.90537625617392,10,1,0,4311.326307223478
5696,2030,559,286,171,427,156,141,330,125,82,129,714,3.0690770852762506,13,1,1,552.1532559847197
4717,918,577,441,288,265,208,77,398,167,52,408,377,2.0213912076635077,9,1,1,530.9932459560121
8486,1645,584,425,243,309,218,63,127,135,50,176,585,7.670959243538199,1,1,5,3904.724956796274
6072,1410,664,215,154,174,350,140,413,71,84,342,966,1.9948864233360353,11,1,5,1151.0641268172428
4067,1854,421,358,217,233,307,67,114,61,97,275,840,1.6737921224384544,26,1,1,0.0
5786,2066,564,465,248,364,111,144,251,99,98,398,785,8.511852664618193,26,0,0,32.755965979854835
8962,2895,271,348,268,273,198,184,462,66,67,228,302,0.7995545981795982,21,0,0,3469.4797178969616
8217,911,439,297,111,342,211,172,469,74,86,181,410,1.53362254907914,23,0,5,4353.996797591624
6791,1747,703,436,77,188,135,172,189,132,23,394,106,0.9106175243483905,11,1,0,2402.8489848304835
4288,652,613,326,129,349,62,76,289,150,50,495,283,9.581861725540836,12,0,3,841.4475780225115
6871,1735,326,276,224,130,324,32,292,163,76,277,696,1.0483589469918597,19,0,3,2331.2104451709743
4806,591,686,342,58,376,173,96,125,151,63,492,991,0.059896724799218815,8,0,6,631.7559282523047
9283,830,796,456,229,137,153,31,209,154,15,231,585,6.124144414082745,7,1,4,5585.7630419650895
4504,2164,726,134,64,407,98,127,450,98,55,475,737,7.134927009682645,16,1,6,0.0
6308,1454,447,234,211,237,52,135,228,92,86,318,758,1.7767416527390367,23,0,4,2018.3640681321651
8112,1751,681,405,69,175,299,47,181,68,10,354,388,3.48805118964317,12,0,5,3610.8303290690424
8048,693,511,109,255,438,302,135,308,129,38,191,403,3.098002201717124,8,1,2,4551.59109002007
5951,1029,643,282,109,352,260,61,145,75,87,123,822,7.238619990778121,27,0,4,1950.8645239381476
3071,1766,482,301,235,178,120,99,100,146,85,167,93,3.9410509800771876,0,0,4,0.0
4690,1973,201,118,124,137,320,57,150,64,35,353,544,5.285844886880001,27,0,3,564.2125341510155
8387,1138,273,122,143,417,87,100,263,102,67,255,191,7.764203096460136,24,0,1,5306.585265967434
4344,2110,263,194,116,427,202,128,424,69,96,279,658,4.93261919458762,0,1,4,0.0
9250,2097,546,163,51,262,366,133,424,182,12,418,769,7.2560577330283325,9,0,4,3849.1780750276243
6303,2835,523,319,227,457,264,127,483,113,69,320,721,5.666024351353452,22,1,4,0.0
6113,1197,438,195,191,227,59,152,421,73,23,452,845,7.127081821363381,1,1,4,1834.6159075645353
3882,2545,596,452,233,257,149,103,198,119,32,129,452,0.9070557078112573,3,1,6,0.0
7234,2201,536,364,270,428,347,195,385,189,71,246,188,9.782191133122973,14,0,3,1685.9908459258656
5662,1039,540,480,246,418,283,182,491,177,19,248,57,0.8696600751370898,28,0,1,1379.4927473912126
9416,829,478,256,93,468,248,67,357,53,13,376,657,6.361071672177663,14,1,5,5454.695432711331
4504,969,552,306,223,182,223,33,199,161,48,439,684,0.23133318736456632,23,1,6,629.5124839410527
5463,1033,662,373,183,316,266,73,458,198,83,355,242,5.1711847922216405,23,0,3,1141.6399352119663
5553,2462,661,437,185,301,89,173,124,190,97,410,78,0.9602084960914226,25,1,3,127.37489874445208
3732,966,492,345,88,377,235,137,246,51,43,388,662,0.8999314536595882,6,1,1,0.0
4748,2967,606,298,280,251,329,128,342,157,97,108,305,2.8491938895014113,19,1,0,0.0
6924,1261,361,384,285,125,118,190,170,183,34,149,643,2.4163071981183206,3,0,4,2909.577905263321
3423,1505,702,471,142,442,298,61,459,142,61,194,609,1.3681873946138512,21,1,4,0.0
6478,1390,647,182,280,353,134,114,113,123,24,131,279,5.79201205472504,25,0,3,2617.852622468555
4591,2855,654,416,93,485,217,165,487,138,21,140,11,8.854024140246638,13,0,2,0.0
7485,2455,464,232,76,350,78,122,388,59,10,314,284,9.17428621944218,20,1,4,2586.6994968343274
7437,2881,331,204,65,266,86,69,392,184,18,471,261,2.90399028231892,24,0,0,2149.0117876597315
8041,1453,319,469,268,452,69,144,462,99,68,397,919,8.645730908450416,20,0,3,3154.278765341894
7709,1943,418,336,88,239,195,105,385,70,23,499,110,9.675147740154266,5,0,1,3231.7510305161863
3492,2172,616,168,281,328,309,168,305,135,40,175,597,3.1216579769380317,7,1,0,0.0
3191,1331,704,283,178,172,188,181,475,95,97,497,762,9.371926659370237,25,1,6,0.0
3498,1343,499,217,286,398,304,59,368,50,62,185,400,4.260292098141623,13,0,2,0.0
7917,2797,308,279,228,335,135,138,437,138,72,203,312,4.640463605226236,19,1,5,2449.162687466792
8831,1819,437,370,240,294,101,130,393,102,19,255,31,4.803956049425952,9,1,6,4700.6389322900895
4256,683,492,189,82,187,348,49,172,198,52,253,88,7.311340439023657,9,0,6,1566.7702847276378
4968,1783,778,187,297,196,191,136,186,162,27,190,380,2.606302465700444,1,1,6,453.64176974932695
7322,2190,386,182,99,265,171,44,450,63,76,435,948,2.403505944219334,17,1,6,2105.574606899249
8490,2733,235,119,152,395,200,48,421,88,68,283,793,6.295223220200291,12,1,2,2994.0158365831217
5186,1932,760,206,231,302,382,86,265,175,85,107,730,5.5760125667272975,15,0,2,0.0
9999,2296,455,428,76,286,197,66,396,91,32,302,710,0.7104381006029903,26,0,1,4533.443600087887
3816,1126,634,447,258,374,132,124,330,74,95,358,546,9.025158892355975,9,0,0,0.0
6220,2555,207,371,173,119,198,164,488,81,84,421,993,2.9066349558028035,28,1,2,434.53221759115434
4473,1282,377,430,256,474,219,196,291,60,55,484,538,7.509678808760102,20,0,2,0.0
4086,2007,441,197,135,172,374,128,155,74,58,100,903,5.784183077822101,15,0,5,0.0
7199,2284,240,331,298,437,319,69,314,101,32,439,162,5.722306422707969,17,0,3,2045.4265812373444
4874,1274,556,474,196,460,277,109,404,184,21,397,17,8.587276896089401,28,0,1,513.1523858956613
3870,2259,312,156,77,409,375,152,286,91,38,277,918,8.804507063922674,17,1,2,0.0
7763,2363,365,248,200,181,54,32,195,157,98,179,349,5.6016793606142565,3,1,1,3571.3774145676857
5042,1506,703,488,113,395,201,58,344,160,97,403,527,4.284178701631413,22,0,2,46.29028458095619
3272,1176,277,334,277,455,270,192,266,106,68,394,670,6.200680732684521,16,1,4,0.0
4029,2330,395,236,290,126,206,36,410,60,62,425,316,1.1966134268406592,4,0,4,0.0
6218,710,601,366,216,240,307,118,358,119,77,332,376,4.200257405238988,18,1,0,2370.357178364159
9327,1836,263,328,289,146,55,99,235,116,72,135,229,6.6196000147755,2,0,6,5485.859344198481
7069,2127,624,460,98,211,339,78,306,79,38,175,381,7.630208403313249,23,1,6,2258.946587385948
4051,1860,241,420,236,334,253,115,348,154,12,173,753,7.212982748747777,11,0,6,0.0
7033,989,572,381,197,250,327,141,353,72,98,134,801,1.746166076175536,28,1,0,2803.8725777897002
4573,1926,505,301,238,474,183,155,428,100,46,421,128,6.1154412077430464,3,1,5,0.0
6190,690,408,331,160,414,372,49,115,134,72,476,72,0.9032850157913985,26,0,5,2782.3126350434345
7388,1342,666,118,177,432,126,150,381,54,32,130,483,5.959959758218531,27,1,1,3211.9963788402006
6797,834,503,115,58,225,395,164,259,99,58,267,491,7.459339479906417,21,0,1,3237.91554176379
6289,2142,784,155,294,106,165,142,437,169,95,178,707,6.3138615944187295,9,1,3,848.5569008994376
9320,1610,591,456,72,149,250,70,363,64,86,482,428,6.249142267020988,16,1,6,4555.245202021048
6747,1078,352,213,286,459,136,171,458,159,12,260,639,6.531363727159919,17,1,1,2430.314863064543
5105,561,561,167,184,165,117,99,472,51,31,293,313,4.180544331010294,23,1,0,1819.0721535856476
8388,886,463,177,208,486,150,93,159,59,45,126,531,3.849910973654158,5,0,3,5007.582416190489
3307,1669,415,129,109,461,211,142,367,84,19,277,492,4.449501055045804,23,1,2,0.0
6359,2700,742,106,292,266,362,130,286,175,18,443,720,2.113179455079032,22,0,0,74.87200751986371
8072,1118,723,495,110,351,120,131,286,90,65,190,171,4.538312919297784,28,1,2,4108.641535957431
6176,2183,393,251,124,362,222,196,476,96,64,214,905,9.045812468085586,21,0,0,804.8805299208732
4251,2377,226,462,281,295,218,39,143,175,28,194,301,2.9073249002208437,2,1,4,0.0
8366,2725,245,121,258,282,152,48,265,134,81,125,874,4.310715228138081,4,0,4,3141.510095580631
5747,986,257,129,277,363,277,29,252,171,42,352,381,6.45999111622216,22,1,3,2047.8593176533197
4517,1777,212,266,203,387,182,28,251,148,29,249,359,7.671986818778423,3,0,6,342.6946467601594
9226,1040,248,247,149,374,109,127,196,75,44,499,716,0.09080510028706135,5,1,5,5427.522736899048
8305,2035,293,148,259,217,194,82,288,69,40,380,504,6.640771309132585,16,0,1,3973.993773475983
9395,2560,783,424,103,495,260,52,236,85,92,499,760,1.433991034389156,1,1,3,3118.894786871939
4378,650,650,397,80,412,158,171,316,113,59,348,696,7.439098539313386,23,1,1,44.816987339521745
8869,1573,578,361,290,493,242,99,439,92,55,442,677,1.359431459028585,21,1,5,3535.771701557155
8815,1738,209,280,276,446,232,51,403,67,87,135,363,7.500974406404389,9,0,6,4432.178579655782
9138,1490,715,389,218,376,58,23,308,199,19,369,271,9.457466933539296,14,1,3,4924.790698924859
7891,871,423,221,77,476,181,97,151,128,76,395,422,2.235438797592242,5,0,6,4393.05447933357
7992,1636,580,223,139,231,123,145,297,65,43,364,352,0.08729208579891568,23,1,2,3863.298483003845
4961,2799,740,365,55,246,145,138,135,52,60,139,666,1.109152647898709,23,1,3,0.0
7305,2600,501,127,83,128,178,41,204,118,92,450,740,9.193181247899023,15,0,1,1933.6472329599655
5863,1653,402,358,141,426,392,170,459,152,48,469,895,4.703751205811411,16,0,2,275.0373260864891
5656,692,788,176,157,419,271,45,111,146,99,426,879,5.376623416632876,24,1,6,1340.851136028946
5494,1580,770,466,288,324,177,68,490,151,77,477,719,1.530842866721417,3,1,2,0.0
9603,2644,395,293,58,238,396,191,267,53,21,144,846,9.870868701351226,1,0,3,4008.2513388388065
8063,697,521,481,142,388,384,169,313,151,35,100,591,1.8248893780750097,18,1,0,4069.289315682975
7567,2694,617,134,147,380,56,127,141,101,80,235,645,6.022533008560825,6,0,6,2294.825075408783
9513,2098,541,213,61,125,274,189,448,101,76,300,540,5.694182923084169,8,0,5,4537.14196198544
7005,2100,588,161,65,391,165,71,441,166,99,285,935,0.6540482698578742,22,1,4,1484.2101762374828
6563,1183,208,151,120,366,152,164,166,115,11,118,912,9.964398267802135,27,1,4,2794.095310863572
3922,832,731,215,208,385,275,161,268,132,21,402,295,5.500561120795952,16,0,3,0.0
7232,1743,348,146,210,412,102,83,251,112,68,219,326,1.5556953212866331,21,1,0,3260.7092000686634
7462,1921,582,200,294,196,52,192,296,173,41,126,609,7.5480465441559375,21,1,2,2742.168704868655
5959,1865,728,378,184,237,367,177,112,60,60,312,108,3.9243296347194043,14,1,6,1254.158090116829
3183,2321,211,206,52,380,81,160,328,188,20,462,310,6.7010106209536024,20,0,2,0.0
6358,2719,675,134,197,195,307,173,473,115,41,305,611,2.2343202279853127,16,1,5,474.00265432425095
9615,1991,793,458,54,156,129,179,261,178,73,303,793,9.222659795985425,20,1,1,4193.021668619949
4398,2271,778,474,244,222,173,193,202,82,54,223,25,0.4093959527069324,20,1,1,0.0
9797,2510,252,387,288,330,386,70,230,126,88,197,394,0.2023632423053079,26,1,0,4602.500601533981
5796,1712,635,101,87,389,358,53,195,155,63,156,245,8.648324647847442,12,1,3,1606.4729628983232
3536,1643,405,338,128,185,309,127,315,153,15,282,280,5.44197732785375,23,0,3,0.0
9945,604,253,467,148,409,361,135,300,135,35,360,867,3.4150233469631464,4,1,1,5824.125629001214
8698,1306,779,477,233,150,385,47,230,152,17,326,169,1.4114435091238176,20,1,4,4449.927717309402
4273,1564,689,371,200,327,259,38,301,133,17,193,175,0.5981480461871602,8,1,6,48.22687676815199
5967,1388,543,243,274,105,94,195,390,93,47,430,513,2.9549497431540606,21,0,6,1551.2428560099454
9653,820,368,191,51,409,358,117,375,89,17,201,616,8.110582693381204,13,1,0,5893.779432499789
9773,2882,360,320,149,372,378,91,460,94,26,255,603,1.9249381873258142,8,0,3,3657.500987242045
6049,2811,726,153,198,443,321,181,431,179,92,495,256,9.79477621896794,27,0,6,0.0
4096,2000,726,327,255,492,276,125,147,66,12,272,133,7.916036680090015,25,0,6,0.0
4305,2899,486,132,191,101,398,163,142,99,50,389,502,0.11802324646169704,10,1,6,0.0
3915,2068,611,313,239,375,162,90,180,161,82,194,39,5.496762582658965,24,1,2,0.0
6081,2296,721,235,283,190,79,46,167,182,62,346,291,3.958613155064694,3,1,6,1140.5956383158998
7247,2019,768,347,188,361,325,70,333,139,79,440,256,4.44022829301871,11,1,5,1859.6656841129384
4028,2418,398,152,181,341,263,103,340,62,71,315,496,4.435518522344619,2,1,2,0.0
8314,2365,360,163,96,474,136,73,298,104,62,313,526,8.511490187512912,6,0,3,3372.4062886232364
4977,1905,588,413,165,345,341,142,282,143,68,285,192,6.856287011266135,19,1,6,251.96227432932363
6354,2004,673,473,143,178,71,36,309,51,90,368,850,2.9069391980101478,5,0,0,1052.7406364417393
5511,2459,580,136,298,410,70,91,253,135,92,364,24,5.156240185271067,21,1,4,617.6877663369527
3270,504,791,311,149,403,225,133,258,151,92,336,589,4.8698062958755735,23,1,4,0.0
4186,2581,323,111,69,157,310,114,281,62,32,466,853,2.8710398858174346,29,0,6,0.0
7555,1668,271,183,229,324,217,148,283,165,56,427,342,6.2048979313279435,24,0,5,3388.501101966917
7200,2898,367,487,65,301,270,124,155,138,44,148,445,6.316640947872121,14,1,3,1646.8690741792566
6764,847,483,193,275,105,131,33,226,152,23,237,70,1.07334152113029,22,1,0,4021.451227159357
8806,2265,693,441,222,129,128,154,152,86,74,204,801,0.8916517366251175,21,0,4,3320.9208123953076
9305,624,235,306,185,250,350,83,299,70,58,219,266,0.29664742743709227,29,0,3,6380.561325669996
5398,2313,374,137,286,135,208,155,133,67,45,128,335,5.923100132582962,28,0,6,982.3775154705402
7529,2904,398,447,239,209,192,171,145,126,10,404,293,9.958916954767744,0,1,1,1758.4495995676855
9995,997,315,302,261,220,363,148,307,138,93,278,392,9.086744841630976,3,1,1,6315.486443637194
7235,1676,514,369,198,340,94,88,439,158,31,278,3,4.609763699489811,1,0,6,3060.6891258777714
8590,552,419,174,113,358,285,51,429,112,44,110,940,3.1888186511691066,5,0,5,4939.167791024175
7182,648,777,227,153,189,219,20,149,65,12,427,567,7.332613538445148,1,1,4,3699.6099944194693
4711,1002,333,428,207,129,274,189,296,189,21,405,103,3.3529260987760754,14,0,5,1096.8334854720688
5230,1369,321,251,213,336,343,156,110,113,46,460,802,0.347294226062147,4,1,0,669.2945855038735
9511,718,620,109,182,470,356,93,470,77,67,316,150,5.173502454258342,22,1,5,5816.051459389619
3128,1800,691,137,262,269,329,171,330,136,86,108,791,3.2070783861662964,21,1,4,0.0
4269,2999,798,204,87,248,140,124,185,152,21,461,373,0.44238270964548465,19,0,0,0.0
6672,2630,488,264,264,473,196,133,430,143,11,211,3,7.5971453060783,20,1,4,1173.0527392306205
4601,1237,252,131,68,187,330,166,245,149,93,142,989,5.731403878830882,13,1,2,394.6681084571941
7765,2951,404,311,123,103,119,70,258,191,74,265,423,3.4898530932456207,12,0,6,2499.8899930278176
6970,789,547,113,204,351,98,100,417,112,67,446,765,4.167942776235058,12,0,1,2689.621864196929
7244,2967,250,329,276,150,66,21,122,125,69,143,95,0.7824057556539565,21,1,5,2553.965674629204
8080,838,239,231,190,123,198,29,459,160,50,280,179,1.2358531764067193,7,1,1,5016.536601393213
7947,2193,449,251,186,145,92,122,280,181,44,287,229,4.1907276267650895,25,0,0,3459.116117426803
8552,2368,417,195,66,215,261,153,161,156,97,429,353,1.5128566726166381,26,1,4,3587.358647391872
3627,1486,378,109,144,126,253,85,173,138,99,339,571,1.8996985599852667,14,0,1,0.0
6797,1458,750,473,283,194,254,27,116,157,20,353,673,3.687200944822082,19,1,3,1938.0318884732849
8588,1730,382,462,221,466,387,87,481,69,61,411,926,5.2399746648687495,12,1,4,2762.242592012038
9589,1788,363,115,94,198,112,69,396,73,61,185,286,5.5753450228621535,5,1,0,5816.392277612164
5044,2506,576,266,137,215,73,114,354,131,71,283,415,4.895280660706053,28,1,0,0.0
6552,872,696,195,91,375,82,55,464,87,72,273,35,0.7295175583505764,24,0,3,3291.0045911871025
7979,2011,796,117,100,435,258,155,363,122,24,340,597,0.7983929542821944,24,1,2,2652.0327201427453
5341,1030,660,106,294,194,322,114,404,118,79,317,914,2.0568051788859676,24,0,5,887.5179873410257
8884,1423,673,283,260,298,225,164,467,94,49,392,428,8.760130595295445,3,1,1,4131.576415693814
6214,522,236,481,235,245,93,97,284,126,18,217,546,1.1154969285166105,6,0,2,3188.26983572895
3249,2651,798,344,162,491,202,155,280,198,79,304,933,7.221433384115736,10,1,5,0.0
5925,740,518,470,235,254,237,141,317,122,26,426,681,8.193863020818377,27,0,0,1776.716245854748
8043,1504,754,466,207,369,334,108,205,161,32,302,443,1.049634892006307,21,1,0,3331.924539887523
3974,2396,611,181,182,420,61,62,154,57,67,475,526,5.966995669976826,3,1,5,0.0
4325,1665,555,230,57,375,186,82,236,83,89,475,55,7.690862223635033,13,1,5,337.7242081039295
9932,1313,428,228,86,425,135,100,387,187,60,408,741,8.031896814303284,9,1,4,5421.005405980231
3983,1154,463,388,96,355,102,132,442,158,66,283,955,0.2899940746273477,7,0,0,0.0
3888,1282,686,173,149,144,110,31,451,178,95,294,647,5.351983735275875,22,0,1,0.0
5937,2854,760,463,138,100,162,103,156,154,25,463,991,1.8636922470547623,11,1,1,0.0
5117,507,551,158,222,246,353,117,199,104,54,134,739,8.893051908198235,8,1,0,1808.9265284317437
5672,2214,641,171,290,394,157,75,104,75,70,484,356,4.648420086474296,24,0,6,542.8686446124481
7970,1074,658,259,182,474,384,68,474,117,21,269,733,4.157330596203447,28,1,2,3602.6180076339174
4326,1411,224,186,274,254,352,199,211,144,82,125,242,2.068053053099229,5,0,4,720.9746214560553
3470,1017,330,116,240,155,116,158,194,182,15,462,22,1.9621787506209165,5,0,0,583.6573536586367
4987,2041,569,188,135,499,369,46,418,136,13,211,234,9.912461545576344,12,0,4,199.96151117556076
3090,982,635,248,224,325,171,156,322,128,90,443,326,0.6763156783462421,24,1,3,0.0
3529,2754,423,410,283,106,303,101,285,68,83,198,149,0.4206649323041378,11,0,3,0.0
7756,1078,551,105,74,119,349,55,470,92,44,288,547,2.6591075412526166,7,0,3,4030.273936823599
7059,886,684,183,284,258,54,193,236,88,56,224,166,3.6652295351669952,7,0,3,3552.4754410532487
7834,911,396,183,175,439,399,137,324,199,94,459,91,3.8822569455332423,27,0,3,3949.5378965929576
5773,2365,308,349,227,178,284,176,350,98,28,478,971,1.9175308976939387,21,0,6,0.0
7967,1893,419,253,270,465,384,98,454,107,36,272,962,9.391023782942806,2,1,2,2409.6203576906823
4686,1876,518,171,222,100,88,60,125,108,20,179,364,9.021220948550926,27,1,6,721.669153975073
3191,2467,281,208,165,435,249,47,290,89,79,338,37,4.972619850924128,17,0,2,0.0
4986,1859,736,211,169,328,219,171,293,155,68,205,811,7.536226739953539,9,1,5,68.53121193128652
6623,1405,631,271,79,312,397,120,389,64,50,468,419,2.2476836826267146,3,0,2,2056.321783075139
5185,1812,207,286,97,382,70,163,436,81,52,198,148,8.548140204705017,20,1,0,1356.3986299315932
7440,1462,348,384,228,347,224,41,105,107,37,177,277,4.11930697399278,28,0,6,3718.634928325807
4008,1464,297,372,143,218,123,66,417,144,72,285,406,1.3353453658016512,28,1,3,0.0
6783,2687,300,117,104,478,333,36,450,105,76,492,253,7.930998716806876,1,1,4,1252.232496982175
9646,2476,566,267,285,326,198,148,319,152,54,221,902,4.807407897286461,8,0,3,3755.276700968532
7298,2847,661,418,232,123,162,178,312,168,33,257,262,6.070504315079162,21,0,0,1556.527722852448
7668,1536,613,181,95,289,333,108,174,101,86,301,532,9.166324172750445,10,0,6,3404.3414277165184
7287,1163,458,174,80,407,135,31,409,77,73,290,171,5.7233122156827045,15,0,0,3739.6852240803396
5052,1324,555,434,211,406,151,39,263,145,88,494,845,2.6618247673175057,13,1,0,105.05073380246668
9009,2387,210,445,141,156,68,166,330,175,82,253,809,3.42915889135201,12,0,6,3683.266632036961
6308,2947,615,348,123,410,112,24,339,54,48,497,134,8.564353230189104,11,0,5,548.4524487261584
4716,1491,770,230,245,408,165,34,190,99,54,499,580,8.129353403946432,0,0,6,89.42042003871791
3310,1632,449,486,210,188,229,44,439,178,70,394,868,7.396198591173015,2,0,5,0.0
9692,2696,749,454,105,374,87,182,212,50,91,129,146,1.2894669171798878,16,0,2,4358.410406836929
9199,2239,321,300,235,208,351,127,439,192,52,240,600,1.9433538330110434,3,0,5,3822.3443464645343
7538,2854,264,462,171,240,141,74,229,50,76,202,907,7.029892217074081,8,0,4,1805.751608345623
4260,1583,501,395,106,384,222,82,200,101,89,164,8,2.78064147607299,26,0,5,383.2853676367701
7965,934,324,167,66,489,254,66,126,150,51,474,384,7.113445735222452,19,1,5,4252.5815688893945
6932,520,511,119,188,475,58,135,117,90,50,330,563,6.9345324504945935,6,1,3,3847.310646300176
6268,2929,390,370,248,343,58,83,304,112,56,229,682,5.886306569877059,7,0,0,496.4493611648965
3584,2792,649,192,258,484,70,41,309,70,52,122,860,9.883253942796253,25,0,3,0.0
8690,2425,358,232,269,173,73,125,479,164,32,389,234,8.744252459955197,23,1,3,3839.5062683494707
5799,1972,552,394,66,454,144,96,110,101,41,420,338,1.2064162589579175,24,1,2,1098.594295880998
8633,1599,462,395,154,361,241,93,103,85,83,204,270,7.333135687642781,11,1,3,4578.377783922436
3359,889,605,234,187,275,398,99,202,73,66,141,611,8.485987214059413,16,1,5,0.0
8819,1854,216,451,203,329,345,146,304,148,47,269,593,8.719246428832225,11,0,6,3765.37594439381
5866,2806,459,455,183,175,229,149,182,117,86,424,190,5.142876559515956,22,1,1,351.18218303304747
9173,925,554,132,130,422,180,145,142,51,24,301,405,8.576240941320004,20,1,4,5834.892807261697
8898,2225,688,473,65,282,70,133,351,148,37,121,789,8.543598154109,8,0,6,3588.3731127478313
5011,1529,413,392,152,373,57,134,138,131,22,349,989,5.539355077226809,4,0,1,546.9037811120344
9251,505,438,131,292,376,250,172,414,140,44,134,710,5.411879404593595,12,0,5,5620.365341418427
7939,690,379,142,139,326,63,80,252,106,11,322,572,6.152665420012258,17,1,6,4954.666929860188
7006,647,618,391,53,264,381,24,434,112,70,143,189,1.5725184244150492,14,1,2,3657.1013712828526
4625,904,342,453,111,374,85,47,342,153,74,403,773,7.3890306629400975,4,0,3,446.9513910174961
5764,757,516,404,261,316,213,100,183,120,50,405,524,8.903972369531918,15,0,4,1913.6743649683729
3890,2637,443,380,297,411,94,34,436,90,95,286,695,5.599891515687937,8,1,4,0.0
9087,1323,431,207,241,289,193,139,154,144,13,429,499,7.368451135565703,0,1,3,4978.884498099811
9078,509,788,195,290,117,60,57,420,154,62,190,461,5.223043515308622,6,0,6,5655.564597358384
8055,1610,502,165,105,331,372,170,192,56,97,388,961,5.619262267346093,18,1,0,3061.1345921038237
8564,1337,530,108,282,283,395,33,207,106,23,115,233,5.770734993598063,28,1,3,4796.063191883001
8557,1487,760,329,252,205,261,51,438,175,26,226,975,2.5563123887904093,29,1,1,3539.4385488616686
3731,1124,447,320,200,342,162,63,449,142,23,360,806,7.653192784750177,9,0,4,0.0
6961,529,482,457,82,152,395,111,319,170,50,315,365,4.168516841884804,3,1,3,3410.1501322833083
7701,2675,486,377,80,325,394,137,136,185,71,211,416,0.5993884263119997,19,1,6,2122.3136202095643
5504,2968,231,198,184,301,60,135,333,52,61,318,384,4.8471427876987825,11,1,1,226.50247161922587
3614,1578,699,370,263,185,385,142,221,153,36,369,861,1.2430976295522222,15,1,0,0.0
6806,2852,729,362,182,149,389,135,174,117,94,476,202,7.992225474831364,25,1,5,830.2359725679426
9841,1045,580,496,214,482,215,121,307,187,49,435,525,1.7146843539616763,17,1,0,5155.935431807385
9100,1628,262,461,50,359,307,23,437,67,44,448,932,9.02998542745636,2,1,0,4180.507205710457
4719,1695,327,263,247,418,103,134,409,132,99,462,548,8.882954368442444,2,1,6,0.0
7769,2022,727,115,94,294,142,78,172,125,68,412,500,8.883704035540912,27,0,5,2868.803951797484
8366,2569,362,268,96,468,312,94,190,188,58,169,994,3.1693092512257373,12,0,0,2384.290915182785
9686,2938,450,120,245,347,345,176,465,55,72,222,525,3.1695624814408365,6,0,5,3519.026194373921
4587,1116,494,127,271,155,94,166,407,104,20,214,111,3.62211827117945,25,1,6,1304.4587298463043
4611,648,378,429,79,276,266,164,393,75,89,402,149,8.807730119392755,12,0,2,1261.6559053656817
3896,2311,428,182,130,249,238,23,399,123,15,190,286,3.8141871262827864,26,0,5,0.0
8558,2846,593,372,237,495,156,191,442,158,50,448,593,5.661056265612515,28,0,2,1888.8021125014566
3277,671,595,420,297,112,339,23,334,164,41,336,329,9.71111396805324,7,1,5,0.0
7647,546,271,496,73,460,57,159,417,135,30,319,151,6.982094818628238,23,1,2,4532.918959028182
4636,1125,517,135,80,388,81,66,313,199,84,246,791,7.966064342761895,8,1,0,542.6759178584435
5158,2310,794,413,77,163,217,154,167,55,66,452,671,4.590996826117192,1,0,0,0.0
5432,2754,578,375,222,438,380,159,323,85,14,161,356,7.5742746412420985,25,1,5,0.0
6904,952,335,332,284,204,86,90,315,176,37,237,693,7.986605729873918,7,1,4,3160.8443550254674
7856,1918,577,203,181,338,280,73,265,60,84,155,33,6.831315427393388,11,1,5,3453.8270418345305
6262,1253,318,105,238,133,232,82,160,131,86,366,628,9.993046025432067,21,1,3,2585.970321833745
9837,1508,729,122,88,423,341,162,383,169,79,335,375,0.7888630448360223,19,1,3,5127.8035799220115
4449,1633,722,269,132,138,295,184,169,83,36,193,841,8.32207736505708,14,0,2,0.0
7500,1725,586,251,201,324,59,75,452,52,62,305,941,2.169103716406581,19,1,5,2410.3824830174835
8454,667,773,343,120,228,119,92,130,154,57,179,973,6.272164749782204,24,1,3,4643.714878348512
4232,585,782,340,223,232,286,116,284,164,92,490,470,8.171515084090395,27,0,5,123.0913116751928
7117,2177,772,360,230,139,167,121,226,151,87,408,799,6.495715576965361,19,1,2,1518.5298701884967
3677,2482,772,145,225,418,266,99,237,85,67,423,955,2.7361185335422435,1,1,5,0.0
5658,1348,468,372,294,484,240,50,239,143,18,243,302,3.0676353388107183,13,0,3,1534.0444784730896
5028,1986,723,174,58,320,288,34,362,79,64,287,638,6.001310401216657,4,0,4,0.0
8327,941,746,382,71,193,377,149,187,111,54,150,504,9.054176958101186,1,0,0,4473.657408132392
9151,770,685,295,176,198,366,32,255,156,37,227,715,6.569932171689902,20,0,1,5039.907412705304
9845,2100,637,122,295,159,255,24,430,99,37,326,552,4.243537911566407,22,0,4,4686.492717231457
6758,843,762,186,51,228,271,195,375,169,55,492,343,8.648235305566649,1,1,3,2647.595509612747
8904,1706,754,468,140,231,195,180,219,161,34,391,33,2.9866911420421847,8,0,1,4367.153189669281
7624,1757,310,220,65,492,238,51,420,132,35,364,46,5.267162178147418,15,1,1,3443.3220160896935
5037,2791,521,248,54,400,287,125,499,58,71,387,531,3.094759937687337,28,0,1,0.0
5649,2032,726,249,189,168,341,40,263,162,77,337,860,7.850136349073629,0,1,0,70.38415829014411
8772,766,376,164,229,113,272,60,425,65,76,412,271,2.0060627657763264,15,0,4,5357.203088669849
3656,2153,750,259,203,250,295,106,237,196,43,445,883,6.558410709454915,25,1,2,0.0
3165,1392,737,383,64,273,296,185,330,143,30,412,999,6.597378190400508,15,0,0,0.0
7944,2748,672,181,116,444,87,180,399,85,90,143,433,9.311234448909222,26,0,6,2336.8689219123003
7591,738,762,106,122,391,256,155,301,60,43,246,617,4.411958043504031,8,0,0,3693.2350506577773
3589,1414,587,281,236,295,236,55,189,128,53,472,392,4.963303723844906,3,0,6,0.0
7524,1938,297,457,141,131,141,52,332,134,85,142,363,5.987182041132636,18,1,2,3315.8378412458296
5821,1960,610,113,216,172,55,48,173,173,98,423,945,1.269128777437567,25,1,1,818.3078546232297
7258,2793,574,282,112,293,182,114,388,123,30,419,691,4.550669130139705,18,1,1,1182.7353546508298
9509,2381,369,413,149,149,141,76,264,145,27,194,386,1.501059430250583,24,1,5,4731.072517849937
4262,2699,255,143,74,156,50,91,468,82,45,240,457,7.87798645841368,10,0,6,0.0
3071,1915,524,273,90,216,319,109,240,98,79,337,679,3.269580166730578,6,0,3,0.0
6516,2758,459,113,77,291,132,133,457,73,93,237,512,4.368721851852905,1,1,1,1237.2469680742306
7750,866,761,399,160,316,336,199,449,70,62,275,438,2.831288849872393,18,0,5,3524.965829793311
6580,2093,539,172,296,210,228,134,187,130,29,247,262,2.5716948108815196,16,0,3,2045.657633632465
3268,585,603,322,70,188,384,190,453,196,93,215,222,9.875414063986955,20,1,2,0.0
4776,2236,731,101,270,459,196,145,392,115,12,361,232,8.329328105153564,20,0,1,0.0
5462,2157,373,309,266,409,151,143,118,113,93,299,908,4.491352189760038,29,0,5,56.02326611129637
4268,2541,737,360,271,408,337,173,421,158,17,163,505,8.284175529766419,29,1,0,0.0
4015,2993,359,189,110,256,362,135,129,81,94,481,823,6.766452934867052,8,1,3,0.0
5722,1119,209,442,152,168,80,122,313,155,57,128,789,4.092947979964143,14,1,4,2037.9507670995688
4083,2851,793,495,234,369,363,21,351,180,32,427,527,0.2800116520603435,9,0,0,0.0
7101,631,455,433,188,324,203,109,267,155,10,108,277,9.135247201687697,2,1,5,3860.322841603033
8077,1403,543,351,196,104,97,37,242,100,11,320,261,2.268407045513724,11,0,6,4321.558960583115
9713,1487,735,482,124,342,90,197,297,56,83,122,116,7.247370575720005,15,0,1,5836.108502267667
3406,1721,572,432,266,217,202,64,455,162,46,410,749,8.154111702836728,5,0,1,0.0
9049,2594,634,454,50,271,231,34,463,74,60,431,0,5.867705056862317,14,1,5,3714.7529777207196
9169,2263,245,146,209,242,281,154,435,136,53,335,1,6.567750767315012,8,1,3,4702.056216607618
6076,1726,254,434,262,422,170,174,184,141,33,242,730,0.6875998295760655,2,0,6,1105.6378147093005
3985,1784,277,262,158,356,234,59,453,57,41,341,459,5.604201263956217,22,1,4,0.0
6603,1189,690,215,126,464,366,36,203,74,65,157,69,2.965581215541696,17,1,6,2843.684327516419
7485,1547,471,178,211,417,169,179,217,102,59,245,193,5.6787365407887584,5,1,4,3618.767761284759
3709,1186,749,470,66,177,275,163,137,74,73,245,36,6.041905701319507,26,1,2,0.0
5618,1285,310,107,292,156,161,97,235,75,39,106,713,0.7330912849464721,6,1,1,1939.380797562147
8567,839,214,122,232,119,244,124,175,57,47,229,16,4.371539810630982,23,0,2,6128.0990023848535
7849,911,277,368,160,113,346,101,394,179,87,309,656,8.470029347785518,17,0,5,3879.9172072166684
9289,2496,700,378,68,305,75,105,415,196,64,333,5,1.21005176958496,14,1,3,4032.854008734462
4411,785,787,130,123,336,243,199,208,57,12,406,384,7.49190009785972,0,1,1,710.9825765455037
9928,1609,617,269,219,280,68,99,155,182,34,457,211,5.519198188687064,23,0,6,5861.488517313808
8368,1349,474,229,108,390,392,68,117,126,54,493,785,6.142222202896875,22,0,2,3845.3757649778736
7621,929,693,494,250,288,74,68,478,190,71,119,648,0.2179224473593555,23,1,2,3127.5103262670946
4485,2104,396,256,164,246,96,173,203,167,16,156,543,8.638069313236906,18,1,5,0.0
9156,530,575,121,252,439,248,198,248,178,90,240,144,9.02673662831236,22,1,3,5690.248353677035
5950,1102,262,225,87,141,313,62,318,95,36,216,402,6.235563437481677,27,1,5,2684.9098064658715
9527,939,560,268,80,453,52,89,495,181,32,123,502,9.88103412621301,22,1,3,5818.991589852184
7651,1484,743,265,243,100,288,90,105,167,41,214,48,3.0198616261047584,13,0,5,3708.0376879955134
5934,1872,309,256,265,423,338,28,258,197,11,401,140,2.0880395671776606,3,0,4,1466.6203234107566
7114,2418,393,429,155,203,71,191,197,142,84,430,512,1.4683841664144304,10,1,0,2029.568463990267
7670,911,718,121,160,354,79,109,426,81,43,476,876,1.8069770230842719,15,1,5,3076.592255254114
9894,1027,658,363,246,308,96,21,482,146,61,371,549,0.34275549532407523,24,0,3,5549.005516263639
4003,809,500,402,99,317,364,183,350,177,70,134,747,7.03430293086138,14,0,3,0.0
5466,2311,767,489,175,177,319,22,160,127,43,337,37,7.731815784932509,4,0,5,482.32110651195
5466,1861,695,362,207,150,378,168,473,132,16,364,547,0.1174070250621484,23,1,1,0.0
4938,2538,348,311,152,387,319,28,167,164,19,473,201,2.336991292388534,25,0,5,0.0
4939,2984,660,263,212,199,201,31,352,180,98,113,610,2.1813096478169083,4,1,6,0.0
4635,1203,338,235,294,311,275,184,416,101,11,175,793,6.339734617640371,17,0,4,302.4020126633442
4698,1162,491,351,108,336,297,184,471,60,39,122,303,7.87856816652427,1,1,3,696.9344597451284
9265,864,534,304,170,394,354,123,211,58,90,276,864,7.185392057995832,9,1,2,5014.2277510749645
7527,1422,383,443,289,497,220,75,116,175,38,100,167,7.6202206926540095,20,0,2,3845.2931667475877
5091,2660,506,401,194,256,286,124,256,100,91,307,711,7.126600017007224,11,1,4,0.0
4895,675,461,341,144,397,285,82,166,51,69,149,182,7.6045304412572925,19,1,4,1579.1324933167812
9039,1672,509,419,243,113,308,173,414,126,26,157,403,5.61883223145986,11,0,1,4477.186493008563
8436,1701,543,378,257,215,328,65,102,156,65,302,252,5.45987602688294,8,1,3,4027.6276856805516
9524,1435,623,160,198,238,197,79,465,192,95,384,1,8.222979178045955,4,1,5,5426.703664986273
7240,881,713,405,143,174,158,51,202,118,60,101,511,6.121986672572463,17,0,3,3598.9767277248143
6398,1782,723,401,101,402,192,110,254,88,34,243,934,1.4589561927226824,6,1,5,1160.0581727510853
9506,1712,460,398,242,459,348,194,100,83,93,179,999,8.658918208736104,24,0,2,4355.482406226107
4073,805,561,493,191,123,120,80,434,115,25,254,475,4.817806797875308,0,1,5,318.95093483922204
8184,1901,368,194,65,276,360,113,433,146,34,324,348,2.5209503828505317,28,0,2,3688.930477234548
5402,1101,399,247,104,154,175,151,487,176,24,253,500,3.755633901649782,26,0,0,1632.692841955962
7895,2890,584,499,186,312,131,149,103,76,88,174,984,5.698222892478642,21,0,4,1735.4958511924074
6212,2703,511,358,290,425,90,170,479,116,66,362,89,3.9378421370229955,7,0,4,559.0712046332767
7037,1211,781,129,185,433,308,74,302,113,24,265,967,5.9232225663041405,2,0,3,2195.1293816181274
9969,1965,511,117,250,428,193,60,132,179,65,393,93,5.609815692583082,19,1,6,5623.673321994527
4151,902,765,286,211,262,220,184,110,167,91,252,316,5.519259064941541,19,1,5,304.13305859052826
5445,1113,594,311,158,399,328,158,303,163,46,279,883,5.656279740587829,27,0,6,774.9303091653583
4956,2301,550,134,210,263,192,183,306,136,74,405,441,3.1917783699531332,26,1,0,0.0
7558,676,227,246,263,188,176,34,284,146,42,413,312,8.619445731267948,21,0,1,4508.883348085224
8870,948,332,381,143,114,107,120,253,63,12,447,64,5.322853849463758,8,0,4,5767.819804405822
9141,1242,579,134,56,400,217,86,443,110,58,361,411,0.45754659573811973,24,1,3,5013.922940280813
6907,2064,727,175,259,221,167,131,466,99,31,203,605,2.9452549051575616,8,0,3,1859.8022794199394
3807,2478,486,171,198,417,215,177,281,62,63,384,524,7.170745737608792,7,1,3,0.0
3186,2848,483,348,182,447,131,76,254,163,30,294,744,6.655817504548215,11,0,2,0.0
8839,806,426,156,248,277,183,52,327,68,36,135,944,1.9467397838248068,5,0,3,5149.438541689909
7827,1250,626,456,189,368,95,84,201,85,13,361,660,9.982320417792591,2,1,6,3391.3379739502166
9031,1368,226,404,236,204,311,20,281,119,10,340,572,6.25918993360311,5,0,6,5094.06980703388
8309,713,531,109,130,258,172,150,357,61,13,484,468,3.271161743273794,21,1,0,4932.929590564358
8507,2117,316,312,235,104,271,28,364,122,64,178,551,3.9260070651662904,3,1,6,3755.977411386244
7524,2163,288,460,137,438,141,51,171,62,33,256,394,9.19624602357288,25,0,0,2701.8102657678483
4307,2097,321,336,214,491,68,96,459,73,38,434,602,4.311242458436718,19,0,1,0.0
5284,2680,232,333,157,240,319,64,471,64,31,111,196,2.4109597238723524,6,1,2,292.43382755491183
8313,2172,597,322,132,268,114,114,419,163,32,411,12,3.4368578624949153,1,1,0,3579.827698011022
8406,1011,724,203,94,116,268,40,340,143,94,483,203,5.301790859441806,29,1,5,4628.971805184556
7866,2758,223,426,129,131,206,42,214,145,87,105,935,1.5770058757768601,15,0,6,2571.5537687128513
3757,1486,524,197,74,104,202,173,164,84,17,355,544,0.5097817814386296,1,0,3,0.0
7231,752,233,325,76,481,296,136,376,195,67,158,953,4.036538328576643,10,1,1,3192.441410850129
7887,537,446,321,100,236,248,123,242,199,89,136,93,8.962529909260558,13,0,6,5316.56414027732
6854,1128,218,423,168,206,280,49,316,74,97,170,450,9.271036221097207,24,0,2,3366.8554199700175
7266,1486,229,433,219,261,351,134,266,73,68,203,559,8.323194439383176,28,1,6,2771.1833659046874
5206,2225,248,379,157,356,65,88,115,183,99,269,982,1.7041641103667082,19,1,0,0.0
9344,2593,379,142,248,267,157,171,134,187,16,138,478,0.4878090597371021,14,0,4,4361.387011504703
6558,1977,569,450,287,481,323,93,378,61,34,266,645,5.278839967897096,2,0,1,1048.778125417932
4580,2201,594,481,219,387,233,83,239,118,54,154,330,6.768039992800113,11,0,1,0.0
3961,804,789,447,109,481,233,182,339,197,99,273,292,6.559361148457912,17,0,2,0.0
6847,2238,695,252,121,454,118,169,407,86,35,152,806,2.7056323513215186,7,0,1,1316.7708852825713
9726,2780,630,438,256,344,299,58,374,67,39,109,686,3.3813880793797124,16,1,2,3722.61196720651
6575,744,406,389,235,212,267,74,453,160,75,176,236,9.675907845291308,16,0,5,3111.902052924754
3875,2244,234,323,129,277,137,26,491,90,62,362,932,4.267489930955717,4,0,4,0.0
5418,2705,782,218,121,289,395,58,214,61,82,424,422,6.482486956439621,23,0,2,0.0
7198,1524,612,313,277,110,321,167,186,146,48,437,889,5.00666912123277,9,1,1,2080.7761926149064
4001,716,563,152,145,122,266,123,238,122,20,106,370,8.547778384886097,28,1,0,1005.9275874099162
8244,1006,509,319,175,218,229,115,478,146,88,107,645,8.376885187555207,19,1,1,4158.218454387169
6384,1260,478,342,258,381,174,162,142,66,21,458,657,6.48920477346596,23,1,1,2020.1940969487719
7066,1553,351,152,277,418,232,168,453,84,59,343,960,9.317195262467525,24,0,2,2109.0140685621036
5845,2404,426,216,199,168,381,53,168,129,65,480,209,2.077401880621631,16,1,6,998.4020447355515
4481,774,442,490,145,445,378,54,264,196,49,216,435,5.36552692301097,4,0,2,544.2119533792232
6301,991,209,430,235,233,249,134,252,109,25,397,522,2.344680033848027,21,1,5,2301.3248269299156
3657,1326,591,141,188,352,233,24,251,175,58,253,233,1.025095411946071,29,0,5,0.0
8316,1450,247,494,158,150,346,75,205,179,41,361,901,7.720416230489098,6,1,6,3759.979425250405
5780,1678,403,346,55,142,273,102,389,166,91,437,196,6.127021094482124,29,0,1,1569.2464547596667
3422,1600,356,492,71,240,138,26,437,60,54,413,23,1.039226491478119,25,1,0,0.0
9715,2136,225,390,255,124,274,72,495,122,94,457,65,9.888355630243474,24,0,6,4917.951147510506
6681,1955,620,347,269,485,167,191,458,76,89,109,751,0.8372633724529355,2,1,1,1039.441420461336
7266,538,463,200,152,369,205,125,178,63,80,428,802,6.872764556574089,13,1,1,3729.4703684429487
9316,2786,728,186,61,460,208,61,210,148,14,459,225,6.040450576199003,18,0,3,3596.114938136373
5710,2669,787,452,76,203,232,37,367,175,53,367,361,4.142009967572566,7,0,0,12.980818943546979
3452,643,669,183,178,394,251,25,247,171,50,128,513,8.608813272082541,17,0,6,0.0
5397,2915,453,360,241,252,115,151,434,145,94,120,243,3.4950569877416204,9,0,1,0.0
4975,1258,745,320,251,403,95,161,486,161,76,446,651,8.229420313028722,5,1,6,49.40768554536834
4657,746,346,253,274,470,309,188,435,185,83,397,257,5.933470214825039,20,1,4,564.7036765145965
5541,1264,525,150,129,404,293,194,416,124,84,431,945,3.9251654015324666,1,1,0,436.2647849843281
9763,2922,537,137,216,260,205,116,170,54,31,384,802,3.438653610679353,12,1,0,4113.575959581922
6075,1814,317,358,109,382,298,72,340,74,26,353,860,2.610556074034429,17,0,5,1109.461220524572
6164,706,364,286,165,144,144,40,327,155,98,189,864,0.1719464725655595,10,0,5,2707.471479767602
5966,2518,749,112,119,386,304,160,249,74,59,341,772,6.2077454347937255,16,0,5,124.4263043241491
5053,2789,397,322,231,418,385,162,172,124,93,189,362,4.544512340827373,1,0,0,0.0
3287,2849,573,186,202,467,250,118,116,111,40,470,115,3.37204633595529,15,1,0,0.0
8737,1817,777,358,291,265,356,192,196,114,22,191,106,1.7550215141723269,1,1,5,4218.403132312925
6217,1200,791,280,197,306,183,103,357,50,83,113,570,0.00945101105227164,21,0,5,1948.8999726533323
6854,787,763,410,85,207,202,193,362,169,60,208,160,6.757337018586695,15,1,2,3163.9522428660825
4447,2701,328,272,200,164,304,150,322,165,42,252,181,8.597236389416828,1,1,0,0.0
9009,2093,613,421,257,366,309,164,113,122,29,266,614,3.5155493411342533,2,0,2,3563.357586379143
3607,2970,579,294,178,498,289,164,359,76,57,158,716,5.41179526646019,19,1,5,0.0
7552,1349,200,439,294,452,201,39,272,87,87,299,286,5.981555006564998,25,0,5,3655.205194812644
4764,549,366,344,271,284,140,23,290,196,81,289,995,2.4717617423685145,2,1,0,914.6675264792067
4225,1730,215,428,204,467,289,94,365,89,81,254,530,4.879651569260548,16,1,4,0.0
4235,2760,311,467,101,323,232,34,144,189,83,460,280,6.6576047535070195,18,0,3,0.0
4029,2408,567,295,179,252,359,76,315,115,23,232,618,8.762809330868844,25,1,2,0.0
5671,2186,301,161,289,388,308,192,399,82,71,231,702,8.067618464564474,8,0,3,352.09882115260365
9519,2240,793,124,198,384,335,46,282,190,60,279,418,8.693306445114384,21,0,2,4125.160179932927
6962,1843,605,151,186,285,125,39,245,92,87,440,564,9.968897980554887,2,0,2,2294.298127586258
7542,2290,706,149,160,325,346,127,110,198,79,344,548,2.6226068730040164,12,0,0,2157.228833593998
7930,2460,239,477,137,299,232,98,341,79,90,439,870,7.2655275615561035,1,0,1,2132.4796239001485
6177,1588,747,484,97,110,108,153,281,69,30,361,992,5.61322708631367,11,1,0,1320.9173758189522
6722,1655,580,394,154,496,89,37,228,131,47,384,554,5.859843775785204,26,0,1,1966.092134083966
7906,2881,715,151,216,424,94,105,152,169,24,282,386,2.895151395622314,14,1,0,2293.913288047933
8520,531,696,431,91,376,64,68,451,56,45,203,690,8.487990799538476,11,0,0,4884.961378262532
8507,1367,480,139,248,102,269,171,307,58,18,166,558,7.892087209429818,26,0,5,4551.05877351026
8054,1766,550,331,143,449,322,30,305,94,68,135,57,8.214107401999456,8,1,4,3766.6228148081664
4475,1715,533,159,94,377,236,165,132,67,91,468,233,9.969764224152893,11,1,4,239.11686540873674
5896,1665,723,315,179,161,74,54,490,96,63,136,983,3.0894110146765863,21,1,4,927.1188998961696
3808,2183,482,465,253,104,348,74,182,163,26,276,130,9.747229304018056,25,0,3,0.0
3978,1100,518,439,254,108,241,114,124,50,91,188,582,2.095720220426652,27,1,2,107.96906159006515
5463,2525,613,296,244,157,228,47,173,127,13,335,332,0.9065592334620776,17,0,2,395.6494873460237
3725,2084,793,375,220,379,110,107,231,121,93,284,254,0.10255127548334797,8,0,0,0.0
5501,1487,213,440,299,337,180,183,251,102,22,248,312,2.342948584712108,13,1,2,1512.9360314965757
6362,1714,255,101,153,416,298,128,476,86,84,293,23,3.1256592967347463,5,0,6,2125.758371943913
4216,2465,602,205,156,226,213,43,495,69,52,348,613,3.0916256359127168,25,1,4,0.0
7051,1939,541,315,195,403,256,180,289,144,17,474,989,9.299312969284717,15,1,5,1372.472526887139
5197,1019,398,364,88,336,287,135,439,169,29,110,836,3.130730101447561,26,0,5,859.6956350582107
8999,2258,491,266,285,318,241,184,317,90,91,457,150,6.592705227127884,1,0,4,3953.6422112067307
5806,1368,640,346,183,277,77,160,417,93,80,244,872,9.853614896565256,11,0,1,1058.0454652600367
3778,2563,277,309,219,417,156,35,324,170,70,416,171,2.9394298388889792,22,1,1,0.0
3972,2331,311,157,229,248,272,131,417,192,53,256,821,9.753158783845532,27,0,3,0.0
5810,1629,734,142,76,137,133,190,175,162,60,176,922,7.62651377468112,14,1,2,1339.3381200634942
8634,782,574,237,256,217,286,92,265,176,67,248,702,8.125040553980886,10,0,1,4505.608914354632
8512,860,315,208,293,414,198,69,244,130,84,456,122,5.686892162973141,15,0,5,5260.924289749731
5123,1558,341,147,192,196,332,130,109,76,39,424,273,7.7762457288824525,9,1,2,1099.0932635036947
3598,2660,396,225,68,116,388,32,270,70,93,150,254,6.100060619703788,25,1,5,0.0
6341,2855,739,313,239,424,149,90,388,89,19,383,167,4.847770172285351,14,0,5,609.599633487571
3224,2434,498,227,113,378,381,182,136,93,27,242,83,8.54182662149626,17,0,1,0.0
8649,1458,275,488,279,458,84,54,219,158,34,103,325,8.20739843370662,6,1,3,4658.935713333439
9256,1576,729,297,100,253,146,43,273,139,43,265,733,3.9595746987195324,12,1,4,4744.899465667447
9394,1604,299,301,224,193,282,58,464,54,53,256,241,0.41478811820191974,5,0,0,5394.262339046976
3840,2139,678,291,106,274,62,166,485,146,48,366,636,9.260505159580726,6,0,0,0.0
4814,1892,667,206,69,401,295,191,479,173,99,263,581,7.823471215562277,28,1,5,0.0
7809,2789,491,293,69,128,311,145,137,198,77,217,369,8.577913191246752,21,0,0,2461.068212574055
4106,530,324,426,131,133,272,193,120,57,52,202,272,0.23700268808294345,3,0,0,1354.267960481234
3124,1203,718,337,241,109,123,192,260,115,29,156,692,8.740687833867197,29,0,4,0.0
6246,1368,222,231,275,375,315,179,317,168,81,488,931,4.688873671728383,11,1,6,1355.4608459121841
8188,1884,361,456,280,389,233,24,343,191,11,371,447,9.103693536512608,16,0,6,3170.0819839794203
5931,732,705,182,150,200,326,95,142,166,36,440,122,6.921288955286667,25,1,1,2740.005628860267
8375,1557,220,383,276,240,105,123,217,157,43,252,252,4.256503251927256,3,0,3,4492.550175857052
8846,1766,663,321,87,186,106,153,193,109,64,385,718,1.2371756950009527,0,0,3,3950.879724291316
7125,1450,682,205,87,493,344,101,423,198,45,150,819,5.5763586586277505,5,1,0,2023.0779663183553
9424,558,701,393,114,400,110,26,297,67,94,341,848,7.089245434068076,4,1,0,5500.616299295517
5971,801,508,165,292,227,222,34,350,161,81,358,24,9.040575580052948,3,0,0,2855.3827839683427
5017,2545,795,294,125,305,159,92,291,110,96,170,555,8.853099106568557,7,0,0,0.0
5415,2659,752,287,182,188,195,39,419,131,81,458,477,2.58646097483855,17,0,6,0.0
7590,2423,402,146,241,181,63,78,224,148,78,102,490,0.7506360781020294,6,1,6,3000.2209269590135
6096,816,615,461,172,311,232,23,136,139,74,285,551,4.697418786760544,5,0,2,2337.109551838954
4609,2388,341,458,174,218,364,125,178,141,94,204,511,2.7643006792838687,11,1,5,0.0
3717,1668,306,124,76,447,196,59,203,139,53,171,720,3.174241508375575,4,1,6,0.0
6561,1189,728,165,152,235,281,84,250,107,52,248,964,6.674175485209695,23,0,1,2008.7763387311963
4016,2381,736,434,69,360,346,54,333,145,83,109,890,7.466037172967282,0,1,0,0.0
6565,2453,775,166,109,375,189,63,172,83,75,119,43,7.335287514468968,14,0,5,1934.1181761945336
8433,517,490,296,217,476,197,26,133,168,30,267,431,8.17222931589993,24,0,5,5119.984118900472
7701,1678,510,345,132,307,85,169,462,168,70,212,440,0.43462116685804353,24,1,1,3017.1856598483464
7470,2029,584,395,279,413,326,42,261,98,22,128,624,9.653885637689356,13,0,3,2476.2517472709837
9782,1277,252,199,256,342,105,84,307,61,37,212,297,3.3847161659200795,25,1,1,6299.638966986197
4960,859,784,277,55,444,90,107,359,199,39,449,674,3.671018411561181,11,1,2,376.01277753232034
4048,831,382,214,250,199,218,39,436,105,91,263,138,6.320470854521531,7,1,6,804.4717110616855
4357,2441,568,267,213,214,220,51,303,178,11,131,283,2.2539725641888486,11,0,6,0.0
6426,1027,212,218,161,429,155,116,296,167,67,425,171,6.778374067288963,15,1,3,2938.177315352927
3115,2559,758,264,264,115,276,183,329,182,92,224,531,2.624551225084689,24,0,5,0.0
5095,1598,359,318,251,103,135,165,199,66,30,450,127,7.018016661010794,10,1,0,1228.1656673347115
4801,711,483,296,242,365,343,116,193,178,99,452,385,8.178005848234775,4,1,0,958.1529928568702
5146,2214,764,417,188,147,195,180,162,198,55,430,616,9.002191144324005,13,1,5,0.0
8578,2830,486,336,226,322,313,88,433,55,98,239,544,4.082180543316547,11,1,3,2710.278205788974
8642,1553,207,268,163,303,296,101,497,124,92,136,675,8.070482576784487,28,1,0,4202.259848613826
4620,1532,271,175,133,119,197,28,293,88,34,273,393,4.650742346945279,1,1,0,1099.058827188967
9548,1832,297,386,205,387,271,61,383,197,66,130,955,2.4588348862719798,19,1,0,4318.0498066857235
7780,1833,286,132,71,293,195,146,376,133,29,231,684,7.315475485239351,1,0,3,3389.3095307847416
5950,2973,300,398,133,415,157,129,306,167,15,242,82,2.9451315575553028,17,0,6,686.7173301466388
9646,2340,480,448,96,110,264,151,463,90,27,329,825,1.7072510272679065,11,1,2,4032.864965842799
6792,2295,488,329,151,119,294,193,186,168,58,272,408,1.211935186443972,4,1,2,1937.2259459388388
8567,2227,395,294,129,378,179,91,237,139,91,239,892,3.977164760893086,11,1,1,3277.0598954466964
5941,1090,590,393,243,482,113,171,125,116,29,173,346,7.460268595399104,0,0,5,2148.778880604522
8695,2214,649,396,74,432,349,91,389,87,43,361,546,8.139010954050795,25,0,2,3079.5154797211044
9401,2638,567,473,140,134,273,143,357,87,19,249,598,8.346258248876449,9,1,2,3502.6214973641036
9987,955,629,377,116,365,114,42,271,77,42,417,234,4.280036471039848,20,1,0,6238.769969342781
9264,943,295,329,264,331,114,126,338,59,64,396,545,0.3778951856549351,16,0,1,5360.456176783641
7905,578,460,195,209,137,231,117,142,111,28,499,135,1.7837040996502895,2,0,2,4979.060330032593
3977,1998,711,482,194,182,157,162,407,153,75,330,705,1.9532720319891694,12,0,1,0.0
9197,1426,320,270,89,131,372,70,209,161,56,273,953,5.037947909542848,6,0,5,4969.167165333583
6066,2650,565,416,261,153,160,142,488,120,58,486,88,9.158576008855817,7,1,3,619.3233198823513
8450,1122,531,429,79,324,125,69,246,144,76,128,904,1.3028279872212145,10,0,5,4093.8556929035235
3783,1979,251,131,108,412,299,194,222,163,39,230,216,0.33669181194867503,16,0,6,0.0
3240,733,595,487,77,206,290,102,404,99,92,406,556,0.004285351861371689,9,1,6,0.0
8874,2117,517,144,96,124,275,44,480,118,94,365,860,9.00590803585236,24,1,2,3835.3800121998365
4553,2530,476,171,286,497,354,58,338,195,68,145,789,8.221300878642587,14,1,0,0.0
7578,886,796,119,166,144,213,87,290,148,87,323,246,9.629911186998616,5,0,4,3909.378527496032
4012,2134,393,338,200,217,312,193,215,66,40,184,507,7.003314919729843,8,0,0,0.0
3186,537,220,298,132,393,64,91,256,168,30,233,141,6.106740387296938,28,0,4,702.7535232375311
4881,1684,598,164,106,224,390,138,431,135,26,207,179,1.231862938893562,25,1,4,484.0997037082212
9799,1985,401,287,266,135,202,125,306,167,62,259,623,5.756731137276628,1,0,5,5047.00965812355
9405,2467,665,188,265,443,87,32,152,102,60,207,234,7.9080935480446,1,0,3,4496.253738012037
8048,1972,350,300,178,479,86,185,197,183,33,319,559,8.693352384601896,21,0,6,3268.7971909502744
8483,740,358,122,269,266,171,55,127,143,49,295,842,8.700997220160193,11,1,2,4877.187544843196
7586,1549,509,395,78,368,321,184,312,182,56,321,241,3.034964874262646,16,0,4,3056.82003624247
3430,2171,703,229,285,293,306,189,244,179,29,461,242,1.8996451927276503,17,1,4,0.0
3238,1061,225,253,291,223,224,139,344,148,25,308,690,1.484432672169067,11,0,4,0.0
9447,2499,265,177,227,370,342,128,347,182,67,419,652,6.440608112102462,20,0,6,3842.2812038041748
5345,1305,462,289,113,157,350,143,437,130,58,319,800,0.7001959258015911,29,1,1,582.8129203243029
3075,2429,671,399,148,467,191,38,123,123,51,138,898,8.706021281640513,21,1,2,0.0
4356,2845,366,253,291,158,211,56,352,125,21,429,238,8.0780689653946,27,1,4,0.0
9019,1304,353,212,258,407,388,120,443,167,50,100,179,0.0693619327577999,13,0,2,5169.689749343712
8877,2701,542,438,252,316,72,104,431,67,67,278,291,5.87501218327947,20,1,5,3566.4845703745473
9785,2175,612,216,86,168,399,58,135,164,69,194,50,6.331634561965976,2,1,1,5598.750286605897
7922,2596,383,104,295,343,386,173,296,148,33,349,687,9.061100222282018,5,0,0,2213.624715285972
5330,2177,393,476,238,202,115,61,283,168,22,323,681,5.348331238029454,24,0,0,211.78899134204838
7686,545,201,425,177,104,107,72,166,111,43,409,415,0.5171607426268043,3,1,4,4906.28696461288
9215,2151,414,134,184,398,78,69,132,181,70,448,483,6.834226380305465,12,0,1,4586.3981549439695
9846,581,786,371,139,363,132,124,266,95,36,392,426,3.495007897510366,18,1,0,6136.046519750906
4902,2820,682,258,136,340,178,126,439,120,94,220,483,5.095602974186367,14,0,3,0.0
9006,2941,760,309,113,433,182,176,285,198,76,285,738,2.3928636981606086,9,0,3,2491.8275512996593
7013,2309,231,113,67,448,164,149,111,109,23,316,4,8.604543486784994,6,1,5,2887.2467905455837
7670,1289,214,124,78,321,83,37,344,157,50,100,395,5.880930451428642,23,1,3,4265.170723634659
7987,1094,517,434,280,418,174,79,183,128,66,153,466,7.452026792535733,10,1,5,3807.8627965851583
5059,2605,442,317,163,328,127,135,436,199,39,186,958,1.504080310642455,23,0,5,0.0
3140,500,216,353,275,131,324,161,142,55,54,213,231,5.650572857360449,25,1,5,249.13961850007902
4789,2763,733,302,109,452,393,137,206,114,83,496,764,3.015343209164869,12,1,4,0.0
6626,1996,280,200,279,473,217,187,112,132,10,357,794,0.2554024005841471,8,1,6,1620.8061097123496
3016,1265,635,460,103,123,130,49,438,177,92,139,162,7.285894816402271,26,0,6,0.0
8182,1170,207,328,121,405,144,48,189,187,93,424,383,9.791303576276853,15,1,4,4339.960238372086
7348,2101,486,298,198,473,258,176,215,176,61,121,585,7.278590945142618,6,0,0,2082.342332980601
3464,1414,385,277,198,286,121,38,488,90,29,158,882,0.8405248425109946,5,0,5,0.0
7471,2344,723,375,107,227,194,109,205,100,32,410,539,6.299956305244225,15,1,4,2168.765247866188
4827,2495,621,411,226,211,87,129,272,159,99,370,352,8.287390166139808,4,1,5,0.0
6028,594,665,229,85,393,220,77,444,129,87,220,942,1.613039964799191,4,0,0,1988.1315692791718
3519,992,282,378,194,248,89,135,488,54,15,304,942,9.808793503561583,12,0,5,0.0
8956,649,766,387,299,250,222,59,122,107,42,218,426,6.236189501083162,25,1,4,5461.189646539882
3089,1546,682,240,129,273,248,28,390,194,17,257,803,9.820591452463468,14,0,5,0.0
7815,1738,524,112,230,296,393,140,340,161,72,252,98,6.3016428977968015,16,0,1,3269.383329349366
5851,898,618,316,64,354,271,129,195,184,13,440,880,6.686983925519724,10,0,2,1519.0576673656008
5843,2957,250,285,256,267,139,127,409,154,22,436,528,7.595877370149519,13,0,3,0.7998675118010778
7725,2678,226,126,89,181,335,178,224,111,44,133,886,8.038169624097078,22,1,3,2597.6188378809666
4884,1354,744,317,130,169,212,97,333,56,98,197,202,8.784098383249898,21,1,1,780.0740683147694
7171,2695,261,113,100,424,182,114,276,64,43,276,163,7.520785616598768,6,0,4,2321.568551653687
3925,880,370,241,242,112,371,162,169,174,65,137,548,4.594488845124004,25,1,0,437.56660388844466
6734,1051,485,495,190,218,332,53,305,69,20,149,145,2.538554995926481,24,1,2,3167.4936964757367
9543,794,316,424,215,311,201,81,332,135,47,286,286,3.97136795200315,8,0,0,6142.205801994538
8901,1643,203,423,251,201,361,93,219,161,54,161,994,9.198637559143796,17,1,5,3949.9689686567062
3969,955,265,154,146,376,94,76,392,103,95,253,667,8.630598914497053,2,1,2,507.412934497971
4094,2053,259,290,203,295,373,168,218,120,67,165,64,3.623056490864033,25,0,5,0.0
9124,668,701,384,253,176,310,122,121,144,43,453,158,4.232615664613144,8,0,0,5601.077280969132
6195,1209,428,188,260,437,268,73,348,99,84,201,115,2.9424308400468835,2,1,2,2465.2747275518777
4404,2446,299,144,192,432,157,184,311,52,81,332,922,6.220370468606816,13,1,5,0.0
6364,2519,318,231,166,304,96,187,491,167,33,289,39,3.6004085183718693,28,0,6,1412.325015801786
9940,2584,268,499,182,328,182,39,284,156,83,199,651,8.03474740949058,28,1,5,4615.043914226332
7290,2221,420,165,51,288,310,128,426,95,88,461,971,4.760446759601599,27,1,1,1644.4997498799949
6982,1784,422,378,164,198,225,165,287,130,72,407,858,2.2012240840474084,19,1,6,1866.8254099372691
7323,2778,703,423,127,317,170,191,282,164,48,289,282,4.457588439357691,4,1,1,1628.3976974428456
7013,753,410,247,142,293,378,36,140,199,30,325,700,7.35197947814659,15,1,1,3264.210556923057
8555,2876,774,244,282,142,352,61,127,86,45,464,882,4.537437168474323,25,0,4,2233.9965049738057
7556,1820,461,105,242,477,239,175,386,174,57,423,621,5.7207308341188,27,0,5,2359.279463250749
7713,2557,717,181,126,223,309,40,120,109,93,430,848,9.140634992739576,21,0,2,1908.7851501052899
6092,2993,447,222,290,119,226,184,173,146,22,240,499,7.1302400063875275,27,0,0,455.364158563506
7159,2625,456,266,109,410,396,170,406,92,11,202,664,9.968376788866948,26,1,6,1385.3116885248005
9308,2740,262,336,145,429,114,130,135,187,36,473,605,0.765694480683754,25,0,4,3742.4751301913157
5074,900,591,204,147,427,385,67,118,120,16,458,649,7.503888775794678,25,0,5,886.1645581463091
3284,2656,739,389,105,267,392,78,361,145,99,174,359,7.326952765065425,17,1,2,0.0
8779,2446,616,337,167,145,269,147,275,51,28,382,14,1.0886926754540138,26,0,4,3759.5562360993786
9424,2810,252,409,255,322,366,131,114,121,49,358,889,9.659386422712114,27,0,3,3248.7488784246943
7933,2876,237,181,293,178,197,71,209,116,30,478,146,8.452371509808652,5,0,4,2949.9225637182553
7926,862,507,193,168,269,149,36,208,166,67,225,67,5.116696478934494,18,0,6,5010.519820738199
4187,2806,252,420,87,345,168,57,223,53,35,390,142,2.2044472450604036,12,1,3,0.0
6969,1858,651,442,234,370,158,148,404,136,83,264,228,1.8642512859532412,6,0,4,2018.4789138155427
5965,584,660,384,151,198,131,94,117,185,45,497,782,1.2764279204906481,8,0,0,2110.5044450386195
7319,2045,685,396,291,421,62,180,183,59,53,384,502,1.934941470170486,28,1,6,2129.20560278827
3783,2324,336,460,100,240,348,114,292,162,73,343,608,9.247102993397252,20,0,5,0.0
3949,807,571,418,218,208,141,63,287,151,36,456,434,6.349021857937447,23,0,3,19.632272527016283
6939,761,455,165,256,412,287,107,263,54,17,482,12,1.246857770961869,21,0,3,3662.30083923254
3044,2421,594,211,176,236,233,39,467,123,99,161,720,9.216428860555801,7,0,3,0.0
4810,1130,236,455,152,220,227,194,309,139,10,308,978,0.5378784750559085,19,1,1,438.713709746551
7566,1179,346,270,247,198,259,88,493,162,32,497,58,4.090840542196391,22,1,5,3747.884057785891
5081,1364,207,346,270,165,325,189,119,129,82,403,780,7.426261362933321,11,0,2,738.0046784407482
9796,2871,450,165,278,243,353,173,350,170,40,393,453,8.219858350649721,8,0,2,3751.0646960761314
6498,2225,770,167,260,209,324,68,212,110,16,282,568,8.43100951198476,27,1,4,1194.0003669626562
3829,2351,646,133,229,229,374,125,416,194,18,104,693,9.45182462317849,22,1,2,0.0
4909,1226,462,100,178,499,322,90,456,77,80,437,807,2.678820089744114,17,0,5,109.00830321867832
9364,1760,638,250,134,427,85,37,414,195,62,242,349,3.8248318861060504,20,1,4,4704.0404415922585
8987,2148,458,489,152,356,387,121,249,101,25,167,99,6.3391090365643,24,1,6,4097.105928643259
5581,716,522,371,67,309,119,114,423,107,83,329,286,8.766180813758165,0,0,3,2169.4726306265425
3691,1769,729,357,76,345,165,28,359,128,33,472,948,6.009665050539448,3,1,2,0.0
7019,947,500,337,141,460,50,85,182,50,83,364,268,2.7208688506975562,8,0,4,3507.5186658718735
8486,818,684,215,121,253,130,79,413,146,55,350,791,8.020183623324083,8,0,3,4424.12527874165
3931,2409,291,175,144,232,84,127,157,122,38,479,348,9.0199015155033,25,0,5,0.0
7936,2584,363,382,125,120,332,56,153,157,98,276,496,0.08356437465413147,20,0,1,2612.964050089823
9034,1557,534,118,219,134,244,194,127,194,39,311,55,0.050675621330384946,15,1,0,5450.683588704053
8669,538,514,383,55,459,233,48,460,53,60,177,301,9.539996545569556,0,1,2,5229.221625334925
9725,2102,437,134,139,409,95,82,304,150,92,491,894,5.56503133670486,24,1,3,4460.025208226323
9382,2756,282,470,129,323,197,34,156,95,40,376,769,0.8827464758950487,16,1,0,3826.736122720882
6406,1329,308,423,271,223,313,28,163,119,39,197,821,3.564509248710431,29,0,0,2141.1762491844565
9584,1355,377,404,132,339,142,99,191,55,43,412,591,5.672620667370487,10,0,4,5579.179609138889
3147,2358,449,340,131,463,377,85,385,132,28,345,499,6.252246314181331,13,0,1,0.0
4032,1602,766,106,201,399,163,20,441,143,84,158,459,1.631653034909093,25,1,4,0.0
4311,2000,290,136,94,440,396,140,122,169,37,460,795,8.400508751320269,13,1,6,0.0
3387,2981,538,470,261,103,331,28,117,178,15,304,857,5.448986115219854,20,0,1,0.0
6121,2320,368,252,120,222,152,76,353,199,26,269,863,5.2518710062848335,2,1,0,937.7195100356967
4873,1341,338,344,56,141,251,167,180,172,45,475,188,5.409089360640794,16,0,0,1244.2943686183307
6588,2579,716,349,193,268,111,140,480,106,10,208,361,0.622558315736973,3,0,6,1218.8837685691478
3915,2940,777,214,175,379,143,21,281,74,25,286,195,7.5215165397879,0,1,5,0.0
4878,1755,383,140,107,324,366,20,450,65,77,328,644,0.8056139426367348,9,1,2,175.91023967621211
9781,2739,369,436,106,488,277,93,235,54,56,257,528,4.63250199439463,16,1,6,4034.78312866351
6748,2439,561,161,219,284,117,73,206,161,32,274,147,5.890638853289146,21,1,0,2056.726006928224
3277,769,443,268,160,422,334,38,233,199,76,160,679,2.1147961519038128,14,1,6,0.0
4977,2624,337,241,191,110,351,37,299,63,71,311,92,4.821579833554781,6,1,5,120.24323688398498
4859,1234,227,357,105,272,214,43,473,129,94,234,472,2.864434726983248,19,1,5,958.6021949805377
6036,1383,718,187,61,195,150,146,353,176,97,409,593,7.09617359410475,22,1,4,1527.4775116334772
6371,2831,597,147,142,377,292,71,395,119,24,335,405,5.336341350033766,18,0,6,527.1686205407053
8921,1612,532,410,64,238,139,39,278,66,84,119,820,0.9262054666110497,25,0,4,4502.916471566232
9732,1148,516,111,57,265,137,158,146,50,76,371,839,5.998733314644317,10,1,0,5789.751223109135
8929,1679,762,310,280,286,176,92,322,195,92,101,679,1.362619323800841,3,0,0,3946.7949480134216
9792,2797,625,343,235,185,156,35,214,124,52,493,942,0.02749779321186918,4,1,1,3568.217962331273
7713,2642,335,338,102,487,371,160,425,60,17,332,999,1.4626186905330985,18,1,0,1429.3478937970422
8726,516,466,296,186,330,351,25,295,141,53,343,457,0.04296842897533293,21,1,6,5142.715956627941
5182,616,306,356,223,237,293,44,490,61,35,198,208,9.879649362993595,26,0,0,2038.169183405552
7675,1482,759,334,141,118,234,82,348,129,76,270,557,6.338018936588142,16,1,5,3107.1772746229253
4170,2880,337,286,268,437,313,194,325,159,41,255,367,6.255133799780113,17,1,4,0.0
3489,2346,246,300,56,255,150,34,382,152,73,365,441,9.332220470865096,6,1,6,0.0
5525,2045,567,202,93,194,302,73,153,185,52,304,211,1.27538569361892,9,0,5,1189.1271896888777
4182,2663,205,389,63,116,191,190,241,91,83,121,794,0.2763526307668751,20,1,6,0.0
7479,1462,722,320,124,379,302,147,332,191,83,243,513,6.825940039602249,13,1,4,2616.2797785546745
7258,1776,728,467,273,484,122,33,249,186,71,171,563,6.178344561815154,4,0,4,2034.0750017161822
5488,1346,471,401,164,360,263,53,296,132,20,348,284,9.046866867854972,22,0,6,1218.7737394880605
4876,2863,265,286,141,259,348,149,155,147,87,173,5,3.2320248604432433,10,0,5,17.934501097289697
8308,871,619,198,183,408,221,39,463,160,18,154,147,5.525028273588769,4,1,2,4828.032735299856
5462,2106,538,344,212,180,353,125,309,177,57,448,996,5.646284537522099,9,0,1,0.0
8458,655,697,412,247,284,279,35,415,78,15,468,466,2.5659334696443903,15,0,1,4331.726801657563
4630,964,668,406,238,312,286,177,150,77,63,469,842,3.6004272099332058,25,0,0,0.0
8300,1282,530,121,201,441,279,122,499,137,71,471,623,3.4842709438678865,10,1,0,3617.1728906203616
3287,1303,330,167,122,458,56,70,227,141,63,269,657,8.44459235751535,26,0,5,0.0
8953,719,729,491,179,266,244,150,489,155,65,415,614,3.755207603484354,19,1,3,4252.290359224988
7282,2562,637,415,279,305,305,96,356,171,91,223,21,6.231176333162636,13,1,4,1809.9853387513624
4907,2273,442,164,255,435,220,147,111,125,96,315,434,3.7388451622232166,6,1,1,0.0
4161,616,662,391,228,360,89,198,123,132,39,357,13,0.8487902508121326,9,1,3,879.6086140231794
3129,2878,549,316,80,373,337,140,225,55,12,389,376,9.257799377648094,6,0,2,0.0
9337,2603,216,128,175,487,277,65,430,51,70,141,517,0.7869338754523458,4,0,2,4146.98916478506
5363,1874,665,292,271,335,283,59,270,102,24,376,276,0.10067731046245476,13,1,6,682.1808456200423
8983,2518,562,155,168,342,232,48,204,163,12,389,831,2.7111869861193894,7,1,6,3645.2534952730152
3143,807,409,437,76,319,260,170,320,152,24,387,775,2.7763487578495125,27,1,6,0.0
3015,721,724,487,277,464,399,164,156,80,76,419,785,2.90260395668019,8,0,6,0.0
9566,1696,619,311,159,446,278,112,248,86,38,433,405,8.015874438578761,29,0,6,4840.494242769571
3244,1296,332,337,208,169,394,88,139,167,40,374,709,2.868976630565899,4,0,5,0.0
3926,2029,213,299,294,494,304,104,132,189,80,385,630,6.3105741763805545,0,1,4,0.0
6178,650,243,277,155,312,126,85,260,104,80,285,866,0.07452737795864639,19,1,6,2847.273196606746
5176,2220,576,252,247,436,314,170,207,160,64,382,181,8.924486288970025,23,0,1,0.0
8002,2056,494,143,220,386,281,94,164,74,84,371,674,2.5995273835022257,25,0,5,2943.1032856643083
3886,611,595,267,286,325,186,170,175,195,52,124,365,5.375489001987144,6,1,3,536.7500637411717
3340,1182,303,386,169,368,113,154,145,67,34,217,300,5.68318140937219,25,0,0,0.0
5051,1661,644,296,131,378,294,190,463,184,90,188,503,2.3991227735157263,24,1,5,0.0
6398,2879,261,436,101,348,140,53,334,128,64,443,692,5.909873623493405,1,1,6,582.6634894443341
8529,2065,764,173,63,420,282,121,213,79,59,443,309,8.669113310752044,2,1,4,3389.5421085129424
6950,1392,611,270,236,295,398,124,407,182,47,110,184,3.3113998340994524,23,0,4,2732.1119827823813
3305,1830,520,479,69,129,143,132,223,55,69,259,584,9.336984894370405,6,0,4,0.0
3907,660,330,282,167,402,252,70,385,97,94,442,79,2.346069339685858,13,0,0,767.9815541542661
5654,1925,398,115,101,499,223,191,242,153,61,431,202,1.1790310753097655,27,0,5,967.9193793069373
6792,777,235,167,252,230,173,89,236,181,93,202,47,3.496729501320578,12,1,4,4085.4499249072287
7042,2056,415,474,294,111,119,85,346,190,83,264,468,8.925884384192269,27,1,3,2315.5270771186083
4371,996,785,424,150,494,152,115,387,155,79,407,297,1.6137476758673241,6,0,0,0.0
3320,1895,505,141,89,115,282,77,171,75,85,261,278,4.158558804722499,13,0,5,0.0
7654,2415,766,209,117,216,113,139,382,69,90,184,181,6.242787770749024,8,1,5,2680.624752979524
7059,1154,211,140,93,248,144,190,141,163,54,317,573,8.156748246643566,14,0,6,3627.06115446159
8300,802,282,405,183,208,212,130,363,157,28,455,697,9.050839940286561,22,0,2,4268.720849178559
9761,937,231,105,136,335,317,80,320,114,14,340,940,9.91857218444433,8,1,2,5932.9804785299475
9854,685,607,430,169,413,353,185,366,180,51,492,723,8.452709556711461,1,0,4,5068.692841513404
8505,2089,285,280,106,104,368,175,342,152,39,397,848,0.09501612218231537,24,1,0,3241.2976730284986
8737,1172,610,372,235,279,222,60,143,198,74,394,478,3.929080453516842,4,0,5,4440.362294939266
4131,1773,762,460,121,496,55,69,388,92,85,129,849,8.542556927965666,3,0,5,0.0
5578,1500,455,284,207,436,350,109,166,74,88,486,796,9.760724187395166,28,1,3,741.9214317848088
9553,2826,440,422,277,495,395,109,410,134,14,213,431,0.5952020845430928,19,1,1,3288.902138570647
7042,1182,651,243,101,100,150,88,368,160,47,219,671,3.3985985899570093,5,1,5,3063.219973049704
6367,2218,200,199,283,107,180,140,135,135,20,479,391,6.508796998984444,13,1,3,2048.6520162440147
3817,1424,481,189,60,243,69,100,186,62,93,229,49,4.0873212332695825,17,1,0,638.9452166574554
8290,2927,798,345,224,242,260,45,125,72,38,480,392,1.5672883243693436,8,1,0,2084.4260366048798
9636,1498,713,338,54,374,344,173,393,112,23,476,633,8.994718430720965,3,1,3,4700.799950247775
3011,784,318,311,180,252,341,126,199,148,99,294,813,3.0423897197542713,26,0,0,0.0
3194,920,704,180,192,386,397,170,250,132,83,178,645,2.557659506318103,2,0,4,0.0
5537,2660,279,214,179,229,314,199,235,64,98,220,324,5.716179620097394,21,0,4,631.4574736857105
5842,2775,418,375,51,220,302,107,369,166,19,244,428,8.446954792880643,18,0,4,336.5301686130053
5229,1994,716,179,298,158,93,124,379,75,48,290,716,4.766513324611253,26,1,2,0.0
6009,1027,665,155,249,316,124,92,474,152,69,230,152,1.1215349469366553,29,0,6,2367.6212787961945
7751,530,717,278,231,130,102,135,200,130,32,170,350,4.479654617449488,21,1,6,4547.668551724826
9017,661,701,408,223,343,335,151,252,143,31,194,737,0.9900219894010909,12,0,0,4682.992435506926
9837,2341,257,148,143,239,115,20,217,110,95,365,976,1.7386413401109369,0,1,6,4803.215287056484
5077,1204,536,359,176,312,87,153,338,83,96,214,568,4.363257699698986,3,1,4,1046.748096727539
8715,1221,709,373,175,128,303,48,116,193,92,454,153,1.1442455228478088,21,1,6,4654.004277009416
6867,1901,625,391,90,263,343,150,231,188,32,154,339,6.700906882173121,2,1,0,2096.1893985773054
8215,945,759,472,246,203,248,147,350,126,31,346,625,5.43862572740133,18,1,5,3948.3294388116674
7873,926,569,390,79,162,285,128,184,196,71,247,5,3.432503725709395,11,0,1,4711.86959555305
3443,2050,610,129,93,114,104,107,311,83,28,228,607,1.5906308719253526,6,1,4,0.0
3297,2467,631,473,59,385,381,189,464,167,31,141,480,5.130177211035281,9,0,1,0.0
7903,1220,395,351,274,278,165,156,466,115,10,368,570,7.983616696145298,12,1,1,3581.4801517096666
8856,2301,576,162,265,110,134,100,204,182,43,107,467,7.492809888177043,22,0,6,4065.1530941784195
3844,2464,564,181,260,112,328,78,436,124,35,379,315,9.724485973896655,4,1,1,0.0
4015,1557,604,424,79,314,191,57,198,115,13,377,10,5.003556039012901,16,1,2,41.904609077768995
4384,2544,691,480,266,410,145,61,140,151,57,274,558,6.315068208201464,23,1,5,0.0
4397,1235,265,268,124,325,98,69,159,73,54,132,819,2.4357087237362274,2,0,2,982.6710825499295
3553,1257,590,409,98,162,350,33,186,125,21,415,265,7.7189844409352295,16,1,3,0.0
5350,2295,282,442,212,354,254,145,142,129,46,125,938,5.000565676427012,16,1,5,138.83670778558218
7516,2143,680,257,242,229,244,119,407,154,12,271,678,4.726212697874016,24,0,2,2091.88933946816
4269,1253,428,155,194,362,354,192,120,66,37,486,466,2.9880704218609466,8,1,2,227.8788058282572
4260,523,424,434,208,270,299,52,251,79,93,159,410,3.1826082168898817,7,1,2,753.327324414357
3184,1739,312,241,119,289,307,167,221,91,11,201,935,2.0750661237532864,19,1,1,0.0
7563,554,384,248,254,383,108,181,271,71,65,237,481,9.455107973526486,27,0,1,4222.470942190039
9897,1804,711,475,229,124,270,86,310,80,74,489,803,2.379626229395307,13,1,6,4533.1940646188805
5410,2874,372,325,75,259,109,103,232,100,55,372,375,0.3859088723241555,27,1,1,0.0
8402,1469,722,124,149,316,71,86,399,137,53,286,147,4.225856018258005,24,1,1,4583.0648725697865
8672,2733,404,277,182,275,394,89,318,190,27,490,45,9.685365638141286,18,0,5,3068.644150144157
7431,933,737,464,160,435,102,186,489,138,82,497,68,0.3035454527212089,12,1,0,3028.4965934685924
5209,707,518,194,63,320,324,190,433,173,46,453,585,2.58257218855912,29,0,3,1125.0605102816726
8593,632,358,152,100,379,98,186,486,149,63,219,62,2.5057084135570107,18,0,1,5651.145559527602
6672,1862,477,403,64,180,66,132,164,191,34,337,159,5.325067621647097,7,1,3,2558.63161071459
9155,1719,347,169,177,224,176,104,258,166,92,437,167,7.564907141488487,8,0,2,5146.654826583936
8543,1785,282,275,189,269,204,134,400,88,71,373,679,4.140920975963973,29,0,5,3652.5175423092733
7683,1805,618,231,291,169,324,63,213,141,34,449,91,3.2879287612758947,17,1,6,3262.709848759475
4881,868,737,438,95,177,284,148,173,156,61,337,924,2.8494493019247944,21,1,3,629.688172547246
7296,1706,782,488,283,189,335,116,410,124,72,294,277,9.175775829648632,11,0,6,2096.188031646203
3521,2970,748,437,241,479,127,69,159,67,24,337,968,9.406252290531523,29,1,6,0.0
4887,2791,591,459,121,447,223,139,353,88,55,470,321,5.797271728164507,2,0,5,0.0
5552,1281,332,430,236,210,155,135,342,132,65,360,716,8.807563562552055,27,1,6,952.5129677038528
6809,1066,441,312,296,263,369,81,214,116,35,173,290,9.876979697048242,26,0,5,2992.4249386184356
8807,1026,650,310,144,227,81,22,394,90,73,144,26,5.657878451961999,1,1,2,5669.578419390344
7883,536,399,444,203,254,341,155,479,95,29,329,446,2.977376808871528,15,0,6,4117.831243746353
7155,677,316,163,78,293,59,67,203,171,76,183,376,3.360420296712243,22,1,1,4490.938203251488
7673,1138,418,134,181,272,364,133,147,72,34,163,669,6.123513436326952,23,1,2,3963.430262152017
7416,571,504,111,227,399,151,115,179,84,30,461,28,3.8109439629282438,15,0,6,4367.785355946225
8554,2899,442,445,269,412,167,188,126,190,43,304,162,5.0992535017167775,29,0,6,3046.231559253734
6479,1672,491,410,74,120,206,183,371,175,97,222,36,2.2971307623956716,26,0,1,2384.422004877476
9133,2220,500,347,217,410,316,76,332,75,34,279,510,9.936345431539257,3,1,1,3805.0210480508695
8018,604,587,211,81,208,294,104,353,183,74,100,665,1.919705491735093,9,0,6,4519.916498364084
4409,2182,787,424,149,498,128,109,464,121,38,321,3,9.14024358629974,3,1,3,0.0
4694,720,408,190,252,459,209,138,487,101,41,272,610,8.689114906177702,22,0,4,856.5192394170617
7664,2349,513,393,86,486,140,97,472,102,10,201,905,8.103919861501016,28,1,1,1587.7336634859541
8197,1362,225,128,175,228,178,190,446,185,44,172,915,9.370499564642694,24,1,4,4000.210157070224
3526,798,278,111,187,379,63,47,236,129,65,145,368,8.05727076932352,12,0,1,579.9284394439339
9667,541,327,246,215,126,335,111,252,142,25,287,699,3.5253235086474666,7,1,5,6294.860674202122
5660,1270,612,236,238,492,208,104,443,113,41,218,247,1.6957378409785873,16,1,1,1312.1226181924235
5172,1962,336,437,149,443,178,131,157,83,88,404,521,5.038018484306263,16,0,6,205.14549506038378
7966,2632,533,256,291,191,223,137,319,78,14,169,541,0.0545491717068014,4,1,3,2537.9150961235373
3279,2209,747,358,294,394,223,176,117,97,19,244,586,9.489153434366516,1,1,0,0.0
5964,1490,587,186,76,154,92,57,189,165,95,345,655,8.561639077152792,24,1,1,1680.2927474017345
6977,1210,770,257,258,295,343,181,429,152,81,378,390,8.210625235499775,26,1,0,2206.6216503916135
5669,708,429,285,184,480,394,84,276,191,88,264,117,3.573069294202017,23,1,5,2185.8580987300584
5893,1771,620,443,250,320,349,167,143,76,29,165,918,1.1481950399201601,12,0,2,618.4669045707583
8988,1734,323,408,148,400,158,45,302,50,98,437,551,7.1111752717260845,10,1,4,4260.881907588657
4751,538,287,456,295,255,291,46,209,131,21,447,0,6.48130866310391,7,1,5,1667.0908626029736
6981,1775,340,328,186,200,104,170,292,180,99,113,300,8.232685479497366,17,0,2,2604.854197341606
7769,2326,250,103,236,335,104,41,436,75,77,354,774,5.0944448901711015,1,1,1,2704.2090490205537
8247,1261,766,156,85,384,383,194,227,198,72,313,381,1.5137384639850437,21,1,3,3827.8644084277526
5361,1936,604,127,167,168,265,120,109,167,35,484,296,8.17752101132639,13,0,2,825.6060245278272
7427,1969,536,115,207,366,156,86,418,73,69,206,323,7.022970147282978,13,0,0,2721.3700674338156
8269,2599,565,112,272,485,362,88,193,94,83,397,513,9.579479206548209,12,1,5,2467.299480917111
9135,873,457,299,68,237,233,101,401,165,70,466,272,0.8977464683615655,10,1,2,5421.919882329418
8573,1430,587,283,218,347,179,117,324,67,24,266,487,5.8677412364418675,3,1,6,4367.386784458887
7131,655,244,408,104,202,173,34,357,180,14,271,392,6.364791941322501,8,1,1,4198.751808906178
4708,2065,468,403,264,207,98,145,469,177,41,318,650,9.998979189279584,3,0,0,0.0
8539,1613,510,380,133,299,369,133,323,160,31,429,299,8.324554640269803,27,0,5,3901.1380281362685
9349,2898,477,421,55,474,302,123,358,177,31,273,594,3.1256052804981582,23,1,3,3027.3192441134065
5686,2616,674,257,172,314,392,191,135,163,21,388,439,4.727931997774433,15,0,5,30.803693572848715
5895,1765,766,459,156,254,118,70,360,195,73,339,781,3.575051355075175,5,1,4,567.1342747391611
8475,1153,344,358,137,186,367,172,375,169,84,158,78,9.178520856931533,28,1,5,5067.660741738302
7535,562,434,256,288,467,101,164,358,157,97,264,430,5.241237700772025,19,1,0,3866.6236800134466
5776,1008,335,193,199,308,82,116,358,68,89,107,967,9.017952248278926,13,1,5,2051.5164457488945
4119,2839,644,366,247,277,69,71,455,133,25,119,698,3.619430353938627,15,0,2,0.0
5988,2187,552,120,293,173,278,77,425,73,74,292,187,1.7975512744505917,15,1,3,1191.2146599314817
7259,1947,593,226,201,357,236,185,327,103,60,218,544,5.415183401299901,29,0,0,2095.6739929483006
7243,2192,474,446,111,372,237,88,187,148,96,148,951,9.87143683754468,22,0,3,1843.0148883651495
9437,1888,583,450,219,450,240,142,483,138,41,354,641,6.284766032048682,19,0,2,3687.596642304798
3194,2697,522,449,297,435,161,56,402,106,62,413,1,0.5502156044067341,0,0,2,0.0
3662,1794,382,484,298,123,233,94,201,171,12,430,59,0.33760061832292076,13,0,3,0.0
3479,2104,772,211,199,412,342,127,392,162,22,202,403,4.296555688077365,25,1,2,0.0
7218,1639,639,333,259,170,356,181,107,186,67,234,121,0.3734058711914745,14,0,0,2916.6833590049596
4423,1203,262,133,193,182,334,54,201,150,54,352,918,1.0456257784816192,0,1,3,417.3514747841002
9842,1015,233,179,277,499,276,58,212,113,33,311,81,7.534439751970443,7,0,4,6543.726204924785
8060,2437,676,182,293,452,186,193,307,134,60,196,669,7.582629394798262,22,1,1,2173.984817923873
5708,2333,286,128,190,391,135,137,462,108,22,338,724,1.846967905613205,24,0,5,484.1521908278396
6175,1764,409,230,169,400,345,163,484,65,33,158,291,8.511095484252113,20,1,1,1734.12285903409
8874,529,661,110,86,109,220,107,144,182,14,351,117,1.7557248288644944,15,0,3,6163.284191003086
8581,825,280,491,229,418,328,178,109,93,90,347,578,7.642436999461367,21,1,5,4596.626885525084
6814,515,521,161,201,142,301,33,441,95,59,162,952,6.024146099905079,25,1,2,3307.6822239476187
5014,610,614,458,174,150,57,66,331,187,85,379,144,8.564842537728103,23,0,0,1618.1237812798988
6789,606,389,132,260,306,123,179,332,126,58,288,380,7.53400105523286,2,0,4,3587.2216973290965
7805,2926,432,235,291,206,369,126,442,107,27,492,919,0.0033109601955005896,18,1,0,1296.0805740317662
5443,2709,591,187,261,358,200,96,268,119,42,209,997,0.6074176418496702,11,1,2,0.0
3911,782,368,116,268,293,142,121,367,113,67,147,963,0.32173729904624637,12,0,4,160.5985144819105
8456,768,642,190,66,334,145,36,336,119,40,155,584,8.335326701841458,15,1,6,4965.098718696029
6213,1720,367,398,65,262,191,143,363,176,43,138,160,5.959324307572952,25,1,1,2088.8967614539397
5364,1766,430,352,178,168,129,143,479,109,83,453,56,9.680017645444098,28,1,0,919.0706850967023
8830,1097,349,172,134,434,289,183,400,74,40,489,225,3.8848786960598627,9,1,5,4794.706426656966
6629,1298,749,305,174,391,322,136,187,136,88,230,812,1.7886360280385938,25,0,0,1553.3628431102752
8919,1782,585,360,268,404,69,189,484,60,36,216,181,3.4003756917140415,16,0,1,4171.933751138725
8675,1672,580,277,50,356,61,101,253,142,68,393,415,2.706949260792081,17,0,0,4330.872073650995
6472,2390,474,411,79,428,173,166,441,134,36,353,314,8.48556727334702,17,1,6,950.6154209761737
3680,2937,261,412,261,284,171,154,206,112,10,235,519,2.660041548863754,15,0,5,0.0
8429,2511,666,319,73,354,377,74,316,177,85,139,879,1.3342955633502485,10,1,1,2308.996464421447
9638,2963,727,272,95,215,278,177,258,90,77,492,369,3.3299469972043827,6,0,6,3626.6058969996225
7651,925,349,264,297,113,134,95,411,102,32,434,955,7.977318089972107,23,0,6,3684.477419746717
3609,2225,341,427,51,477,323,139,453,130,61,419,782,4.006891279517218,11,1,3,0.0
5156,2633,315,434,192,314,78,48,136,143,66,321,638,6.151515253991625,15,1,1,0.0
6866,1739,264,319,78,192,184,181,487,184,96,276,670,2.054751761342828,10,1,6,2219.8610351531993
3371,2970,628,391,148,333,89,181,171,177,60,167,575,0.7536379850031916,29,0,1,0.0
9998,617,509,260,111,279,150,105,220,122,92,477,4,2.3402237145930513,0,1,5,7146.062757291486
3615,2962,629,489,62,153,183,21,271,132,93,260,169,8.198211277560121,0,0,3,0.0
9911,1098,360,347,260,404,360,174,326,161,72,233,361,6.880232888278601,4,1,5,5769.083257290574
9010,2587,505,470,114,129,378,66,316,95,93,384,796,0.8216115031621796,16,1,5,3233.266307398163
5253,1684,560,170,94,486,230,119,194,100,86,118,909,2.1473989560985363,27,1,3,436.4499102716011
7942,2967,477,191,96,111,249,76,276,148,37,328,179,2.3154106276749276,1,0,2,2948.557702148241
7138,1163,495,490,65,210,258,141,186,183,33,302,180,2.8181555022130933,15,1,5,3481.9086245818103
3864,2642,750,460,175,471,137,164,201,79,31,333,12,6.599389254420075,18,0,2,0.0
4268,2081,368,420,156,211,174,117,423,150,95,108,955,1.6507637971730627,12,0,4,0.0
8474,1149,658,344,52,268,71,173,455,193,49,214,815,1.1809156535565712,16,0,1,4036.3544947656846
3784,1989,779,123,153,203,99,144,226,168,84,245,921,5.123870580113269,8,1,4,0.0
7571,787,206,144,247,110,288,157,493,106,17,347,211,3.2700655779984666,3,1,6,4469.600329282191
7178,2199,796,288,144,446,263,58,169,155,97,496,926,2.2200409791507902,26,1,3,1013.6719110388525
8229,911,331,472,182,428,332,28,322,110,21,170,114,1.7409288592953176,13,1,1,4873.13455583946
5237,2947,787,385,203,371,97,44,359,66,58,180,35,2.6117971602248935,15,1,6,0.0
7054,1541,546,420,141,113,115,167,376,56,30,131,538,0.3847282626175852,12,0,6,3053.148960870903
7895,635,795,440,64,274,179,34,397,170,76,381,228,3.1207125043450326,29,0,1,4219.012778297892
3935,2525,452,182,250,257,351,132,183,140,48,461,638,3.8323550671035034,29,1,1,0.0
6980,1258,609,321,232,209,376,110,471,79,71,279,96,2.257296889319994,14,0,6,2926.1431713265106
9394,1771,742,469,199,251,316,158,233,155,91,249,604,6.452619154187463,26,0,3,3966.0793144663453
5338,1524,554,451,86,333,288,163,354,183,67,179,90,8.5881796336562,21,1,0,1102.5704776172206
8764,880,763,442,262,240,75,169,110,105,71,383,771,7.388335229192878,21,0,6,4384.114637222957
3325,2028,567,318,283,218,240,171,309,185,79,128,714,1.9856374663042609,18,1,5,0.0
4534,1305,783,317,298,481,98,183,474,174,45,461,216,1.306687305060873,23,1,4,0.0
6480,975,710,289,206,108,368,165,172,69,54,420,119,9.243761946826877,13,0,2,2594.028629482349
6861,1453,732,166,203,276,70,167,239,79,88,258,132,4.544109717449976,5,1,2,2971.615102448846
4985,1348,727,130,119,148,128,27,386,126,24,193,50,8.641331244830742,5,1,5,1468.5533044297867
9060,1396,727,421,188,397,129,34,258,75,71,203,577,6.517149796499133,12,1,0,4716.385160162441
7932,531,601,349,149,469,58,96,270,115,47,124,39,7.301970055792055,16,0,1,5098.625327881736
7603,2427,374,153,197,432,198,144,285,110,73,162,972,1.9485395876313838,27,0,2,2004.2286492509984
5778,2665,277,109,285,248,104,97,149,94,97,343,631,7.930879260421207,22,1,3,694.8212517121339
9215,690,639,265,133,256,346,66,346,95,80,280,884,4.032878888815398,27,0,6,5188.275049670303
4270,2270,748,438,140,191,55,138,453,73,18,416,282,3.6969401864377005,19,1,1,0.0
3640,2273,431,384,247,251,306,171,307,126,84,428,506,6.160065123476167,23,1,6,0.0
8974,2621,599,252,82,475,241,66,140,164,89,178,486,2.7693901107081844,12,0,5,3700.4548149100856
7703,1122,412,131,170,269,278,37,211,65,80,448,208,2.6968596633659048,18,1,3,4067.4240281896436
9054,1626,392,116,79,183,296,179,303,131,34,456,990,0.7845848819202927,14,1,4,4358.892321494044
7078,1085,771,470,227,458,331,189,468,193,87,488,181,3.9630571846809435,19,0,5,2046.044851966811
7661,2967,466,400,83,426,306,115,304,115,74,154,377,6.101314565737671,27,1,1,1810.8494292912003
4367,972,325,404,182,147,306,184,271,178,29,200,202,2.6405157635086587,13,0,6,919.4010545754479
7042,2287,581,442,257,434,142,52,226,123,37,109,520,8.948592023407134,10,1,3,1828.0246669722321
9197,613,743,245,189,316,263,148,165,74,58,380,266,9.7529046681632,0,1,6,5856.3435585268535
8849,1902,701,174,125,176,343,111,468,63,43,160,902,1.4547629780006976,16,1,0,3793.900866914069
5575,1836,602,478,124,142,90,174,370,184,82,282,740,5.2520830124562226,11,0,0,478.9505414897703
9754,2877,460,223,101,363,205,36,133,70,29,365,69,3.0176200808897358,18,1,2,4885.365990007756
6603,838,586,151,100,162,182,65,297,142,94,457,29,3.935461497081434,24,0,4,3449.223367849267
4581,2785,611,289,198,344,368,98,143,140,31,269,604,4.434263381720099,21,1,1,0.0
4986,1696,545,240,248,219,135,114,352,98,86,162,222,4.507383614238005,1,0,4,950.453473256713
5240,578,293,187,107,418,133,181,260,181,53,358,470,3.7747883255638834,1,0,6,2117.988209265639
6966,963,527,183,147,361,297,22,434,61,56,103,332,3.5705333427593864,6,0,4,3410.8948155008757
5105,2421,299,342,174,429,84,75,454,71,34,340,117,0.7709457246057416,20,0,6,401.9750109406551
3128,2487,660,205,241,349,298,159,447,153,31,255,420,3.884399143294124,14,1,4,0.0
8968,1061,514,191,142,151,380,45,461,196,70,396,459,9.884936531036386,12,0,1,4712.275898985304
7801,784,224,454,183,376,174,171,489,63,61,265,940,4.584523371469345,11,0,4,3517.60133670958
6996,722,693,120,277,241,101,79,217,136,29,110,849,3.7021476260700528,10,1,2,3345.487170246231
3851,1789,552,105,275,471,338,77,395,130,89,342,331,7.612062317582455,28,0,0,0.0
7103,2190,316,320,226,350,319,27,361,57,29,181,250,8.90177506465744,10,0,6,2352.267883812035
5076,2920,398,408,249,413,270,45,174,59,95,395,962,6.624067467449491,25,1,1,0.0
8231,1756,478,186,86,324,358,129,113,79,54,409,687,3.601585236363296,18,1,2,3571.9174121449832
5994,1327,781,279,187,252,110,185,478,56,46,225,483,4.040441256651899,3,1,2,1751.7231646378832
6744,2783,278,441,257,155,318,68,104,51,24,310,372,4.18513980931399,0,1,3,1686.601194383738
9274,1327,623,492,243,438,64,62,400,71,85,307,208,1.0330635965130375,12,0,2,5177.337952600637
9331,2460,553,451,105,108,360,40,286,182,18,486,777,5.372397778403881,26,0,4,3345.3439204066303
8794,2465,725,345,132,340,230,160,300,105,53,496,140,1.854154997429196,11,1,0,3304.0283340019228
5756,2927,740,273,120,263,249,118,398,69,24,155,571,6.680857695226531,2,1,4,0.0
8594,1113,676,212,115,232,352,150,350,117,53,406,790,7.58212192227295,27,0,4,3984.412441178084
9355,1062,209,170,94,180,124,108,254,70,95,352,285,5.878875527897601,19,1,2,6272.476096155741
4644,2967,758,257,136,449,293,179,475,66,21,264,119,2.784888563042578,12,1,1,0.0
7371,2599,702,398,144,234,320,40,296,128,36,344,828,8.203718135505744,13,0,1,1248.235899499838
6144,2244,459,336,245,233,70,33,168,76,28,211,283,2.0189231356117086,24,1,5,1801.3040643761901
8798,2305,723,286,241,151,85,155,147,132,34,193,150,2.1862173115969865,10,0,0,4218.867186805034
8891,2468,795,342,193,301,247,26,348,160,83,113,964,1.3684419891724364,9,0,3,2771.3501314558202
3242,2752,205,265,59,297,202,118,331,164,73,475,304,7.595978842294979,4,0,4,0.0
7085,1230,234,133,290,205,93,149,210,162,21,473,413,5.445829080142125,7,1,1,3307.6353896735422
9828,756,374,354,198,410,178,88,428,62,59,342,200,1.0971705010304433,15,1,2,6442.293650260265
3170,684,641,401,269,343,91,191,466,162,81,471,609,5.9090293679376815,4,1,4,0.0
3652,2692,776,319,287,332,82,85,380,147,20,169,367,8.5829325678445,20,0,4,0.0
9028,2531,346,131,189,113,345,37,235,99,92,387,25,4.518433666018165,7,1,5,4506.8721298277
9331,2213,768,499,62,484,164,163,177,187,32,268,379,8.305005450470365,2,0,3,3824.337365047732
6512,745,392,356,293,324,252,31,330,105,97,395,336,9.359827836863296,4,0,4,2893.578772388253
8205,2734,212,332,281,310,113,127,354,153,24,495,929,2.6659244828831308,12,1,3,1965.5440962846903
4499,1365,729,314,130,300,333,79,259,77,72,334,579,5.643269388884051,12,1,1,0.0
5099,2587,445,341,259,264,272,73,160,86,29,458,589,8.912919621102176,4,1,5,0.0
5158,1100,313,344,166,148,385,59,186,85,98,444,257,6.0973976733263004,0,0,1,1619.0089075512046
4972,1461,432,119,187,495,259,190,100,141,87,409,815,4.356480233918881,15,0,5,136.17125882582093
6925,1941,521,309,171,232,135,169,210,106,19,284,581,5.962881655933794,18,1,4,2244.093376950428
8162,2556,737,309,269,169,276,23,258,85,70,235,503,7.4690894000249175,19,1,4,2745.5659751141984
5258,2897,325,171,190,471,353,40,498,178,56,269,456,2.7464737302865814,9,0,3,0.0
7039,2631,512,261,211,218,234,170,333,186,58,326,919,1.4298980265528405,5,1,2,710.6923617979182
5035,1032,710,277,108,238,314,189,169,156,58,425,397,1.8962165161121658,27,0,5,787.2897289099391
6271,1488,683,110,177,342,222,110,499,155,85,334,844,7.272954175213804,21,0,4,1145.4570112233112
3857,2542,480,462,98,280,265,60,463,164,42,317,330,1.112059714634036,15,0,3,0.0
6823,857,482,398,55,282,132,163,180,81,96,130,615,3.2344389891386682,20,1,0,3143.811625453187
9770,877,591,365,61,434,127,115,301,168,87,440,344,8.337479467737474,10,0,3,5735.554417220035
4049,2719,722,107,78,149,371,55,192,173,32,218,797,8.851566817650996,1,1,6,0.0
6990,1548,581,374,126,280,395,141,461,119,62,429,471,9.679829306408683,3,0,4,2141.060074862126
3298,892,415,292,173,224,121,36,171,107,46,490,929,6.083163308294159,26,0,5,0.0
3923,1626,741,410,75,330,320,110,156,138,31,255,662,2.3894320243252896,12,0,5,0.0
7232,1201,315,358,117,410,345,154,110,77,11,485,466,6.6521562203240965,4,0,5,3216.845445962324
8139,1933,708,152,256,447,190,137,245,197,29,351,64,1.8907170114513627,6,1,4,3321.328290884255
9583,1283,699,399,65,102,257,188,247,137,14,143,846,2.4058044489116517,12,0,0,5419.585754885688
7306,2328,470,195,102,475,391,121,307,164,12,177,761,9.287324389696296,21,0,5,1760.119129313556
5799,2879,639,403,196,499,82,81,190,187,91,426,360,0.09749659544280975,1,1,1,0.0
8670,1482,490,409,224,272,158,137,186,125,86,244,375,5.493868479033171,7,1,5,4287.241932413204
9578,1542,238,499,267,180,211,103,497,86,95,242,941,0.58331171638211,25,1,1,4707.515272894026
7875,1671,223,191,209,374,65,76,208,109,86,259,829,2.227637359459851,28,1,0,3360.854720366153
8326,2830,242,243,119,487,63,118,382,140,21,253,565,3.539407255599439,29,0,5,2845.760561217636
7062,1361,369,406,293,414,280,52,304,126,41,411,399,1.0855453724803954,25,1,4,2519.9649232938514
9582,2376,539,117,247,444,295,45,196,143,67,187,955,0.34577544661066884,7,0,3,3891.54298409455
7045,2335,368,225,238,318,95,107,364,164,80,185,353,3.5551785790078205,19,0,2,2121.0671737870557
4802,2198,737,253,54,239,355,43,368,116,79,218,746,5.1187401568508575,16,1,5,0.0
5713,612,671,105,236,162,162,50,363,161,49,264,704,8.067861510516984,2,0,0,2265.505041409878
8161,2185,342,489,179,126,92,46,213,189,15,235,825,3.3797135364753936,8,1,6,3293.5904852113304
7506,2122,300,433,293,295,97,68,411,78,72,241,917,3.1095483882474886,5,1,0,2166.325960490112
5853,1922,774,437,179,480,241,92,318,79,34,481,692,0.11388112618103019,0,1,3,26.247427105439826
5657,1361,674,435,278,251,251,178,332,199,78,421,769,6.169717266367092,18,1,2,349.6194179144559
7522,2432,510,187,52,351,191,172,196,130,92,298,304,7.656283938979843,7,1,5,2525.2513757817587
6346,1007,783,368,247,347,238,35,106,102,82,107,908,0.03601367645456266,11,1,6,2030.6234413065224
4471,2167,259,164,144,253,268,128,176,71,59,295,418,0.056726083296329,1,0,2,97.57543078814305
5949,965,228,265,92,309,301,153,227,98,49,158,532,8.660307154095136,8,0,6,2559.228690953932
3941,1621,730,163,182,121,326,106,498,184,10,109,808,2.775490823099105,24,0,5,0.0
4907,789,272,369,227,169,360,130,283,95,55,402,583,5.259461923608111,3,0,4,1138.675863473593
7837,2262,593,244,287,118,165,140,203,60,82,237,156,6.589663484122161,19,1,0,3317.619205195525
8488,2709,593,476,59,200,51,164,183,65,48,115,237,6.4469267486728885,4,0,5,3452.9583386958766
4243,2366,680,432,204,261,62,28,392,85,19,358,840,5.592832080510581,28,0,5,0.0
8696,1216,672,368,73,238,326,109,163,100,58,250,564,2.006148568602708,7,0,3,4646.507006366433
8351,1900,512,428,71,475,301,32,332,199,23,101,643,7.574508378936971,19,0,1,3235.2083961647486
7423,1066,637,489,138,187,277,154,116,52,55,164,706,5.688661110455245,8,1,5,3457.2858927798748
4466,1973,523,105,52,136,195,37,192,84,49,302,370,3.2205256913727,2,1,1,528.4698301905465
9195,1493,286,220,193,270,266,120,376,162,98,211,874,6.923311311004676,8,0,1,4448.765075338635
6957,1640,558,449,207,359,286,64,177,87,28,418,515,1.511270236880462,12,0,3,2255.635300761458
4966,2487,396,412,161,437,343,171,460,155,26,413,90,3.667901468332173,16,1,1,0.0
3375,2493,584,408,220,370,305,51,210,104,91,136,292,1.9814127469140275,7,1,4,0.0
3262,2309,317,401,53,354,330,26,441,87,55,288,109,3.6056400388628718,22,0,6,0.0
7362,1704,697,433,156,239,215,39,407,167,82,477,377,5.540265263677092,25,0,2,2378.1224724185663
9502,1458,661,231,89,167,192,141,176,60,74,375,989,4.587312826932459,7,0,1,5186.765109119977
6388,2216,695,389,65,167,287,166,333,63,79,415,462,5.709809172939942,14,1,3,1114.403655374492
6395,1512,793,288,296,268,146,129,194,130,47,376,399,3.029374739455771,17,0,3,1785.9063892362706
4944,2318,446,308,281,204,241,33,367,70,26,225,859,0.9002006163630993,9,0,6,0.0
4893,1810,433,141,154,414,337,179,451,156,82,449,694,1.1454427565770753,22,1,1,0.0
8997,974,616,177,287,157,92,28,145,151,20,146,459,3.6310133153999646,3,0,2,5735.743101290908
9795,1117,666,419,121,475,318,119,425,135,62,436,472,4.196609399963295,16,0,6,4837.130996948367
6634,1140,681,244,137,286,258,196,481,109,27,139,27,7.2086845060204086,18,1,6,2846.3403066895894
4652,2809,564,473,65,484,383,109,314,83,16,442,634,2.9182668646652674,4,1,2,0.0
8540,661,352,385,167,155,74,112,426,114,44,335,59,7.101432644394016,11,0,4,5722.496744371486
7141,2503,471,270,140,103,354,35,375,53,53,248,372,6.0855882030847495,19,0,4,2067.1062078283544
6892,2482,591,192,243,384,137,171,167,154,80,362,244,2.8452369365058527,23,1,1,1702.5539786888519
3599,2728,746,362,232,116,169,177,440,105,48,489,877,9.757634826142276,17,0,6,0.0
7815,1224,629,122,69,336,274,155,399,119,20,293,643,2.6727252458982353,23,1,5,3472.3412889055326
4912,968,388,391,228,406,185,98,385,129,19,358,610,5.299846118650691,25,1,4,652.5185240593171
4292,2309,451,241,261,349,300,133,386,59,97,351,422,8.412247965987184,25,0,1,0.0
3600,520,594,247,133,123,260,157,226,84,85,238,580,2.1719264972476724,20,0,6,333.9907131059838
3380,759,418,215,132,399,60,183,485,187,18,249,241,0.6786573273629737,29,1,4,0.0
7213,1639,793,180,234,215,59,43,332,125,95,350,28,4.890933090581609,17,1,4,3072.176655865496
6637,1936,389,124,175,337,364,155,281,146,17,403,760,6.178782360080173,27,0,3,1490.9820354949952
5163,1036,433,214,100,268,114,20,113,174,57,152,528,1.252930184311043,9,1,6,1986.4440250454722
7355,1451,431,193,67,412,129,93,201,81,30,269,670,1.072426566613125,11,1,0,3318.50083390697
4098,2479,557,404,254,387,141,130,250,155,89,108,779,0.8183856049922444,7,0,1,0.0
8599,2340,677,284,130,340,182,121,424,105,98,439,99,6.5744340166872135,29,1,1,3338.563438639015
9448,2356,774,382,236,499,161,180,279,117,15,357,862,9.340409837402046,0,1,6,3186.248188261915
9150,1350,628,254,146,463,244,50,478,139,68,418,10,9.246349888246035,13,1,1,4834.548960027043
3365,2471,436,273,166,397,136,96,277,60,77,307,941,8.08507091834348,20,1,3,0.0
8753,1780,232,450,173,477,211,81,312,151,32,445,422,3.7419311229993646,0,0,4,3903.566099007722
5570,1691,412,272,77,389,397,54,132,81,82,343,669,5.713309712863499,0,0,5,1133.2216344696933
6419,1032,771,253,246,350,50,191,108,186,84,378,927,9.998738695703157,26,1,1,1984.8629172898204
8557,2562,578,113,205,264,168,194,450,60,44,177,967,8.332808602540918,26,0,1,2681.7078371070475
9120,2597,201,477,138,499,303,179,363,136,21,353,457,0.8664773630562572,1,1,4,3447.51656328608
5476,803,649,403,261,440,240,41,302,194,80,442,266,0.021587510389169395,7,1,6,1396.7119392471732
3790,915,768,227,262,240,339,154,362,145,66,175,410,3.84465694837119,9,1,2,0.0
6569,804,626,440,190,477,337,153,248,60,38,103,773,0.26947625577798284,19,0,1,2342.8902296947354
3746,2743,478,191,55,219,165,188,191,106,94,322,182,7.613441054298772,27,1,6,0.0
9510,1312,413,370,206,437,248,31,152,99,76,447,104,6.086835152275835,4,1,6,5750.342835067891
3312,2935,484,321,155,475,284,187,114,122,70,151,517,6.622724415078094,0,1,1,0.0
7633,2484,742,406,168,260,279,150,151,130,70,408,614,9.238348701533281,29,1,5,1682.8453206057347
3920,1212,473,409,186,204,275,119,299,102,97,409,413,9.85223915025269,24,0,5,0.0
4077,2181,210,494,78,437,245,62,136,138,39,407,17,3.22523059797137,20,1,0,0.0
8586,1833,246,207,215,191,327,93,487,159,36,394,870,1.3958748334262017,29,1,1,3545.429562911068
5829,674,714,430,114,303,206,27,446,88,39,223,294,0.26412878653432337,25,1,3,2217.8247695208147
5381,1589,637,127,105,139,350,160,178,91,64,135,333,8.710045465098448,29,1,2,1323.5375489344626
6618,1916,783,296,79,491,222,166,416,127,32,466,958,2.8907431255792373,17,1,2,662.2522658990301
3797,2487,626,299,163,153,372,42,249,186,46,482,654,0.33722489082466445,9,1,6,0.0
7443,2826,631,253,145,188,70,62,135,172,35,177,305,5.970527783715847,6,1,5,2476.292433233266
3272,1257,329,483,170,234,237,43,193,189,45,471,180,4.010240094898116,9,1,6,0.0
6010,2910,221,169,236,101,334,150,452,59,72,130,227,8.708197499640049,5,1,4,858.2676542146855
7815,2272,588,259,264,196,338,161,290,125,46,364,598,1.0196984008301713,3,0,5,2315.0233290395963
4773,670,334,451,280,155,216,180,265,75,60,121,547,5.9529083573634765,7,0,6,1369.0243276087556
5547,1574,731,495,107,459,239,106,139,84,77,193,728,7.897049094482362,9,1,1,459.2156353234093
6164,1851,419,202,187,223,139,174,163,126,87,279,8,8.6601618206483,25,1,2,2395.130907028586
7780,1164,532,335,285,284,350,159,283,105,72,108,828,0.7157180627275961,8,1,3,3225.0378398462835
9222,1091,329,288,198,224,122,65,369,97,46,428,100,7.827258457243525,26,0,0,5924.996034232075
7717,1668,231,442,233,433,131,130,229,72,40,419,663,7.956161112231001,28,0,0,3026.407495002152
9135,2821,624,460,75,363,60,65,338,114,87,239,978,2.618346141413369,22,0,0,2700.601830349405
3946,2910,497,208,64,439,298,101,481,57,34,319,867,3.0104843253207725,5,1,6,0.0
9501,1848,703,436,258,290,209,163,374,166,82,243,700,9.205940134892366,28,0,2,3960.4280653297114
5665,1347,556,400,212,437,156,77,177,190,34,456,865,6.276193938285771,6,1,6,722.1091937763495
3506,2845,654,467,138,314,140,161,426,154,55,340,202,0.3046636208339193,20,1,3,0.0
8678,993,600,354,64,320,290,104,224,187,98,364,639,8.180913933944607,18,1,0,4469.89881964851
9719,1045,758,415,146,298,253,190,108,180,39,261,431,9.708180576326898,22,1,6,5551.398853837537
3243,2851,654,292,124,443,365,44,388,77,29,450,802,4.106987901907618,3,1,2,0.0
3505,1990,233,170,137,273,198,121,226,76,32,347,251,7.521630654482477,23,1,3,0.0
7517,1403,447,368,55,316,311,162,315,134,10,106,347,7.236133669523898,28,1,5,3508.1337192125666
6158,2786,241,433,205,305,215,93,215,60,24,259,371,4.017588280325851,4,1,4,1044.329085208795
9360,2040,322,308,112,166,165,177,416,61,30,206,616,4.5346135618762275,4,1,2,4768.381374751112
6590,1383,226,275,78,472,57,63,205,56,39,409,542,6.208613961080993,4,1,2,2794.0835323684933
4872,2957,661,338,97,273,278,156,312,145,20,187,611,1.741037091399541,5,1,5,0.0
6793,2865,770,480,240,177,119,111,143,187,99,189,224,5.066182489836218,19,1,0,1193.4290553558658
4192,1404,346,197,235,422,240,101,164,110,61,324,892,3.357803151754762,17,0,4,0.0
7425,1119,695,446,198,141,211,158,184,113,39,445,142,0.8421104368578958,5,1,0,3579.908123193229
7745,1452,685,188,253,163,226,121,156,77,18,356,193,2.0050584463510432,27,1,5,3709.688498450766
4464,819,659,351,71,483,89,85,331,142,78,343,638,5.015197106894415,11,0,1,409.08583577095334
3390,1375,327,198,76,428,391,41,379,140,56,375,358,9.076548767466901,0,1,4,0.0
8615,2876,575,428,134,298,78,106,201,181,43,467,254,8.606529307861216,13,1,6,2904.1666759595896
7476,2400,282,425,128,189,58,167,271,155,42,111,538,9.176886463596574,3,0,5,2737.4874685062605
6377,1252,734,253,234,106,326,128,204,199,74,286,878,2.4446803982356413,21,1,3,1615.400593527882
7837,1879,722,394,259,362,337,176,105,59,60,334,143,8.26803953958274,29,1,3,2889.062408736386
9106,1537,302,382,187,221,121,109,133,181,88,405,578,3.434796412909671,0,0,1,4975.448195647901
7915,570,718,395,71,263,232,60,472,184,40,218,446,9.622740681631745,11,0,5,4311.560991892485
3672,2335,561,478,221,215,59,142,126,136,65,362,538,2.605735861500232,21,0,5,0.0
5560,2046,455,130,133,112,226,131,117,137,85,313,927,3.3176065338628136,5,0,2,868.3131859054901
8867,605,446,230,132,119,136,112,104,160,80,254,697,0.09220324484555897,13,0,2,5846.658321174904
4211,1269,391,315,205,300,133,102,217,154,54,177,418,9.224902225709965,18,0,6,297.7707138578752
3929,2509,734,114,278,408,135,67,195,165,42,348,151,6.138102908097287,16,0,4,0.0
4539,2743,513,425,99,353,346,46,312,125,60,368,582,3.1217276214177403,2,1,5,0.0
3912,2692,475,366,228,185,256,113,354,70,14,427,880,1.4397294504704483,27,0,6,0.0
3643,1873,572,385,296,279,336,178,143,66,47,465,999,6.457144621429784,26,1,6,0.0
7522,2209,643,390,285,336,158,111,453,149,14,373,82,0.9593537465918633,27,1,5,2386.375996065243
3501,715,394,467,178,452,81,172,192,58,65,285,644,1.4519046832104299,16,1,0,0.0
3729,1616,457,142,211,160,62,196,346,177,90,423,166,5.061261869216329,23,1,6,0.0
4283,759,781,267,212,314,262,75,360,118,80,378,818,1.3215270489669462,6,0,0,0.0
5118,1433,559,448,267,480,167,154,416,171,98,167,702,0.9080970566002178,2,0,0,77.90840562095242
9621,1074,747,354,110,314,155,89,350,54,34,332,759,6.938670699452592,15,0,5,5269.449007718076
7552,2064,307,269,79,457,64,182,341,56,76,485,511,4.611610776021815,23,1,3,2533.9640235252614
9332,2310,223,474,125,471,369,40,447,152,61,185,519,0.49678651379321703,15,0,1,3811.652848002442
7386,784,664,358,255,189,262,66,233,183,45,277,600,0.48011789095328883,19,1,0,3416.8713097025457
6836,2454,221,445,280,195,237,79,174,77,32,414,789,9.604574138992062,9,1,4,1326.0173077158731
3919,2919,701,177,245,160,283,131,394,106,17,143,65,0.5416880799612644,17,1,1,0.0
7050,569,700,438,253,155,313,164,339,112,40,164,167,4.4444628312655565,11,0,2,3475.5267823652516
5339,878,792,184,265,319,272,109,235,98,72,475,557,3.8929646675531213,21,1,4,986.1826422439831
9065,1802,606,479,217,193,262,36,326,61,30,241,521,5.0296306337052155,15,1,5,4097.003618939253
3755,2849,529,248,272,139,194,172,183,151,59,407,849,8.804364435141803,8,0,6,0.0
8754,754,485,300,242,436,54,181,479,94,38,467,472,6.760025773458134,6,0,0,4682.816180341582
8930,2207,346,176,86,418,190,45,345,182,69,246,625,7.783226497182634,4,0,1,4156.998601143217
8402,1191,583,460,241,347,70,25,342,114,76,465,463,4.2865278531320605,18,1,1,4043.212084240513
8663,1787,210,349,178,316,166,29,185,160,53,128,718,5.649537946561429,20,0,6,4329.278469347447
4869,1333,475,152,192,487,164,100,211,160,98,347,966,0.6824759580090378,22,0,2,184.87249449666405
7472,2971,767,399,62,253,93,150,168,85,11,209,715,0.7212756843980972,18,0,6,1609.1258549026036
8275,2760,502,401,206,450,253,78,461,148,24,410,351,8.695727005852564,26,1,1,2281.8961869445816
3507,2535,403,392,232,161,358,131,385,61,48,327,706,5.070303952998936,1,1,2,0.0
4436,2467,544,393,94,339,371,99,250,62,49,385,896,1.0896097300459995,21,1,3,0.0
5575,599,465,208,53,289,175,67,275,89,56,414,823,0.74902203465255,26,1,0,1949.6746980537114
6426,2352,221,464,241,245,169,170,297,194,85,185,810,9.195372822841113,7,1,6,1016.9127325683135
3558,2855,735,187,64,109,263,110,141,122,61,152,764,1.7058642593331685,14,0,4,0.0
6102,2071,295,265,285,391,362,152,128,152,97,421,470,4.3161917174968965,22,1,2,1115.1679982401508
9403,611,644,366,153,229,360,185,184,199,15,394,162,7.826578912744939,3,1,4,6083.626236290727
7516,682,462,192,225,159,179,95,426,105,79,124,320,8.67186056965613,13,1,2,4614.26585067563
8648,664,783,272,253,274,143,104,328,111,57,400,747,8.643207087920658,26,1,4,4366.378534118126
6622,2637,582,163,233,172,114,26,272,106,67,107,939,8.834119788319601,19,1,6,1174.0481348600847
7399,2523,749,225,266,338,254,164,140,192,99,451,83,1.503290393439366,3,0,2,1898.4106076335072
8037,954,591,467,140,278,236,28,300,142,12,207,207,4.28284853620479,4,1,0,4481.479503196904
7057,2785,739,329,247,166,261,108,418,169,55,298,484,6.600327245114661,6,1,6,1003.1654637975844
6715,2522,291,204,264,180,240,193,474,103,27,185,812,9.012178109134725,29,1,1,1298.4947167183313
9685,1226,765,308,192,176,310,56,199,193,65,320,546,4.283290410216891,25,1,6,5125.972525579096
4301,2605,358,161,88,347,371,154,484,129,42,478,548,6.211833516798329,24,0,1,0.0
8185,1041,427,339,246,294,139,36,450,164,26,101,576,9.598319477834565,7,1,6,4391.425251012675
5155,2437,672,160,264,167,294,138,319,171,41,457,942,9.641905452934918,0,1,1,0.0
9411,1521,571,445,128,437,199,60,246,176,85,340,310,6.665045046043848,7,0,2,4824.294989065086
9365,2949,575,111,266,155,189,83,164,161,94,498,673,5.031518991623011,0,1,2,3504.718000999911
8923,1341,752,236,109,198,342,102,192,178,11,346,20,5.7247213090408655,29,0,6,5009.705277509133
8649,2202,236,294,143,369,168,76,301,172,35,247,793,9.012233952318821,11,1,5,3622.5060097863166
3692,2189,236,173,221,499,296,64,391,165,48,445,13,6.932382849381781,10,1,2,0.0
7350,1018,300,462,92,175,147,92,309,120,72,238,145,2.411917843938535,14,0,3,4088.886976283186
4478,696,742,485,181,430,219,128,319,141,26,314,855,1.9479516165855182,4,0,5,0.0
9396,2593,389,235,126,165,359,129,399,137,43,396,546,1.6714283340960001,11,0,3,3950.84847017938
3256,1920,711,471,227,132,116,155,482,57,28,167,448,5.967240706788138,27,0,3,0.0
5430,2188,289,142,281,368,105,129,362,93,71,359,245,6.356429000555669,24,0,3,749.4581805521265
3441,1499,205,138,88,129,95,128,137,145,41,403,238,0.7941554219106817,3,0,4,232.9782994933612
4881,2621,338,130,103,125,54,110,204,77,59,356,527,7.46770500982341,5,1,6,40.85374535239613
5646,2137,294,241,200,469,105,106,350,173,95,442,572,5.51430934540323,16,1,4,502.7982019721202
8209,2882,585,419,237,309,200,157,353,161,54,315,365,2.9915477825571735,0,1,0,2198.467407781116
6820,2370,322,458,257,368,367,63,377,184,63,416,503,9.564276724154016,5,1,3,930.4298571339023
9533,1132,484,452,212,423,190,67,336,183,91,254,870,4.943644526524858,6,1,6,4763.004341750832
7677,1074,565,143,103,222,364,90,302,94,97,170,357,4.7740241506532834,14,1,4,4171.613855618028
4735,2843,689,287,235,132,333,21,153,63,10,133,532,4.420604755333137,6,1,2,0.0
6735,1607,524,452,111,242,55,99,310,132,75,352,983,5.597192699113509,7,0,2,1875.5173218047714
5645,1538,606,101,257,244,238,137,105,108,49,295,25,0.4781052114688211,16,1,3,1845.517710379017
3018,2390,718,391,225,361,366,25,300,138,33,101,174,0.4708571354860591,29,0,1,0.0
4124,977,276,410,184,104,268,99,463,86,61,467,813,4.621458729334673,19,1,6,0.0
6985,2866,433,469,296,260,222,108,384,131,11,391,499,7.652835873048252,28,0,6,954.3986378498917
5654,2915,785,442,222,409,142,64,142,114,70,346,358,5.19394779964959,1,1,3,0.0
8476,866,683,424,62,243,61,29,294,146,36,493,17,9.21920058321802,13,1,5,5277.111459395389
8661,2336,663,466,230,251,212,156,347,90,75,326,424,6.369836276469377,18,0,3,3057.824161392942
5080,2925,470,435,164,480,367,51,464,132,96,332,215,0.08496532085284225,14,0,1,0.0
9089,2215,666,395,291,104,54,21,417,146,42,318,235,4.474520299485408,29,1,1,4106.031521752843
4547,2117,668,123,270,294,115,40,368,64,43,443,859,5.519600274298341,16,1,6,0.0
3861,512,746,472,88,224,252,150,470,136,71,406,275,0.1646039134670474,27,0,1,28.67429619737871
3154,1035,469,203,133,175,373,112,291,126,41,478,892,1.066918155976918,9,0,0,0.0
6494,2817,577,161,291,405,391,140,146,77,12,299,614,9.985830671905639,11,1,1,648.9849512481433
3904,875,376,252,270,268,242,42,287,189,64,179,464,6.755680549983284,5,1,4,469.81502262939165
4269,2224,473,362,297,316,385,184,370,62,36,329,468,6.756535758811316,22,0,0,0.0
3404,756,226,393,195,282,115,55,360,52,85,378,241,5.696916173915291,19,1,3,327.80314863167746
3843,2764,775,474,199,436,218,33,168,112,17,456,913,8.960406477955836,26,0,6,0.0
4782,949,259,342,213,212,204,34,357,78,29,214,113,2.884953803073298,15,1,6,1644.430578579003
4564,1393,416,441,154,375,125,54,213,164,61,336,65,8.531039034373428,24,0,6,783.4926232831019
4184,1684,469,441,230,277,310,139,393,113,26,121,228,0.966965964414731,3,0,1,0.0
3746,2579,315,446,161,224,182,41,341,143,42,240,675,9.748883196794592,26,1,5,0.0
4725,2347,444,220,277,390,391,194,193,125,64,417,912,8.175517397184365,27,1,4,0.0
6188,1783,284,452,121,422,190,55,281,134,84,327,298,0.024017750719926845,9,1,1,1751.136007615041
3270,1808,798,272,52,298,385,34,394,175,82,430,581,0.5965186583353854,12,0,1,0.0
7865,1109,649,202,239,237,395,140,352,115,80,169,418,0.8480550895326833,4,0,0,3864.118796752748
8811,1416,735,259,206,317,186,115,119,165,25,172,231,6.837689598825568,16,0,5,4839.192787498897
8606,2125,288,356,122,396,225,178,349,145,88,353,481,6.844579340290605,20,1,4,3615.0344324708653
6956,647,748,301,57,267,337,188,384,194,73,458,439,0.8123025754736646,2,0,4,2874.566121842401
3171,1155,706,144,271,233,388,119,116,170,97,251,981,4.483309662561156,2,0,3,0.0
3273,2614,607,163,125,260,85,108,471,105,49,390,612,2.376595442464058,28,1,3,0.0
5306,2316,470,295,223,371,192,93,150,163,67,266,351,3.9902531044062117,22,1,4,208.63958151711324
4158,1802,723,490,141,379,186,45,235,56,92,188,265,2.3927963198085953,2,1,6,0.0
4706,942,693,169,233,347,65,49,248,89,32,318,325,4.159600634997195,19,0,2,1157.9111013676686
4771,898,647,280,155,321,299,141,250,50,16,269,460,6.422868130477636,19,0,6,732.6485503443564
3421,1651,742,430,294,415,55,122,214,162,68,420,325,1.5384473953123845,2,1,6,0.0
8540,2733,549,346,98,476,121,159,446,88,68,367,995,2.1831662323306613,13,0,0,2135.0037129483953
4209,2716,527,428,92,429,210,50,361,170,12,356,544,3.5725478026172732,7,0,5,0.0
9507,2207,485,257,187,494,273,128,279,178,39,304,897,9.798454327625764,25,0,6,3780.039752861897
9521,2487,234,285,190,271,364,130,235,123,19,266,847,6.3622565970099565,0,0,0,3957.7482064853343
7675,2170,732,330,234,358,85,130,198,124,22,395,807,9.154955473134619,26,1,3,2091.249958196162
3890,2081,687,172,51,355,83,101,424,151,48,233,664,8.56196604549668,24,1,5,0.0
7817,1006,686,154,114,267,62,21,388,135,86,256,851,5.588165156055745,4,1,6,3786.9528354180216
6267,660,344,342,135,219,251,97,289,105,73,277,730,2.7596601050060174,25,1,6,2753.217052295566
7976,839,723,401,146,118,106,167,290,50,34,167,813,2.574981332134204,3,1,4,4139.516449578135
8217,2325,345,452,257,395,56,167,315,90,50,122,910,5.690675236048061,6,1,6,2688.1396767774395
9748,1998,702,492,219,408,364,53,259,188,49,363,999,5.570714352963368,7,0,1,3579.5368174268
9103,2123,726,314,235,346,160,79,410,55,71,200,841,5.596486385885951,26,1,2,3486.5277968638356
9165,1986,471,114,270,304,165,53,388,127,49,101,485,3.668482260761623,7,0,2,4744.316624209736
4473,2006,733,246,59,166,356,184,265,145,43,341,510,7.076618633645435,21,0,3,0.0
6243,1676,294,243,112,441,308,146,357,197,88,359,218,4.081783952076692,7,0,1,1872.4216621629478
7478,1322,646,124,152,444,204,38,335,166,12,406,144,3.51257425662289,25,1,1,3454.947957187445
5181,1284,614,198,248,284,255,71,308,53,61,248,597,5.05356324226263,0,0,5,1057.1974542208623
4449,630,456,278,110,486,359,63,493,96,55,408,998,8.948269721419923,10,0,0,155.92011268494173
6096,1975,461,432,50,441,143,105,328,199,95,125,13,7.061951626275121,19,1,4,1569.1068994827626
9646,1999,286,273,203,207,241,174,165,142,78,331,624,8.14058381402916,11,0,1,4805.196480820405
6256,1280,635,362,286,264,339,57,321,91,50,260,746,5.344157227116084,7,0,4,1661.9767731395586
6156,2207,769,389,54,220,328,111,114,150,95,249,411,5.439144766264347,22,1,4,1204.5331022628204
4590,2269,307,157,84,183,97,168,471,84,69,105,760,8.601821872106939,18,1,3,0.0
8882,1818,218,433,174,401,104,185,416,164,38,183,71,1.4603602157635331,18,0,6,4516.938419430035
7239,2438,564,378,190,360,66,32,258,180,17,385,903,9.616901133278917,1,0,4,1387.2778065739005
8982,1958,578,244,76,206,384,112,344,100,13,206,796,5.203007510829504,11,1,2,3902.2742837376527
6981,875,359,496,189,222,111,168,350,61,34,332,296,3.2576271434233197,14,0,6,3483.183689405371
8798,2751,299,221,143,172,174,61,265,191,59,412,192,3.1469477544001876,24,1,2,3908.407533226202
4435,1160,464,126,99,436,286,115,256,81,32,107,876,0.4202546873571811,3,1,6,368.58224306003945
3223,2622,248,165,273,412,110,67,305,99,34,462,53,2.884381209815131,2,0,1,0.0
3219,1903,614,200,236,253,93,65,220,117,79,191,200,4.278786930217403,22,0,4,0.0
7274,1240,258,487,208,388,376,133,270,78,30,259,775,7.005530033701939,8,0,1,2694.2693259535536
4654,803,382,193,118,196,177,97,221,80,65,403,387,2.7906589928434613,18,1,0,1417.615647191261
7528,1585,646,166,214,391,308,76,378,73,12,108,724,6.576629992233858,19,0,4,2780.679365486647
3264,1285,500,349,51,448,250,71,124,60,88,143,888,6.0069282634142995,17,0,0,0.0
3953,1710,754,241,151,377,372,41,255,176,30,358,324,4.466424178481406,24,1,6,0.0
7524,728,553,366,248,353,161,36,198,79,92,399,872,0.09716564158837371,17,1,2,3379.752941660562
6733,2354,412,139,242,181,192,116,449,68,92,405,703,5.886557381700266,7,0,6,1335.6880568277447
9559,767,388,314,52,116,256,121,318,55,58,327,240,1.1018795281986216,6,1,1,6460.114597918133
5774,753,546,230,197,399,189,45,299,179,55,403,569,0.12957891256530463,13,1,0,1918.8039682287592
9340,1369,336,100,179,279,276,186,467,173,87,362,40,0.9958528952520318,6,0,4,5675.374271216951
8673,2634,229,108,91,315,368,90,182,68,77,109,505,1.9237984577952005,7,0,5,3853.7552425366916
6124,1704,345,467,92,121,185,198,484,89,40,433,552,4.855725906267049,4,0,3,1444.5385581902867
3479,1548,667,428,70,335,339,177,464,195,55,355,485,7.5332057442912195,21,1,1,0.0
6514,2769,702,479,94,484,249,60,463,154,84,245,214,9.43924431790019,21,1,6,659.16935940155
4353,1489,390,431,273,310,327,180,375,85,53,132,757,2.8523021450769317,7,1,1,0.0
6322,896,670,484,289,385,355,69,321,105,54,189,627,5.592934741638933,8,0,6,1823.2225695642576
6878,1437,544,243,69,306,189,186,128,101,84,419,982,9.954956067027904,19,0,5,2006.781300230462
3889,939,200,449,220,424,199,47,235,103,58,138,186,5.8745514285162574,13,0,1,489.72440001969926
6854,2427,309,427,227,354,140,165,161,105,13,283,385,5.897136240631785,25,0,0,1811.3721411117701
3924,2858,263,401,272,444,235,93,497,166,89,180,194,1.6281678590870374,5,0,1,0.0
5170,2507,252,237,92,110,131,147,265,167,66,206,778,3.1333058749582,14,1,3,244.27656173028785
4902,534,461,457,274,406,68,85,230,163,65,165,27,1.9028423241200565,14,1,5,1999.4933303702244
8506,2764,728,396,73,418,182,133,358,69,47,459,251,9.262133600856963,15,0,5,2627.809966320074
8458,1220,501,278,131,441,321,190,410,50,15,200,115,4.64159185827288,9,0,0,4625.3131553819685
7873,1018,433,377,133,478,218,32,305,72,91,195,898,3.5778629383313234,11,1,2,3670.7813690897674
5395,768,272,243,109,133,68,20,262,87,98,473,200,7.332623245392216,26,0,1,2676.5334708987293
3028,1137,556,438,81,220,302,179,399,69,33,423,223,3.469232268313477,12,1,2,0.0
3034,1848,683,289,171,335,242,108,271,53,61,454,748,8.680327725083462,27,1,2,0.0
6589,1879,205,430,54,282,327,29,468,173,48,451,179,6.7567789871922725,9,1,1,2027.1433792341845
8515,589,336,369,179,177,194,162,268,151,82,366,493,0.4396408201386126,24,0,2,5083.47808167644
5670,1565,603,286,203,222,84,146,254,183,46,472,73,5.598540117880448,13,1,3,1534.0130547734068
6365,1888,754,253,74,375,216,164,191,139,43,122,496,8.22414354721775,12,0,3,1735.042777673712
3588,2194,769,271,227,307,293,73,255,178,49,274,651,9.409098318348022,19,0,6,0.0
6218,1889,405,346,135,285,122,170,104,177,49,159,171,3.027456918671758,23,1,4,2196.260652469125
6138,2835,609,488,216,116,360,90,270,163,46,458,439,2.9174049367330657,15,0,2,228.3068393815021
3903,980,235,110,135,389,182,69,290,129,59,219,147,5.456355218016765,25,0,3,963.9063523617467
9663,1000,429,146,124,353,122,78,138,136,20,151,188,0.1658917164082141,4,0,4,6820.455211231666
7086,2161,426,365,60,198,164,183,109,154,87,404,936,2.9507047915425244,26,0,0,1978.782192790621
5169,2599,461,416,240,246,316,25,162,54,68,462,651,7.6643820247023,29,0,2,0.0
3339,602,330,210,286,471,383,128,364,115,35,469,520,8.631634482690453,13,0,2,0.0
7270,1947,776,400,117,213,159,51,183,59,69,131,280,3.928369796471929,21,0,1,2777.4808802708435
9019,2463,647,402,146,196,217,72,466,167,17,347,970,9.16249424615241,6,0,4,2863.0041229038966
4714,2139,385,473,195,481,265,127,128,72,37,265,264,2.8292162126042406,12,1,6,0.0
7692,1827,385,496,272,475,389,88,494,96,93,145,236,0.3872910747355174,29,0,0,2714.2475994616498
7546,2974,473,378,157,421,146,102,312,193,69,434,876,1.654117052793277,27,1,3,1188.058251898211
3556,2179,551,391,171,427,129,21,454,89,98,161,396,8.669062381121572,24,0,5,0.0
8255,2657,612,351,205,448,266,62,320,65,19,259,140,9.681746143106064,17,0,4,2941.371274919602
6087,2088,350,175,91,269,235,59,370,60,72,197,646,6.072846490266636,3,0,1,1556.279366793393
8452,567,583,274,109,406,113,23,308,100,70,125,651,7.298428373204466,8,1,5,5132.315282748265
6266,2936,235,208,199,298,116,94,251,161,84,470,936,8.346508105848784,17,0,4,284.2316421335438
6567,2173,525,439,217,276,145,193,134,159,35,498,214,1.908182711025025,22,0,6,1602.750018674448
5056,807,664,435,111,223,83,124,160,129,32,428,282,5.49819614396796,11,0,5,1564.5554653166098
6899,1875,665,113,180,256,394,167,375,138,72,168,731,9.381574847110942,10,1,2,1709.1766562005612
9477,2322,294,280,120,194,283,141,413,116,28,453,414,3.5588521141082454,0,1,2,4527.952183693915
4016,1589,333,421,240,385,212,33,199,114,27,376,63,9.905430336054597,0,0,3,7.411848524284368
9470,959,361,371,170,198,206,118,302,61,59,294,311,7.056070003660823,4,0,2,6067.624877382628
5062,2894,755,142,69,466,330,128,346,184,28,257,801,6.720728888567668,26,0,3,0.0
3838,2872,499,201,284,468,77,161,321,95,24,232,779,0.29367768496197266,6,0,2,0.0
4637,1166,555,212,248,334,118,196,287,145,25,481,579,0.1030255688631343,23,1,5,119.52750411370087
7321,2122,439,292,120,289,381,150,185,71,29,315,275,1.5817806586006866,17,0,6,2644.508973930382
6496,1556,763,108,270,393,387,40,187,125,28,279,931,9.330684766646636,14,1,4,1267.4356229320558
4813,567,785,248,203,372,279,80,241,183,84,115,962,7.923347788698393,28,0,3,488.7283224998904
6479,2734,366,437,218,429,399,21,263,87,80,233,92,5.163684198363043,18,1,5,950.8057538327405
9256,2739,339,323,180,484,186,168,240,154,28,267,112,4.914473275667507,5,0,4,4072.5931954237158
9116,1736,338,209,220,117,161,29,356,134,97,253,197,1.280785061125741,3,0,5,5164.094900826124
4451,2123,434,453,194,273,348,110,469,141,40,411,68,3.867682216419067,29,1,0,0.0
9144,2975,202,183,281,480,74,137,190,98,61,228,574,1.4990738705181306,8,0,4,3585.1885623967632
5313,1874,455,142,133,405,143,166,368,162,57,285,682,2.7242101865275457,4,0,0,479.7723154406287
4514,2763,570,165,147,219,115,95,262,64,17,439,354,0.06401404801208321,6,1,1,0.0
4231,676,477,487,230,355,66,196,491,82,59,281,139,3.8206469312050895,8,1,4,673.7238377020607
4645,2088,715,478,229,195,158,99,117,145,70,337,822,6.705787465627631,18,1,5,0.0
8831,1853,411,208,210,409,327,27,261,95,97,430,869,6.872649124024949,16,1,2,3688.4876281083666
5999,1125,415,201,257,130,59,120,151,167,17,394,558,4.1646489335705414,28,0,2,2435.6902894527657
6440,678,469,234,109,196,395,108,425,190,22,359,467,7.294578762337766,3,0,4,2566.778150589944
7056,894,675,185,264,292,190,171,157,164,83,273,728,4.242859356620156,4,0,4,3089.426322170487
3305,1668,727,183,117,332,347,66,382,109,28,397,351,9.027568827206027,17,1,0,0.0
9155,1375,263,326,233,145,77,101,245,186,59,385,627,3.1636474147665625,8,1,2,5167.898676979969
6536,1461,659,359,154,390,149,168,156,155,32,464,632,6.025658457027848,4,0,5,1608.850479803903
4723,697,215,479,241,335,236,143,479,171,66,377,706,1.0212318741950555,20,1,5,603.0915688369807
4689,1468,763,119,281,148,316,27,469,53,39,267,365,5.001355145073548,27,0,1,415.9681354545659
4517,1168,218,134,274,436,257,166,108,141,38,488,445,3.785119657832693,16,0,1,595.1497217864753
8487,1776,524,452,185,261,386,49,291,70,70,399,374,2.570137793222187,15,0,4,3725.4015212991976
6917,2410,292,342,246,384,360,110,178,189,44,346,246,3.1715895565095362,16,0,0,1922.6097155657187
3419,571,216,369,210,233,310,173,250,126,18,232,574,3.184534825579676,14,0,3,80.74104727402204
5936,722,687,322,298,356,118,167,414,175,81,342,512,4.8415122939708795,25,1,2,1624.716767891817
6862,2823,293,403,202,282,87,135,294,99,34,433,896,8.433107475209368,26,1,2,831.2573329102319
9314,1769,209,257,248,126,115,124,300,190,73,302,577,4.871380681716351,26,1,1,5048.9000794783105
7229,1864,727,384,160,239,284,97,377,141,46,376,243,2.0830800729955445,0,0,1,2288.5451167951396
9126,1423,688,135,184,359,113,192,183,166,47,387,908,0.6912700264221883,12,0,1,4232.144822758865
4450,970,343,397,108,179,284,83,362,198,17,448,81,3.495672018069401,22,1,4,1069.3857315763616
6096,2554,753,128,82,279,202,49,472,59,99,422,105,1.5728120496202491,26,1,3,844.9435529006956
8649,687,714,490,90,483,229,197,244,168,84,496,105,8.357575538828977,2,1,3,4716.49248131856
6261,2551,669,496,210,366,215,189,486,141,49,233,492,9.94979010492882,4,0,1,223.398723755233
4164,2168,576,354,78,151,382,175,490,160,32,477,596,8.485697171882304,15,1,4,0.0
4869,1648,693,496,285,183,324,77,332,188,54,147,961,3.8468770382999917,17,0,5,0.0
4819,1459,683,241,216,255,148,50,250,79,10,322,983,0.8104991632811875,29,1,0,266.17953052876106
5705,1129,651,233,234,427,74,109,136,180,58,378,325,7.094064359382497,1,1,5,1855.3975629119207
6515,1274,735,243,154,203,353,119,423,50,18,457,63,6.680937865594144,29,1,5,2226.0993766046213
4342,859,274,396,273,445,122,147,300,81,49,472,706,0.6722685653478766,0,1,6,193.41370112514375
8560,1017,239,467,150,196,84,78,461,88,37,169,817,7.887796839724983,26,0,4,4657.810789043434
5226,1843,501,440,285,224,192,130,291,134,17,249,589,8.245334954493602,23,0,5,423.37366656788794
4079,2469,751,344,270,282,263,135,117,179,46,144,30,7.1778478903512175,23,1,2,0.0
8274,1420,261,353,113,426,254,31,262,195,91,157,477,7.276742183727105,20,1,2,4196.098402887264
8791,1434,702,463,135,153,354,64,378,184,80,139,648,6.897736955857149,7,1,1,3898.05964187103
7206,2486,444,499,115,401,266,85,450,54,27,404,576,4.3615184940552085,17,1,3,1684.1080145028993
9280,1400,217,104,163,263,394,123,311,95,85,133,101,6.163069701389279,4,0,3,5894.819621168066
9375,2228,597,365,171,483,281,179,234,52,77,329,694,6.167964591040843,24,1,2,3642.8350821746058
7563,2946,793,338,58,248,135,188,288,190,86,298,284,5.377538808888076,8,1,2,1548.7399029353855
5779,1869,388,349,78,389,218,117,431,116,84,100,216,6.039090369159945,17,0,1,1423.4737308965045
5528,1718,303,390,146,477,174,88,342,121,89,451,38,3.994453680470962,10,1,3,1171.4351842495987
3813,2715,543,130,123,186,378,24,284,164,53,121,979,6.782941224731803,14,0,6,0.0
8368,876,570,219,173,261,285,82,295,181,87,331,907,2.2700322241531867,12,0,2,3947.8261379323576
8089,2274,232,178,205,267,194,23,495,148,25,294,33,8.532878669206381,10,1,5,3538.3224412247037
5031,2005,573,494,159,234,154,134,344,125,61,295,149,8.50931815222057,6,0,6,461.3235230644883
3322,1767,377,108,102,189,393,60,114,73,62,226,747,4.978621275197568,17,0,6,0.0
5969,1510,211,143,223,407,313,159,485,151,95,308,955,4.965927515390254,24,1,5,1031.4556217698714
3903,1694,655,471,216,404,183,184,477,68,27,326,717,3.990476858549145,0,0,1,0.0
4541,1730,448,321,125,474,58,117,274,149,49,481,57,0.457423554764107,13,1,0,343.51150918370024
9095,1677,647,243,107,180,64,74,411,131,70,314,987,1.4326504477132151,9,1,6,4193.0707590587845
8911,2595,769,219,263,450,113,64,196,89,34,320,62,7.144881604687626,29,1,6,3710.20427973312
6503,2172,203,152,231,330,227,175,113,176,44,465,186,1.4274099953886688,8,0,4,2031.2970559275864
5653,2428,435,164,183,188,173,78,254,83,80,351,70,4.120450011263167,19,1,0,1068.9091750083169
5476,672,372,275,94,392,60,154,487,173,93,297,125,3.5422609754223346,24,1,0,2140.9303230422624
6340,2945,521,169,217,498,144,187,265,56,36,346,5,2.195262767962609,27,0,2,897.6183033304271
7243,793,570,401,200,101,169,140,203,124,19,149,547,5.288401810362635,22,0,3,3648.917404350945
4141,1051,747,220,166,494,350,144,311,87,84,123,799,3.6307075924904852,15,0,2,0.0
3849,1970,495,476,171,451,295,71,229,196,29,165,236,7.595327229651826,27,1,0,0.0
3366,1539,599,302,275,321,126,30,103,94,42,495,826,6.389722027793903,19,1,4,0.0
5897,2162,257,388,219,116,143,115,340,197,86,221,502,4.805375994633289,29,1,0,1218.5721294165714
4089,1384,729,279,215,295,364,197,251,169,89,488,729,5.754777349796929,22,1,5,0.0
7041,1872,747,180,193,219,202,69,236,179,20,178,437,4.311790655029629,26,0,2,2532.651264628127
5038,1726,607,154,123,341,289,115,246,86,78,304,69,7.833880816267293,25,0,1,924.1849244347355
5860,633,712,278,224,273,189,142,289,80,76,109,33,9.604135643788595,25,1,2,2714.8344434160986
7270,1270,263,197,198,131,134,67,268,91,68,121,682,7.668386179995551,25,0,2,3800.354668135419
4854,1589,773,209,293,374,265,153,227,55,75,320,943,8.617053380143748,21,0,2,0.0
7683,979,619,252,123,294,331,69,191,159,62,340,561,7.836636752897649,5,1,3,3752.1860011080935
3494,1362,345,224,252,103,342,101,176,186,47,464,156,4.0761172419660205,6,1,1,3.544037964083884
8233,958,471,190,198,380,290,150,177,135,19,490,261,8.541578819268212,3,0,3,4267.618871319602
6182,1125,216,393,74,120,72,60,213,188,15,185,64,0.37949922033033046,3,1,6,3520.578897193753
4784,658,297,492,173,337,370,47,173,167,94,103,391,8.855542968094532,19,0,5,1465.2648590158622
6510,2708,651,136,110,192,94,179,224,132,43,165,888,4.70014355971562,24,0,4,897.8906489862754
6786,1777,442,104,147,188,123,186,311,154,58,441,327,3.2999391462914685,23,1,3,2575.9021104649055
8266,2507,678,437,103,212,151,166,292,65,41,284,665,5.251620908790395,6,0,0,2532.779294326108
7130,2420,400,249,272,320,333,148,175,62,38,187,149,6.879586521421227,29,1,0,2552.433059464584
3998,1439,672,465,268,197,121,180,326,190,74,381,108,6.1529380495850265,4,0,5,0.0
8428,2072,378,495,266,241,90,52,439,192,42,121,527,6.181005395948096,4,0,4,3449.5430975875647
9681,2702,707,415,109,249,328,30,431,67,26,301,969,0.9995677955622939,8,0,0,3146.21043952714
9893,931,652,271,219,147,261,47,239,193,58,161,656,7.289946634748623,22,0,0,5973.465821657004
8133,1550,469,361,238,150,209,66,266,99,25,374,492,7.116893705834897,28,1,4,3944.103845214222
7469,1503,433,126,81,307,136,164,285,155,16,268,327,1.1575670177783048,20,0,2,3838.055071381298
9700,2614,685,154,102,110,56,93,422,157,22,121,113,0.43589300758734906,13,1,4,5009.2767923074825
4451,2643,777,498,221,369,232,91,426,177,93,126,851,9.828002510700461,10,0,5,0.0
4751,714,537,419,188,362,377,156,314,90,13,229,496,7.462416228109997,4,1,6,803.8949278643458
5280,2741,647,348,167,296,348,102,176,163,72,376,960,6.057759357094842,0,0,4,0.0
7800,2170,783,372,96,285,63,133,174,169,78,188,948,3.1624905312702523,7,1,6,2239.556967452478
7658,1813,556,358,139,395,149,27,215,76,89,121,107,2.7565747793774973,27,1,6,3718.870762927998
5934,1384,248,365,109,320,293,88,439,114,82,492,59,1.3537303922928234,2,0,1,1867.197485247378
9869,2586,695,290,85,180,218,97,148,176,85,258,286,6.085431982553041,12,1,1,4790.567442418459
6734,2387,545,162,278,321,281,64,418,191,87,272,381,5.759835695659529,22,1,3,1338.3948173828574
6346,1438,492,444,297,478,160,180,338,72,24,100,917,9.355034399536951,14,1,4,1648.8785333157778
4873,1438,349,440,237,269,396,126,382,71,14,114,874,6.278154916660568,16,0,6,144.2311244991676
9219,705,781,203,210,185,389,57,297,76,51,257,24,4.514585926528955,25,1,1,5906.544572657118
7534,1441,744,492,274,143,151,159,460,74,27,368,242,8.972927768693436,1,1,6,2877.9716895266642
6803,1054,459,387,91,360,266,86,157,147,81,177,587,6.1405595619344275,13,0,0,3029.4046452809134
8979,2019,521,358,277,203,289,123,221,140,17,133,668,7.14253803260285,5,0,3,4204.280542481273
4979,1270,276,260,62,383,289,176,221,134,98,252,321,6.266675649977609,26,0,6,1385.8973741995062
3698,748,309,270,191,327,270,169,364,152,77,132,525,1.6943904893764183,21,0,5,88.9677026082131
4312,1597,746,208,235,287,319,181,312,180,35,334,305,1.2385012226789782,5,0,4,0.0
5962,872,622,239,164,220,77,89,484,117,84,184,87,6.245743605078783,22,0,5,2592.0486293275003
8659,2354,593,192,150,248,335,118,341,106,79,217,24,9.140065504378455,17,1,6,3875.680495919999
5938,1334,434,202,284,451,384,186,341,64,42,323,110,9.636567610489802,8,0,4,1633.7498526642196
7787,1201,529,325,171,404,103,163,175,188,31,115,535,9.954184696882265,29,0,3,3819.5059240484534
5300,2685,524,452,217,156,262,178,292,141,78,168,907,8.43997579540442,17,0,0,0.0
6197,1441,350,259,114,440,169,196,447,52,10,254,770,3.6388708064016653,25,1,4,1658.2702710552676
8296,2991,745,294,182,288,124,63,118,174,95,118,590,6.135189912955435,28,1,4,2613.6170867900637
9553,2900,231,423,207,456,119,65,221,67,44,377,812,6.090552792049713,16,0,0,3530.080850026654
8730,1495,471,244,166,137,372,148,241,159,65,284,841,5.375520432369443,24,0,3,4039.6413910086453
8729,1293,567,341,259,300,282,141,497,58,76,325,905,7.420647550187515,24,1,5,3750.669363912154
3126,2958,691,231,222,328,320,63,317,176,12,193,295,1.6998561571517756,6,0,0,0.0
8602,1177,515,192,150,485,181,103,435,128,80,390,553,1.8868937657248819,21,1,3,4067.6570572042533
4191,2313,789,372,297,230,147,106,443,153,10,241,253,9.446705153519368,13,1,0,0.0
5639,2061,787,291,235,270,151,103,259,121,51,442,794,8.398590720482291,11,1,1,63.553134337725254
7389,952,771,121,88,429,216,115,361,63,67,468,445,8.185203895645202,16,0,2,3336.8211832715538
6916,2966,796,293,189,134,154,65,212,151,97,234,517,4.831072007638485,12,1,4,911.4950971399102
4366,2997,567,269,211,300,135,91,449,62,94,209,165,5.677680899061524,9,1,4,0.0
4019,1638,279,110,158,267,86,180,352,123,73,317,413,6.248979973037838,25,0,4,13.662552957660829
9453,550,371,280,63,480,209,192,378,157,89,192,392,2.939747174169102,25,0,3,5861.6630038638295
9805,1892,457,331,215,345,172,113,118,182,13,365,231,2.9471298792322598,16,0,2,5326.20245895782
9671,2038,478,128,193,323,181,150,316,135,26,147,288,1.7987577839349966,0,0,5,5273.938802373305
9683,709,703,119,155,440,315,171,316,148,86,449,918,5.601934231785738,22,1,1,5042.982228423737
7079,1387,757,104,238,157,332,178,229,54,49,145,245,1.6351618242938148,15,1,5,3077.7406487056164
7514,2426,690,133,236,389,389,90,301,189,43,209,788,2.0114559778021865,22,0,2,1601.688841069638
7539,1349,784,239,124,124,310,59,280,134,65,186,626,9.025331316322937,26,0,1,3229.390532777707
3684,2377,765,127,274,131,238,197,207,178,20,301,576,5.259610795921138,14,1,4,0.0
6629,1126,536,197,128,209,80,93,491,187,98,338,743,6.190695096335528,13,1,5,2314.415819855657
5887,1958,720,361,161,200,324,34,204,165,49,381,366,1.342952851626703,10,0,3,869.6501722931713
9379,1750,525,345,283,249,359,138,142,96,22,345,587,2.060634898765543,2,0,5,4396.941210481345
4462,1162,371,118,251,482,181,40,388,136,33,102,162,0.9823313153988333,27,0,2,1092.6930864560734
7086,767,283,111,116,444,225,40,310,134,43,204,941,2.715155630152438,26,0,0,3536.2149878808555
5261,2663,723,124,188,292,353,79,218,51,17,173,662,8.815493998767451,12,1,6,0.0
7180,2123,680,112,60,208,98,125,389,166,91,128,885,8.886496148954434,8,1,3,2085.0751874243147
5841,2353,743,175,65,455,221,84,433,144,16,488,609,6.735895142488476,7,1,6,84.22843108864998
4767,1253,617,358,215,376,361,168,455,173,71,424,97,8.756849594028822,21,0,2,275.1026332782184
7180,1852,538,123,207,332,379,88,119,179,55,242,986,1.9094160237740199,27,1,0,2139.234439778836
9040,2368,519,107,218,120,55,129,417,162,95,189,95,1.4799288110656594,4,0,4,4522.442748353088
6560,1563,503,467,50,472,125,45,101,132,80,381,946,7.655034116547389,1,0,6,1696.7175945084493
5112,681,471,327,173,351,253,94,315,50,22,135,658,9.896490309016563,6,0,5,1680.3545898674492
8765,2013,313,475,87,113,259,74,187,150,11,103,209,7.176449038104122,10,1,3,4715.6809794825995
7758,1402,606,222,163,314,85,132,352,161,11,445,766,0.3702675532908506,10,0,2,2994.994872518387
3626,1642,225,189,298,123,330,65,322,103,38,341,764,1.8387500498162113,23,0,4,0.0
7159,2805,436,400,286,119,226,89,307,143,91,384,509,2.4750501360842083,16,1,5,1237.399269059902
6414,2006,509,323,147,301,104,151,217,91,67,343,711,4.227565973893683,20,1,1,1249.507730655176
8014,2639,432,323,109,420,218,192,167,102,11,121,624,2.209439254281591,4,0,4,2676.9517922598966
4375,2502,748,356,68,151,362,73,325,114,68,289,226,0.6062883521958418,21,1,2,0.0
4181,1684,464,102,173,456,376,191,178,186,62,401,431,2.583277994684182,5,1,4,0.0
8708,648,212,420,275,285,97,106,438,163,77,458,880,3.5097490233522355,15,0,2,4698.420843985326
3490,2664,695,370,236,306,153,115,246,100,70,310,867,2.836105398373785,7,1,3,0.0
6729,2592,515,405,149,459,52,139,467,167,58,354,112,0.2780448731649521,5,0,2,1141.1648269248894
8974,2300,583,247,117,194,134,55,134,65,55,204,688,9.27612937434445,21,0,3,4212.036476488547
6534,2521,515,486,187,447,222,53,247,119,81,175,923,5.413902202173788,26,0,6,583.4942934542843
6296,2342,455,288,66,365,325,199,458,86,68,281,739,8.485496162540349,10,0,2,550.8898680483076
4940,2536,640,498,297,425,378,153,396,125,57,333,869,0.1543179635631764,4,1,4,0.0
7408,2781,314,286,129,114,282,185,221,137,18,489,53,7.970715780623774,7,0,6,2502.4982662619923
9758,1898,498,287,134,274,213,105,498,175,27,218,747,7.044441657022007,6,0,5,4761.002010832623
8014,2070,323,223,141,318,109,52,131,66,59,238,742,9.77098190452785,7,1,0,3654.138376671316
4882,2373,455,136,249,109,127,74,240,170,95,356,551,1.1466898683119908,28,1,6,0.0
7908,2472,246,248,78,118,67,42,490,179,84,164,689,6.426515995303411,17,0,5,3161.87707360305
5987,2744,662,205,183,167,146,144,477,86,36,490,248,0.21183862464649428,26,1,2,315.7120623277845
8585,2572,549,202,271,377,115,63,409,78,41,351,772,3.5698952717424515,26,0,4,2609.1019439796532
6159,2942,322,476,243,418,80,119,115,114,75,397,37,6.357606100588385,22,0,1,785.8243081525452
8422,1213,230,331,168,393,287,47,365,168,75,448,688,9.320868567970322,6,0,3,3990.266855076682
7775,2308,254,454,171,114,314,83,348,162,31,234,460,0.8290790236777312,4,1,1,2750.9585065187403
7530,722,352,245,160,425,197,67,283,60,95,258,334,4.892502752032094,5,0,6,4359.827826607986
3681,1363,655,116,240,213,197,78,293,69,33,223,451,2.3838360271919514,13,1,6,0.0
8254,1029,485,258,208,399,96,78,265,182,84,411,310,2.162400450987916,24,0,6,4469.177973216816
4073,1711,235,403,202,257,293,62,152,145,22,228,229,6.883062511707074,28,1,4,187.19050213261
8551,1925,455,381,136,203,306,190,181,99,24,456,414,0.27270108804629767,18,0,3,3833.747134646236
5387,2804,377,377,284,379,132,160,133,186,58,253,669,6.317646262951046,9,0,4,0.0
5394,1153,747,224,198,185,191,91,440,90,26,384,833,1.6237848643997244,26,1,2,698.5139228848274
5693,1659,453,272,65,193,178,62,184,59,48,262,582,0.14745558151999183,27,0,6,1628.2753829977914
4370,2342,707,419,181,273,59,32,484,149,82,136,381,5.437160212752195,14,0,3,0.0
7744,943,220,262,156,487,226,182,306,157,96,365,824,1.1239276159253297,6,1,1,3642.0262655544
7340,2965,274,302,223,341,259,158,301,116,13,296,584,5.61485137221053,7,1,5,1419.432297884573
5156,1073,659,437,57,361,91,168,158,85,66,213,284,2.804815954255538,29,1,1,1476.0323454759384
5580,2676,377,254,183,393,173,125,454,143,24,103,541,2.7881869954967673,10,0,1,122.83171264341682
7391,1510,581,423,174,381,236,173,124,108,52,298,210,8.053712141998922,2,1,2,3087.0569087969243
5159,840,236,494,177,246,74,113,130,72,40,345,277,7.11808493838166,10,0,0,2159.4570547473463
8708,1780,319,360,102,101,213,69,173,72,15,226,496,8.277301019216164,20,1,1,4783.7581486239105
6248,599,200,285,168,167,84,68,480,149,99,214,931,4.249981259332779,24,1,4,2912.5872479668787
9486,2586,510,476,241,168,302,122,102,74,68,447,436,1.1234877717353786,14,0,4,3951.2290341226594
6731,2810,407,156,140,146,296,109,441,133,74,234,440,7.635135583954645,10,0,0,1141.5464240738181
9244,649,353,316,228,454,59,110,201,109,95,276,130,8.671671461309998,18,0,3,6141.413080181172
6829,2156,514,307,298,163,313,105,293,151,39,288,568,5.879081889280436,26,0,5,1549.9850612240296
9772,1853,506,301,277,179,154,32,314,96,67,241,541,2.2041712167780347,18,1,1,4943.877869309999
4627,1643,703,173,277,353,269,186,220,82,95,299,868,7.667932111937162,14,1,5,0.0
6472,2107,719,184,112,336,304,26,459,87,65,251,15,0.4422965367013254,2,0,3,1899.8696898538071
3027,2766,296,219,265,495,183,190,417,144,78,150,498,3.4385700868513736,9,0,1,0.0
4985,2337,689,113,183,428,255,61,280,151,45,130,449,3.9081079247322137,13,1,6,0.0
8656,743,206,427,239,238,173,159,443,98,55,350,232,3.315481313404891,28,1,3,5131.865612137178
7153,1086,211,228,156,363,265,32,476,79,83,229,970,9.44837402490633,4,1,1,2966.8269281826756
4521,2737,713,499,210,415,113,31,132,107,10,190,814,8.322437058930781,18,0,0,0.0
3296,1355,548,381,51,253,351,57,340,165,21,270,859,5.304015165287145,13,0,2,0.0
5181,2646,206,148,218,231,87,22,190,146,76,352,412,9.351458336793492,25,0,1,276.5800151621906
6402,2535,699,458,65,325,297,81,240,170,19,187,666,1.5606266332701813,27,1,5,727.7392935739542
5296,1329,674,341,151,191,202,178,138,193,10,278,684,0.9640378810864125,11,1,5,864.8080919293869
5597,1886,723,421,168,217,271,56,128,193,28,366,69,3.846828335776963,9,0,4,966.4425397772877
3901,2216,256,152,108,225,391,43,204,88,91,276,357,9.909145225801053,5,0,1,0.0
9060,2187,789,364,58,474,307,111,124,95,64,115,702,9.036996042599938,11,1,4,3651.725667334955
4098,555,785,168,292,326,73,87,374,75,58,215,529,2.2191124200000045,20,0,1,468.2039987398173
4677,2225,432,139,246,438,116,83,198,98,64,320,39,9.300120984059193,22,0,5,210.97334785955286
5881,2453,229,283,166,278,298,163,115,130,95,268,836,6.31109475459445,3,1,0,277.88221938176673
8287,1545,566,232,59,184,284,37,171,151,77,298,137,3.091605205791658,29,1,1,4494.991048374217
7866,684,255,155,143,263,139,87,298,158,50,115,85,8.172688661959365,18,0,5,5368.881572530774
8622,1021,209,466,56,329,143,187,184,73,64,327,744,8.567112993261018,29,1,2,4741.378427913923
4378,2101,346,354,142,305,398,77,317,176,83,110,279,0.0050517176777631345,7,0,6,0.0
4248,2811,563,104,243,203,376,142,284,156,83,310,568,1.3470101839247894,0,1,3,0.0
6735,1748,798,168,197,213,238,64,272,132,88,433,6,7.494101777510016,15,1,5,2399.419772798402
8650,2158,452,151,172,287,186,72,361,175,78,349,480,6.121119117712928,1,0,4,3752.154496142463
7241,1561,452,428,112,370,222,46,392,76,52,107,139,2.613374686141534,8,1,3,3167.1765065876216
9079,1502,642,197,53,150,65,137,409,179,90,367,720,2.746426945085406,5,0,4,4493.555127316317
4264,2670,539,260,77,405,281,55,103,165,91,443,867,1.1106052088432927,6,1,6,0.0
4907,2848,715,370,121,321,223,119,274,185,66,160,571,4.27323209604568,1,1,2,0.0
9487,2517,552,164,299,210,150,160,440,128,57,282,353,0.6137117487368926,25,1,6,4275.924205881825
8868,2428,522,426,212,154,235,198,264,174,59,240,184,6.8369372966272906,1,0,0,3563.1034146655975
4058,893,339,342,179,111,79,195,334,190,78,262,659,2.4536643894299717,21,0,0,475.1257886255389
5749,2117,644,466,218,289,361,125,269,140,17,320,180,8.811619577682308,12,0,4,703.9159728971531
5048,1160,294,361,205,488,399,120,275,199,65,417,561,0.9494166469812038,23,0,5,385.74582737501896
9115,1928,752,311,124,254,337,130,327,168,98,119,526,6.920381535407304,20,0,1,4283.117626868335
7248,1654,619,253,277,434,127,198,288,96,35,153,200,8.706036043507531,17,1,5,2797.184791334795
5476,568,713,333,122,445,72,33,114,96,32,453,911,7.04067677038765,26,0,2,1508.448589054304
7016,819,349,239,151,364,66,190,353,114,50,166,71,9.26196832542271,27,1,2,4029.0253870413358
7603,2724,752,432,178,459,171,22,158,128,96,481,957,3.2855272855873685,7,1,2,1087.5520050006483
6197,1083,550,214,204,203,277,172,346,167,68,290,726,1.3520231241259373,5,1,3,1803.8743383110361
7586,2364,315,468,116,262,224,53,397,79,27,459,646,3.4958350773186964,10,1,3,2113.018727487201
6553,1683,436,432,216,240,90,67,471,95,80,450,319,5.961513050833199,12,0,2,1825.4424814366096
7440,1081,469,229,250,336,64,91,258,55,80,219,219,9.457686835820633,21,0,2,4077.246871567335
9031,2267,490,277,217,143,263,166,361,183,17,170,94,2.955253688068832,13,0,3,4501.326966623614
4761,2056,633,194,77,338,140,124,374,136,67,364,615,6.853970329054032,9,1,4,0.0
3220,2298,208,416,262,196,101,54,265,101,94,217,62,1.005968568558121,12,1,5,0.0
9034,610,674,494,141,197,365,116,221,54,26,288,969,2.6813207476985768,19,1,3,4820.184448495463
9038,1498,721,200,286,474,106,128,459,90,60,405,654,1.5977664142881087,0,1,6,4100.861505976753
7818,1257,736,295,201,423,338,128,445,197,42,286,697,4.786278069143793,24,1,5,2750.1260630699085
7623,782,210,389,131,152,198,52,280,197,39,275,518,9.367856689281997,2,0,1,4290.935843640903
8618,2242,526,307,100,208,69,189,353,79,75,116,233,9.151277300696401,23,0,2,4105.533561223382
5888,2741,794,194,105,356,373,134,225,97,69,407,182,4.27128074827044,13,1,4,171.51906582184117
4664,1570,475,202,122,110,150,73,430,172,55,298,725,8.576254780006131,6,0,4,248.27351963189795
6986,2889,569,107,75,277,237,58,209,153,31,150,248,4.314762910566385,1,1,3,2017.4453227399079
7576,1893,689,235,137,492,82,129,241,165,41,168,499,4.090529687544402,6,0,4,2639.3609420759326
5977,1300,544,197,101,393,80,185,221,62,34,187,52,8.845033228175454,6,1,0,2595.215358702264
4871,630,567,498,174,496,211,57,109,159,17,306,149,0.30589421398981353,4,0,3,1598.6891888033385
4462,1793,510,360,55,488,327,92,354,87,72,284,358,8.807147310547359,26,0,3,0.0
8521,2463,684,246,236,124,335,199,116,88,38,498,84,8.346765498234742,18,1,3,3315.0445107417627
3344,560,214,492,166,225,54,131,302,152,90,184,404,2.009162130824569,18,1,1,185.6257161959733
3044,2711,203,284,61,365,218,120,114,196,49,200,345,4.063615189995754,19,1,0,0.0
5068,2048,575,331,112,232,222,66,102,171,54,433,617,8.513587203197467,14,1,4,0.0
8753,771,568,200,85,377,264,145,341,141,11,470,381,5.580645196456231,7,0,2,4947.6259978409435
8983,2281,664,246,58,141,366,84,411,76,58,229,329,7.284554670529615,7,0,0,3950.7512097343033
9191,2680,732,304,123,200,166,119,286,176,40,316,344,1.5616245327923428,22,1,5,3669.025201638251
4514,1767,336,145,116,383,304,61,381,68,77,382,453,4.7390478939537415,21,1,3,0.0
5598,1957,562,203,290,376,318,121,202,129,99,151,782,5.111222857962816,18,0,2,472.05134143685007
9430,537,415,435,78,238,301,74,334,182,18,216,445,0.9487227703234224,25,1,3,6198.184054791822
4001,2394,567,321,120,320,255,78,277,137,19,150,919,3.2490826052131725,27,0,1,0.0
4033,1842,316,217,139,168,258,93,186,182,60,265,563,7.339886092590754,24,1,6,0.0
9685,973,378,104,57,392,212,70,416,142,79,472,591,1.7004450806281612,24,0,3,5657.190384822921
5040,558,445,310,92,276,323,170,352,55,53,118,246,6.2141589688410885,0,1,0,1975.3193010819161
9899,2463,327,154,254,472,189,158,410,90,35,205,740,0.7492310627407328,5,0,1,4454.0427407864745
3273,2418,557,118,84,296,218,55,291,90,84,257,195,0.7735900196285062,6,1,3,0.0
8051,1403,277,187,260,132,193,61,102,97,88,173,764,6.946906642162921,25,0,5,4442.051743597218
5647,882,492,346,159,400,271,121,257,142,93,432,529,9.925982960891064,29,0,0,1427.0362832078313
4779,1911,281,216,71,327,318,118,285,82,87,240,616,3.6360227749509297,17,1,6,94.23641393550754
7476,584,541,269,257,235,125,147,240,151,30,374,36,6.157192625787761,11,0,4,4468.791797940388
8448,2033,537,249,256,471,167,32,424,161,39,246,586,6.191831918262994,24,0,3,3045.553244568876
3478,2840,777,394,115,233,147,118,490,183,80,370,972,1.7564366949626176,23,1,1,0.0
9158,1590,295,307,151,498,82,71,150,95,24,207,261,9.404470256433013,3,0,4,5361.344516828418
3515,628,344,480,198,242,387,177,409,123,89,455,32,5.2774007398946345,24,0,6,116.3715836407271
7286,2576,776,382,143,344,116,159,278,85,68,383,547,3.9082506409540576,24,0,3,1380.6286873707577
4191,2068,720,431,248,236,359,168,254,184,93,149,916,1.3476212165473334,29,1,4,0.0
5668,1191,596,273,144,160,55,159,367,184,93,388,238,5.623249328857129,16,1,2,1843.8761744712663
8256,2460,556,226,218,155,341,81,474,78,95,399,606,9.025437551819396,13,0,2,2626.547815176676
9297,632,385,255,90,232,290,139,212,114,79,154,691,5.1033263847478425,0,1,6,6059.193549937691
4411,1708,742,279,226,481,104,112,219,109,29,220,401,1.2329597862888564,14,0,1,0.0
6280,1145,350,477,296,307,120,186,188,161,78,441,400,2.775272990828591,3,1,3,2260.9772954902282
3271,2112,518,186,276,225,143,63,205,84,62,492,648,9.876147580460623,13,1,6,0.0
3142,1015,258,423,53,222,192,151,469,78,84,135,590,4.013457241932179,6,0,0,0.0
9008,2545,209,366,147,330,71,178,306,87,11,297,796,9.851056796298975,9,1,4,3511.4448076542685
8188,2363,323,181,242,134,98,171,130,189,39,229,131,5.457363248328697,24,0,0,3764.878780702135
9390,2712,555,163,59,365,185,189,366,136,17,270,215,7.101451743880758,10,1,1,4119.2405718225755
6332,1432,545,218,143,190,280,142,263,159,49,253,458,2.205078517663881,20,1,6,2261.1982484853647
3787,2163,436,440,273,120,149,196,220,129,17,168,215,9.87273293326978,15,0,4,0.0
9222,1056,532,412,116,239,342,109,233,127,26,378,619,0.0859518935390069,17,0,5,5043.502731298293
4681,2171,216,262,187,364,249,167,222,129,39,159,395,8.566502898360445,22,0,3,247.08306370115255
3622,1492,623,392,122,499,383,155,400,183,10,489,701,6.8855496296959595,1,0,3,0.0
6841,2128,523,277,194,219,170,180,189,85,78,160,670,6.59204495525834,3,0,5,2028.5852587474258
6676,2191,222,476,288,320,276,185,171,101,73,420,195,3.1528278535354746,4,1,0,1822.0799215051575
5572,1256,658,129,244,482,288,183,458,137,89,454,359,1.8605413554234662,23,0,0,854.7075558783258
9915,1604,659,260,268,122,326,67,136,164,45,482,811,6.237884816758696,19,0,5,5006.725592858881
8033,1770,720,499,102,138,150,155,200,76,88,140,275,9.15221562682926,17,1,1,3751.4747487782915
6260,1148,756,498,212,334,236,79,211,74,58,452,517,2.50501998678481,8,1,5,1727.4860783551103
8214,1909,620,496,53,340,208,43,129,78,90,381,300,8.06348453924677,29,0,1,3893.1787035574944
7712,1491,602,102,117,227,55,36,137,144,86,368,708,0.8848651400940422,15,1,5,3607.324272475977
8127,1830,530,123,162,121,219,84,499,52,33,180,570,2.4302196347397187,13,0,4,3482.8531438723608
3066,1127,656,158,145,154,229,186,306,190,13,499,909,0.5520499930474354,5,1,2,0.0
7286,2554,682,336,151,429,261,125,265,117,86,226,718,3.821848944308879,16,0,3,1429.303949798255
9911,2449,697,339,188,146,213,74,491,188,71,399,80,6.962594041566392,19,0,4,4592.585516040855
7616,1453,226,410,93,333,177,96,108,109,18,257,334,4.9576962481189915,17,1,5,3950.2455216283834
8085,2342,596,420,168,126,345,80,376,51,35,229,280,5.378491936729057,25,1,2,3051.2213669197267
4140,2620,387,259,237,483,267,50,268,128,56,423,106,5.74959498745537,6,1,5,0.0
5314,509,339,159,280,147,190,120,424,160,25,304,629,2.2334126677646315,29,1,3,2049.9094629846804
8730,2096,720,339,286,266,181,47,374,62,46,137,141,3.335076762484533,15,0,0,4162.953578875174
5532,621,291,421,247,370,300,51,348,84,79,250,347,4.5488142225014325,25,1,4,2281.7019203226823
6580,1186,276,158,296,180,150,26,211,100,20,128,441,5.737361292214743,10,0,1,3489.517544812458
4187,2509,443,152,239,217,369,33,179,157,11,156,926,8.47070029705521,29,1,1,0.0
7471,940,287,163,276,144,147,92,117,162,92,412,364,4.618486467457318,16,0,4,4390.097217603534
7748,1090,493,220,294,374,385,89,179,105,32,300,410,7.689454212744423,11,0,3,3689.525643065417
6339,1868,294,218,159,280,328,198,480,89,56,370,40,1.1780252940026137,13,0,0,1829.3514797955356
3548,2489,452,385,209,410,235,49,488,61,71,421,435,1.2977777121314327,27,0,4,0.0
8193,1861,750,117,95,331,392,177,294,65,85,320,179,2.8818272414348955,24,0,2,3475.9022246894892
7087,1707,598,104,72,185,192,163,298,165,48,453,509,3.1819228892816764,23,1,6,2455.637167212539
3072,2614,253,424,155,204,394,170,215,90,15,436,803,6.26264138051888,19,0,0,0.0
9451,2564,442,491,214,342,398,178,131,197,45,177,719,2.193210772370544,27,1,1,3588.0028596416764
3198,1906,309,492,175,276,128,31,322,110,71,306,945,1.4133467964633495,11,0,0,0.0
6201,2915,420,259,139,333,88,22,187,83,69,189,866,6.459165145489878,14,0,3,579.4472796419002
4781,1839,763,475,147,177,352,86,260,68,88,325,972,9.973076257314293,14,0,3,0.0
3571,2020,361,241,279,225,86,185,427,140,45,416,916,9.920566681897157,27,1,0,0.0
3790,2076,234,496,296,288,397,105,485,78,86,394,508,9.220361696344302,5,0,1,0.0
4638,1407,236,117,124,159,335,134,409,68,81,362,174,0.6206916920302585,7,1,6,1204.3488975172431
4831,614,569,167,163,319,373,127,202,76,98,186,787,7.642825583434533,19,0,6,1207.2895569174261
4855,2647,376,213,235,175,56,163,397,179,97,200,752,3.8416992760027266,1,0,0,0.0
8606,2985,720,121,169,190,352,101,262,152,40,479,583,8.222163870988936,2,0,1,2337.751470536238
4174,1868,474,119,134,215,352,23,201,127,49,381,115,0.4837575025885499,12,0,4,0.0
6740,2896,304,498,92,379,259,39,474,57,69,215,467,8.369408136912021,5,0,3,806.92554370405
6277,638,355,362,137,266,128,64,288,76,22,434,671,6.198115762977354,5,1,0,2786.624347539539
3178,1327,535,197,192,225,182,160,470,98,46,311,118,0.8019251947444661,17,1,5,0.0
5244,2871,225,204,244,332,225,114,415,105,70,315,645,9.584424391542836,1,0,0,0.0
7086,1345,495,385,179,213,136,149,349,149,27,451,589,8.724993382085211,29,0,1,2527.4281930219345
3734,2841,736,104,248,199,298,113,325,151,99,326,161,6.890652323948122,9,1,2,0.0
9232,2480,554,228,182,250,266,50,223,114,27,378,931,3.6919806541499622,25,0,1,3653.1370475235476
3798,2052,268,258,230,171,141,47,404,80,43,485,715,5.096876749223163,19,0,2,0.0
3787,1815,526,350,222,469,256,92,378,109,63,351,33,0.272947138660975,4,0,0,0.0
5795,573,350,375,153,448,281,78,423,194,40,304,15,6.718586154733858,28,0,3,2427.370014879717
7304,983,776,182,142,266,357,158,390,122,88,257,427,9.55384791124841,6,1,4,2982.9787886332538
7588,515,519,419,90,171,248,182,497,78,46,174,290,2.186313474074727,11,1,3,4297.376915546893
9808,2049,651,217,240,447,87,68,377,183,93,495,954,4.075242168928775,5,1,3,3994.1273666984544
6084,1859,769,128,273,452,126,191,257,137,77,181,746,8.618741934085815,19,1,6,692.6764064250534
8753,2396,311,457,271,110,116,198,102,175,81,404,313,0.6614608128135824,20,0,4,3763.357926842313
5918,1650,661,237,249,397,234,137,430,55,67,432,972,3.199873297871857,9,1,0,374.759453912692
3731,628,561,256,81,328,324,36,109,153,91,489,794,9.414964134038648,23,0,1,0.0
4129,1010,402,130,155,225,139,145,166,180,62,365,936,7.689973914087311,14,1,3,71.06600311098785
6446,922,686,430,51,252,335,151,268,144,96,103,29,0.8092078754357601,11,0,1,2952.079859440014
4605,2932,679,385,59,261,397,180,149,125,71,487,416,4.644590190673435,25,0,3,0.0
6778,2406,203,252,220,377,256,100,226,185,88,460,739,5.125364985813357,1,1,6,1112.3570054925513
5745,731,328,435,168,485,67,125,296,139,16,264,351,7.404225002796661,5,0,5,2447.480537174118
6170,1458,225,157,220,278,293,109,114,75,40,333,461,2.1437951163810687,11,0,0,2494.117669641779
7689,1324,226,412,150,243,368,190,221,192,49,303,47,2.355683845502309,27,0,1,3872.2188648804504
5933,564,241,186,159,238,56,103,147,135,87,471,871,8.526817978232927,15,1,5,2594.5935371935307
9995,1332,782,222,296,305,237,61,213,171,92,316,812,2.2442568334974444,29,1,4,5112.134070618292
4215,1114,263,290,116,195,137,198,105,176,59,316,339,4.475616356490855,12,1,0,979.169656456378
3324,2528,224,452,293,313,165,185,103,111,89,132,510,6.951237688623858,27,0,4,0.0
8074,1300,271,470,72,168,112,190,378,190,18,407,821,5.248882784666314,16,1,5,3508.0397718893632
8845,2467,681,392,147,455,393,67,272,95,74,178,986,9.15356536612623,5,1,3,2724.087197208345
4850,777,467,413,259,417,124,61,420,58,34,431,766,5.111509107496501,9,1,5,619.7882459232206
4490,2513,294,127,274,118,344,73,155,137,17,249,864,2.0752442982037755,1,0,3,0.0
3893,2217,594,254,146,415,220,116,114,52,48,315,927,8.316395233224474,13,0,4,0.0
4390,2913,563,329,237,450,281,164,487,61,41,311,489,7.788125716570928,26,1,3,0.0
6389,1738,514,136,258,200,297,198,190,90,17,339,476,2.0223471714459618,25,0,3,1895.877149769216
7239,2986,316,105,55,180,274,156,304,60,22,313,547,7.711576760344245,23,0,4,1859.0467256635611
7479,927,363,417,62,282,325,27,346,196,76,469,902,3.2226233840389504,0,0,1,3068.8848998341296
5263,2943,776,324,70,117,241,131,338,122,75,452,981,5.652970495343955,1,0,1,0.0
6432,2024,505,132,272,254,216,129,459,187,37,252,792,9.708912088352523,29,0,0,1175.2588174058224
5371,1986,399,188,107,440,148,89,108,122,13,307,650,0.44286717793862507,6,1,4,899.0096701484454
6086,1085,379,433,169,228,277,156,328,82,32,356,770,1.7068653461496408,9,1,0,1638.0801727940598
7312,874,557,139,262,497,363,130,316,197,43,127,708,6.061008057691678,23,0,2,3038.3973740418664
4515,2023,451,268,274,414,375,130,284,124,64,322,950,0.5008623195209294,15,1,3,0.0
9326,592,498,474,205,465,111,24,294,142,80,199,427,1.0997706356802162,18,0,6,5847.7654456613145
9413,2100,629,397,169,260,178,91,138,160,67,464,746,6.129887336119186,25,1,4,4007.799091519615
8586,2868,203,492,247,218,299,83,139,174,82,213,992,8.414646901596319,15,1,2,2634.5246614278353
5917,1413,453,117,185,475,188,199,115,173,28,410,299,5.457363917898517,24,0,4,1994.6098084935998
8731,1845,778,114,126,431,279,54,180,62,18,205,840,1.8676150280972181,11,0,4,3806.815336704064
9610,2340,766,231,147,272,108,79,190,173,32,456,175,1.3138895523468197,14,1,3,4619.611639292145
5352,1801,295,389,107,252,214,108,237,112,84,206,586,8.206334517993918,3,0,6,926.2149871432505
4167,2121,366,417,217,498,253,119,280,191,22,229,888,9.027464106300638,7,1,4,0.0
3110,2061,530,393,135,119,147,58,164,103,40,404,770,7.546865329781749,9,0,2,0.0
8109,2253,261,308,50,133,387,132,214,132,81,263,583,2.195128674516625,5,0,2,3142.837445056081
7327,1916,373,426,126,413,295,153,149,155,28,257,355,3.5203856530064535,27,0,1,2599.1405739321394
8810,594,452,378,242,159,186,107,384,160,14,343,310,4.307567748476327,20,1,6,5414.6880758959505
6655,2279,660,481,59,257,95,138,245,166,48,245,584,1.2423418251739216,28,0,3,1539.788070687544
6793,1458,414,375,237,463,253,168,279,121,23,227,611,2.5340982370063347,24,0,4,2146.013927099252
4755,1630,438,408,118,496,242,183,462,131,31,123,480,7.266272319470543,1,0,0,27.272908281016164
9738,1913,614,485,296,305,376,37,260,85,31,217,214,7.823837568056048,27,1,0,4801.87280031599
4577,2283,325,376,197,192,91,131,478,58,14,228,194,1.8243795702149612,15,0,3,0.0
4296,2618,452,175,111,317,211,20,462,54,71,273,42,3.2662019771670616,11,0,6,0.0
6774,1163,396,397,62,422,273,36,366,192,61,123,639,4.94346404935685,24,1,4,2679.0499340959113
5220,1468,612,412,235,188,303,140,200,113,89,376,185,1.7508109752944223,20,0,3,834.7900257249439
3972,2915,655,477,214,272,333,133,247,97,48,128,440,8.631516569208632,22,0,3,0.0
4030,2598,253,446,59,139,267,153,249,135,35,304,873,3.0255563599736357,22,1,1,0.0
5593,1666,538,211,52,302,149,77,323,163,89,163,760,2.478913876159743,17,1,1,1147.6518232680833
9691,2071,558,365,211,320,110,192,299,182,65,365,497,8.935576251673414,12,0,0,4521.234887986141
6992,2023,350,171,83,146,89,91,498,168,21,240,15,6.736306350683607,7,1,0,3268.7084213640915
7613,1487,299,416,207,342,231,142,390,56,89,494,315,5.12472234221844,8,1,2,3121.7662028143272
3913,2807,433,120,214,187,108,143,179,195,58,201,54,1.0725463322796813,25,0,2,0.0
9358,1725,743,287,245,256,272,67,471,177,21,218,685,1.4531253430233382,8,0,6,4211.749816639547
5181,1708,261,220,83,261,257,197,207,55,14,285,71,2.2383083820691176,8,1,1,1649.7844908082723
9428,2705,395,441,209,494,219,75,261,162,60,361,298,2.185415549000801,6,0,2,3789.1524928261315
6197,598,741,240,134,119,188,156,247,61,13,365,256,8.87017301478838,19,1,3,3069.329084644136
9040,2788,305,403,107,247,252,140,304,157,92,432,830,9.418449222511573,4,1,2,3049.357283597203
4462,2014,494,303,154,300,303,50,411,70,34,467,500,4.168946729021523,24,0,2,0.0
8968,701,650,308,201,411,215,84,406,91,33,213,380,2.006121463151418,13,1,3,5264.44331390954
9829,1133,733,108,58,250,106,124,450,95,65,210,42,2.7369601603320435,24,0,1,6457.0828842828505
5378,1245,355,284,90,199,172,80,184,52,28,372,87,0.23429054025304263,29,0,0,1936.6371454206642
6454,989,605,468,201,346,186,157,149,102,32,102,476,2.150818515906466,17,0,1,2556.3505090022218
6553,1078,753,475,74,212,299,145,220,111,92,351,140,0.15508016250500356,25,0,0,2451.8710706807374
4307,772,771,395,85,318,106,197,252,190,86,355,185,9.617642970492438,20,1,3,431.9423042210299
7994,1742,574,431,57,443,116,96,449,100,55,257,961,6.236403701901447,12,1,1,2558.3241020353535
8194,1285,788,300,175,459,280,161,298,196,27,382,928,6.741201271783353,13,1,0,2911.2933365584095
4189,952,654,163,163,124,293,42,325,111,70,272,77,0.8234798639049157,14,0,4,978.6031756977238
8308,1675,401,449,154,388,335,146,359,192,80,487,201,4.610050603951166,28,0,1,3298.27076459586
9221,2894,651,425,142,202,170,175,162,139,54,374,515,4.316983870387707,22,1,5,3181.616851308214
3687,1315,386,419,138,178,103,112,377,119,97,238,254,8.365975899531223,5,0,2,0.0
9164,913,567,124,236,484,337,77,412,140,55,136,494,7.79411964260443,14,0,0,5274.434222815004
7661,2050,539,493,212,115,327,187,281,61,26,434,463,4.154319157244361,5,0,4,2503.8133801443782
4207,930,461,255,87,440,115,116,103,138,24,439,160,7.277084207977013,11,1,0,1024.2912242149114
4894,2926,788,320,141,158,319,149,292,96,82,456,622,0.8677194894337559,27,0,1,0.0
7922,1394,742,391,168,293,62,190,354,65,43,357,140,2.536054755013919,16,1,4,3779.853430860337
8447,2975,750,238,260,224,392,31,403,159,17,329,900,1.7020964464190336,1,1,2,1731.7022291617359
9322,2446,505,120,209,486,173,123,250,193,59,277,263,7.254523797424589,22,0,4,4227.187386708752
4811,1607,364,253,150,498,126,111,105,83,20,126,938,8.830684054465989,3,1,0,311.6451776809833
6183,691,287,167,162,131,388,54,470,95,97,277,447,6.186835861931988,26,1,4,3028.241977289905
6797,540,399,140,228,277,73,93,314,136,51,305,878,6.6503781409894,23,1,0,3510.4340982571166
8178,2387,470,114,77,466,84,130,329,113,94,379,327,5.909875427989526,28,0,3,3195.1020230978684
8446,2359,250,378,233,318,373,127,426,198,52,198,350,5.905541022916427,17,1,0,3331.521108074634
4644,2296,688,268,148,199,123,140,232,131,44,383,760,2.118656632632332,7,1,2,0.0
6968,1832,397,233,185,202,339,188,184,180,68,411,852,0.18352171561070163,13,1,0,1873.2561916682341
5716,635,222,298,90,471,339,83,253,189,21,389,503,1.9226527569151286,8,0,6,2163.976631534747
3190,2313,422,337,167,217,68,37,301,87,82,180,329,3.1904918064000745,25,0,1,0.0
8319,605,420,211,72,342,308,158,293,127,21,260,276,4.002660279873095,25,1,1,5183.924749242424
4335,1018,465,151,231,218,165,84,119,140,37,122,310,7.213437619954305,16,0,5,1253.168749527084
7803,2441,272,236,281,491,341,170,369,195,55,235,492,0.15566469448049403,15,0,2,2300.8356084238635
6106,2065,276,354,287,106,309,23,345,133,49,354,970,5.796246010713721,15,0,2,856.264529139785
3378,625,743,214,72,487,203,26,472,133,38,419,62,2.9445637687268067,11,1,3,0.0
7482,2947,634,257,81,109,252,188,170,151,79,223,855,1.8011364208117242,26,0,1,1602.9569605324107
6829,2626,264,399,187,415,180,196,301,125,25,374,828,2.839855919350115,21,0,1,728.9755650243592
9380,888,556,363,130,380,177,164,450,66,55,495,859,3.6671352653115297,19,1,4,4764.0519421263125
3615,2058,217,454,212,141,314,94,491,198,74,103,30,8.502450038338408,21,0,6,0.0
8638,2224,765,406,148,146,351,74,157,119,38,322,75,2.507616718426229,23,0,5,3770.3117507201678
5330,2621,774,198,112,195,319,141,356,96,61,271,300,5.277400042223089,28,0,6,0.0
9144,1528,635,220,244,345,52,46,320,103,49,475,663,7.366502618381947,7,1,6,4366.536392239176
4754,2442,640,189,85,323,307,159,258,64,15,218,574,9.27164566007899,29,0,6,0.0
3463,581,208,129,142,213,391,194,235,188,36,248,940,0.3312335185164461,23,0,1,184.8860991896726
3966,2060,669,329,226,131,149,181,307,58,46,111,27,7.763010921208559,10,0,1,0.0
7267,1275,547,238,95,429,102,155,337,52,31,298,337,2.451669495090776,2,0,4,3464.066302360558
6158,777,571,353,76,252,215,135,438,62,16,245,544,8.3936956835638,19,1,3,2440.0253580360572
6624,2378,374,130,208,316,198,42,317,145,10,394,782,1.476063103314631,11,0,2,1455.3420974965766
8242,2771,714,261,211,345,212,45,287,55,86,430,667,6.693277175845291,12,1,3,1983.8547553346264
7938,2107,329,495,125,371,132,181,289,178,57,132,954,7.390531699947768,4,0,2,2694.485950925664
8417,1105,765,255,150,499,71,179,493,182,60,258,283,5.200635275425796,5,1,2,4084.635553740701
9004,2566,492,422,236,449,69,25,373,115,23,344,39,3.444522285471608,17,0,4,3762.275568033912
3689,1139,552,216,231,360,260,140,353,145,88,382,331,1.5737934592447766,24,1,2,0.0
5622,2289,423,290,266,106,373,78,293,161,21,470,854,1.049371186818463,11,0,0,0.0
8603,2256,723,275,243,304,57,197,448,174,58,319,925,7.556462253423203,15,0,0,2706.849130009754
5212,1866,708,104,207,363,356,27,421,90,50,268,343,0.6007460199690173,29,1,0,256.64676827024863
9120,2644,567,432,285,388,203,59,279,162,77,382,904,5.826150968800387,0,1,0,2886.691117404978
8818,674,789,111,250,417,100,193,422,56,94,365,57,0.28920522970564577,11,0,4,5174.456174932531
3382,1876,699,158,200,301,295,103,482,70,11,388,873,4.6089509984419355,23,0,4,0.0
5256,847,289,420,58,215,203,180,187,197,94,304,524,1.3834233437227073,14,1,0,1667.3502190433985
6810,500,271,407,261,311,295,77,364,145,71,258,937,6.506745811903816,18,1,1,2897.327211266042
6503,562,632,398,232,259,352,135,462,55,66,254,83,2.450644576647444,13,1,2,2931.861615051755
4412,2283,547,349,178,228,92,150,403,90,23,368,274,3.5041935845502428,4,0,5,0.0
4583,725,462,438,105,446,212,98,481,82,53,275,959,7.602022949624078,15,0,5,105.50306129845721
9367,2970,470,192,216,247,196,174,415,73,75,157,899,6.0366048508731005,10,1,3,3282.09625957606
9146,1542,708,418,136,410,385,84,433,144,84,352,25,7.2321200268525345,11,0,0,4280.1612034480595
3371,2578,707,210,67,177,205,76,225,189,46,402,178,6.964331305499487,5,1,0,0.0
8806,1344,619,405,91,361,52,182,473,155,87,197,273,8.901362852770472,28,0,1,4438.101241277855
8565,523,271,467,273,151,195,199,279,58,56,146,480,7.805172439963636,9,1,5,5344.463647765193
3610,1734,273,394,160,357,318,198,142,142,70,399,979,7.316070689013122,15,1,5,0.0
3115,2484,702,435,122,320,293,36,302,175,93,303,170,0.6779624187751576,22,0,4,0.0
3446,660,773,116,252,138,345,71,481,116,36,488,893,1.1554805112432143,20,1,1,0.0
4391,1778,345,319,297,347,344,195,405,53,58,201,446,5.428727929510934,4,1,0,0.0
6324,2094,245,398,114,476,363,77,206,103,69,105,980,3.3176037457615406,21,1,1,1202.3094787709458
4340,2661,304,404,252,387,106,95,187,134,79,445,807,5.109940780315401,11,0,5,0.0
7510,2452,308,104,210,353,329,122,113,183,80,364,22,7.288773045446289,0,0,2,2849.8931440891665
8904,2195,516,228,207,215,168,45,342,94,54,176,330,3.2517466406710396,4,1,5,4269.918262336318
5939,1454,320,422,182,296,71,46,117,191,10,134,826,8.62899920467999,11,0,3,1843.718564325177
8143,856,698,211,227,313,100,43,327,133,22,210,389,4.292753334221022,15,0,1,4595.400124294156
6699,2716,242,123,242,191,261,100,176,160,47,290,325,3.3081901408797942,5,1,0,1814.975945914033
9806,1468,298,128,59,131,265,158,389,184,26,325,234,5.123083423413797,4,1,2,6197.67879876876
8969,741,510,498,109,192,125,105,438,104,47,320,996,5.125175712477646,19,0,2,4768.796070146074
4073,638,413,231,254,331,253,155,140,65,10,126,458,8.585397393528492,18,0,1,1004.526062350132
7813,2644,662,143,204,230,215,195,218,66,10,401,99,1.9114867483823794,7,1,6,2831.120115410741
6569,646,622,420,121,417,110,51,174,120,92,495,775,5.1876786456952715,7,1,0,2487.9842705450033
8454,1580,588,475,205,322,354,48,482,139,39,394,343,8.114048616374363,6,0,3,3604.156450869565
6150,1565,311,306,222,112,328,125,276,178,86,485,490,6.680804554151551,29,0,1,1652.3652461194506
4605,1042,471,481,101,425,309,115,317,51,16,199,265,5.5654562234785665,11,0,4,529.4481959538143
9414,1191,301,315,243,120,125,140,168,144,29,483,658,8.497016134277823,18,0,6,5492.094743243402
7657,1525,409,343,111,113,258,123,312,133,53,408,151,7.733091849418175,18,0,5,3836.067909771978
9947,1661,221,130,166,444,86,152,492,150,82,181,116,0.6305752470637671,24,1,2,6098.526967971985
5294,2140,358,365,253,426,142,196,403,172,22,105,672,4.482141040249861,14,1,4,9.415226258225838
6662,1229,542,110,268,206,183,160,111,190,48,321,871,7.041744624050095,18,0,2,2348.902213726757
7482,2878,599,181,174,227,288,147,212,114,29,121,726,6.397068606100953,27,1,1,1920.306398432782
7797,903,653,255,254,131,185,108,369,100,98,220,454,3.3788468966647134,16,1,2,4056.3004573109506
9702,2439,342,265,109,268,272,61,419,52,14,238,431,4.388564779001304,22,0,0,4652.553698228322
8068,1650,596,307,135,387,197,29,125,109,61,202,388,5.074577550378181,0,0,5,3888.9433139501725
8480,2235,735,123,217,180,301,173,490,171,34,139,612,4.284445853216784,24,1,4,2955.8329664541566
3983,1538,340,394,192,281,128,45,154,153,21,397,495,7.417156868704904,22,1,5,0.0
8607,2773,439,474,144,457,293,170,414,182,99,362,174,4.920814092499319,2,1,1,2623.157684863622
3351,1244,491,278,56,289,367,191,307,92,65,426,118,7.97664013925819,27,0,0,0.0
4724,818,281,431,88,354,169,95,178,96,95,130,61,4.529713157265202,20,1,0,1872.5323805366
4951,1742,759,149,290,440,358,58,423,55,10,155,600,0.4177881845769116,22,1,0,0.0
4279,1272,370,106,228,398,171,190,250,167,81,425,844,8.592225588868548,28,0,2,0.0
4907,2416,779,199,276,486,261,71,485,55,58,189,9,7.336794081698061,0,1,0,0.0
7848,2999,725,180,56,265,333,142,427,79,76,347,80,1.7208428860900649,25,1,0,2000.9046585523583
9924,1443,741,340,189,355,303,77,297,150,31,486,167,3.414654933343436,22,1,2,5190.727774098599
4024,2514,309,423,63,297,67,95,319,175,94,284,13,0.6464968543457772,13,1,1,0.0
3545,1713,411,280,83,312,312,119,403,187,94,207,700,4.808361270728012,21,0,2,0.0
8565,918,637,392,171,144,326,179,360,55,40,257,714,4.568567161674141,12,0,1,4134.198748429564
7174,1364,521,182,216,401,90,37,120,122,10,321,767,1.8092788618137468,3,0,1,3067.9719344684577
8355,1288,283,153,289,470,80,61,277,73,36,300,685,1.853381844270855,0,0,0,4329.8860485706
5381,2371,575,189,122,459,347,21,462,101,11,489,9,2.448663540710837,9,1,3,152.67948023746806
3888,994,252,302,113,112,364,52,170,131,10,252,366,7.091979016074969,6,1,4,906.0129830227119
4105,1562,695,130,146,151,167,193,449,117,51,449,45,3.273332435221772,19,0,6,41.12674038502114
5549,2709,455,292,61,364,283,78,193,167,17,125,744,5.800077666868754,5,0,3,106.35916390866402
4990,2525,785,199,175,424,92,119,306,76,44,422,349,2.397541134073946,17,1,0,0.0
8596,2668,419,448,83,142,277,92,172,62,44,272,950,8.603739015402212,12,0,1,3073.858267647608
6998,2946,299,188,76,106,183,178,254,124,16,300,817,6.942615099572549,1,1,2,1403.7986317581322
6775,2485,328,222,199,329,382,186,357,196,32,469,747,9.881098482747927,10,1,0,801.4281421087851
5812,1227,418,473,67,143,206,104,327,62,32,326,591,8.680452587157415,26,1,1,1831.9590718119857
3920,1060,676,146,223,271,255,41,446,56,55,362,868,1.3489260176480466,6,0,2,0.0
7645,1652,657,245,221,201,138,36,274,82,28,392,634,7.063785654155344,16,0,5,3088.5796002880375
5061,1039,221,102,195,322,148,150,395,94,88,211,141,2.8539046976448246,14,0,0,1857.3302659726567
7487,2903,759,117,86,167,86,51,316,105,81,190,797,5.946553797762157,29,0,1,1752.5908050868345
9453,1159,528,413,184,221,248,52,135,95,22,127,515,6.474709051708466,22,1,3,5609.20121401577
9529,2979,679,426,117,176,104,29,496,68,59,336,806,7.53116005710024,10,0,3,3347.3480206630866
8476,2363,538,180,286,399,154,24,456,149,40,463,898,5.084335276476166,1,0,6,2483.9762732409913
8069,1950,378,252,129,395,292,87,311,119,80,418,823,3.7358831880761665,10,0,5,2820.3973499718495
6639,1316,620,407,135,304,123,185,249,174,93,219,788,9.452529015829825,13,0,5,2170.484299313035
6165,2444,681,398,109,417,363,121,373,103,47,222,661,3.3518030039682536,8,1,4,308.60124350145554
7435,1715,248,166,97,270,153,188,214,99,66,345,67,2.9309684897015487,12,0,0,3800.352107984098
5644,511,229,188,228,317,270,92,302,114,17,160,790,3.1323230641875552,22,0,1,2330.97409128481
7852,2786,284,234,149,404,65,162,105,94,23,481,248,8.244610001190631,8,0,1,2735.14091495869
4045,2395,701,466,133,292,78,71,422,79,60,233,387,6.347756335362788,24,1,3,0.0
9434,2930,745,301,144,432,313,27,224,128,18,419,69,1.8423132833933165,23,1,2,3564.7108201811134
6556,547,528,278,101,252,232,117,407,122,22,444,421,1.951518829601947,14,1,2,2879.5411833486637
9449,2864,633,438,274,140,101,49,297,110,85,310,792,1.118670366564618,1,0,2,3275.007194940814
5681,2756,787,178,126,122,396,93,306,179,75,215,442,4.195294091678356,21,0,2,23.335267457362008
6199,2070,448,184,229,285,382,97,102,117,47,128,385,4.766099025132893,29,1,1,1631.5732814791143
9768,1076,333,120,133,315,155,143,482,196,30,386,569,3.507111864709811,9,0,3,5921.106297739347
3938,2862,564,477,103,142,74,181,165,54,38,361,317,3.931115400470934,3,0,5,0.0
7943,1253,774,264,218,460,141,160,307,122,93,261,736,6.103059667632687,5,1,6,3122.931962590231
3441,1559,624,127,219,212,378,198,377,106,59,251,420,5.472049732656174,26,0,2,0.0
5550,1053,614,336,279,330,75,78,212,101,73,301,993,4.387621989699605,12,0,2,1076.958240799597
7225,902,711,387,199,209,139,81,238,162,18,477,985,4.963715596578852,3,0,4,2597.2347324068046
3596,1630,584,284,88,237,224,48,263,108,24,414,590,7.926432531341726,1,1,0,0.0
9054,2586,587,409,72,204,391,112,408,109,62,430,276,5.160756916813243,12,1,4,3488.46074546379
4505,2727,648,254,97,415,79,81,431,172,62,379,826,9.57770048966098,9,1,1,0.0
3861,2559,763,222,162,484,63,154,267,129,80,101,720,5.5250439522328705,6,1,0,0.0
5640,1047,502,186,169,239,179,191,134,172,12,405,894,3.271186911996835,26,1,0,1623.3445737466059
8094,1649,298,301,210,354,180,153,142,133,96,353,622,9.435904455523875,24,1,2,3633.6976726125436
9468,562,505,139,176,448,55,81,400,197,31,435,694,0.9808399020790926,28,1,0,5836.449907993282
6731,1343,756,268,90,174,260,87,476,152,48,186,125,8.733423871741454,4,0,1,2770.553777274753
9591,1508,241,169,207,332,198,36,268,189,86,390,851,1.2215505894552559,3,0,4,5173.213901560781
4551,2342,667,379,255,311,325,196,419,198,18,476,507,6.422993758938712,28,0,2,0.0
9962,2531,639,429,96,157,198,171,370,105,43,398,367,8.88583442269182,6,0,3,4356.2339990693135
8736,1822,526,498,277,137,89,159,399,169,21,441,71,1.0621956893436235,20,1,4,4188.4713810554185
6236,2581,768,453,234,361,245,76,141,197,43,390,70,9.995478035561543,9,0,2,702.5427802383485
8607,1251,232,427,121,311,173,176,286,98,54,233,192,4.818885203438226,10,1,6,4930.008223376716
4736,548,611,126,106,237,120,107,184,119,59,283,514,4.90477117687781,11,1,2,1545.0742740064286
9852,1157,313,444,288,381,248,81,103,94,37,442,501,3.4285991650073235,23,1,6,5759.772774024946
4449,2160,707,230,111,157,82,117,426,121,48,352,955,3.950319055899488,17,0,0,0.0
8953,1200,255,376,135,372,356,97,384,169,12,378,549,4.552112016115207,19,0,5,4521.042399908183
3264,1580,755,476,106,152,139,46,361,169,56,456,869,1.7921524364329455,3,1,2,0.0
5659,2656,551,394,245,305,139,152,308,96,21,238,737,4.861799514507814,26,1,2,0.0
9975,2040,528,387,292,104,384,59,354,81,52,443,286,5.968672379257764,26,1,0,4984.216431903582
5721,2571,745,353,276,422,325,194,293,78,86,284,327,0.25541495803377834,29,1,4,0.0
4462,2768,469,184,121,206,324,156,180,102,76,362,114,7.449092637351313,22,1,3,0.0
7252,2483,395,108,275,342,248,163,192,142,27,275,372,5.611766905931683,0,0,3,2119.9964376438834
4445,814,612,149,173,247,105,32,490,92,99,184,24,1.0964030317041218,25,0,3,1518.4257747508502
5298,2841,278,100,263,278,286,162,238,149,19,347,795,8.426853315152002,2,0,5,0.0
5925,2200,282,103,202,273,50,172,317,161,13,178,502,4.9677307443209004,27,0,6,1333.612355295164
4632,1517,336,103,266,422,216,163,343,181,21,171,472,4.254282609183044,7,1,1,402.72123305347475
9673,1137,738,189,217,486,86,63,469,140,62,319,252,3.831560728876018,27,1,5,5531.188559244161
5374,2814,505,261,281,492,323,135,202,109,60,440,371,7.847599668431375,3,1,4,0.0
7990,2635,510,254,66,238,128,137,131,79,25,427,256,0.8097706727644605,25,0,0,3099.6755381765793
9240,2149,587,114,129,274,291,114,469,92,26,191,335,7.054413331845221,29,0,3,4540.306063106479
3512,2978,748,464,289,352,183,66,442,97,35,466,508,6.371272290033776,28,0,2,0.0
3215,2275,705,131,225,349,301,180,150,56,11,207,121,4.233841855236755,24,0,2,0.0
6331,2466,587,162,88,468,71,103,337,136,38,334,956,9.51373468506029,11,0,2,662.7261857972933
5172,2463,492,463,192,496,316,173,139,80,56,264,386,5.507203652759819,16,0,5,0.0
6153,2267,378,207,66,235,267,59,490,167,20,216,874,5.957798342684959,4,1,2,932.5811620910819
4706,741,628,113,298,121,121,90,356,68,43,318,47,7.631110770146896,16,1,5,1652.1226220957446
5106,1201,723,122,84,137,58,192,322,101,80,253,868,6.253301512645911,17,1,5,985.6287625119114
4567,1240,511,210,82,126,184,125,105,117,38,175,879,8.428827395457505,1,0,6,715.9922365816927
5208,2613,279,420,281,381,244,114,194,183,58,290,269,2.28941521458486,21,1,5,0.0
5331,2925,213,259,280,378,351,190,480,171,25,453,653,7.857481263969914,21,0,6,0.0
5153,2935,253,140,195,219,107,42,371,109,90,194,169,0.6358307183728218,15,0,0,440.3360338420754
4128,2314,646,381,207,352,333,66,498,142,84,482,240,6.832480932798806,11,1,5,0.0
6510,1280,264,403,264,458,336,63,245,167,23,102,630,9.853930110187196,8,1,5,2070.1050380925303
7323,2756,571,243,214,164,357,101,427,189,22,189,688,6.873907188113052,2,1,6,1397.7634325266524
6653,515,702,387,160,173,300,189,493,190,44,412,679,3.2961867086341656,12,0,3,2525.858016840671
5365,1485,769,493,184,402,140,31,328,77,99,153,334,5.065313749414865,25,1,2,694.2660195227011
8583,866,295,252,123,416,253,113,330,54,61,297,790,9.928185882934855,1,1,4,4714.9424586296045
7897,1752,732,181,257,273,57,183,148,95,34,157,961,4.789066518115419,12,1,6,3081.3756939498558
8718,2987,459,464,205,487,157,98,462,130,68,247,347,7.8778302036724055,15,0,5,2360.977355755465
9001,1189,784,325,264,359,282,160,350,111,85,278,764,1.8231949703344108,2,1,4,4077.3898582624574
5921,1559,447,251,147,384,391,100,493,121,77,267,938,8.408530322880148,26,1,0,656.5707931800912
7567,1346,326,358,67,172,323,139,394,139,51,268,190,1.7634869125340291,3,1,5,3801.695540926843
4079,921,698,417,224,178,169,120,157,146,57,164,230,9.93642932747149,28,1,0,591.7057428508944
9768,2143,245,178,72,143,354,132,298,177,54,368,970,1.077997947791357,5,1,4,4598.513541646897
9156,1712,467,294,292,332,60,46,269,189,81,291,346,3.816327133819941,15,1,1,4759.2936962682015
6511,1107,741,322,197,102,232,167,400,88,81,440,661,7.023767888885065,26,0,6,1836.3181217125325
8137,1838,293,365,80,178,358,37,326,196,38,111,333,7.45137003776632,23,1,5,3942.8097831007194
5741,519,515,329,63,476,228,83,127,120,12,419,438,3.06320051245872,2,1,1,2350.537748756765
6020,1175,270,249,72,280,255,28,188,126,30,271,16,5.981043276299816,9,0,5,3083.282643754726
9256,881,792,497,51,238,141,137,191,73,40,367,310,0.8505196169571261,24,1,5,5511.668459237218
3228,1108,648,235,206,489,276,142,172,94,22,381,824,0.3578538725008318,4,0,6,0.0
3170,2690,566,222,227,402,55,44,360,57,90,397,439,1.3744655118369986,23,0,3,0.0
3294,561,609,457,122,106,61,132,412,179,57,203,934,3.9688483886351342,4,0,3,0.0
7284,1765,290,498,108,470,299,148,179,116,33,255,385,4.887038137460186,23,0,2,2705.1229899225955
3425,2785,708,209,82,465,247,78,128,66,11,316,315,0.9908795456954467,17,0,4,0.0
8072,1654,727,242,225,423,176,183,334,87,12,403,157,4.396741603081224,22,0,5,3412.221576228054
8198,2128,309,169,221,312,86,37,410,116,35,340,284,9.105331967112448,11,0,1,3752.137871280878
9801,2126,288,153,189,100,57,66,250,106,11,366,614,5.942737980486484,1,0,0,5418.903247724652
3918,1646,471,431,132,283,214,98,156,143,42,198,890,3.07977378942778,6,1,2,0.0
6253,1963,446,139,219,350,169,180,245,121,43,391,511,1.8813473134609726,27,0,3,1308.7132147503514
3498,1426,560,296,261,314,281,41,232,143,99,256,339,5.124539099260508,8,1,1,0.0
8917,2889,577,126,278,176,274,107,491,113,47,139,607,2.399628704235952,9,0,5,3016.1410625332433
5809,1942,405,429,272,142,282,84,246,72,87,392,384,9.425823289351491,4,0,5,1293.0626492855286
7961,2153,544,398,84,256,336,158,328,61,29,467,482,3.274443361568049,14,1,1,2851.6198646052626
3825,781,654,279,90,117,275,126,295,152,19,276,916,0.45102604680294145,2,0,3,0.0
6779,1385,266,145,262,442,194,173,183,57,93,171,453,7.835865244506958,24,1,3,2836.861859972494
4858,1524,757,241,232,319,299,109,149,87,42,280,466,7.914138882885167,17,0,2,325.54716649562533
5118,1222,242,419,288,172,321,57,441,82,54,463,994,8.901699963989586,5,1,4,379.6512276044805
9391,2298,428,197,159,289,335,145,431,146,69,210,847,8.192026396725572,5,1,3,3608.7193266019394
3145,1735,643,225,284,462,88,68,363,94,75,424,780,2.970606356002341,4,0,4,0.0
8737,586,433,157,190,361,93,124,312,124,70,153,973,7.619830500572796,12,0,5,5010.961659740743
8415,1164,398,276,88,243,86,164,208,156,60,237,9,8.582715675327439,23,0,1,5268.432429187489
9725,1361,696,306,268,228,305,76,132,164,21,332,396,8.454923001623918,21,1,6,5326.34620773245
7565,2222,231,384,266,377,260,33,201,92,89,402,351,4.5463842659827005,28,0,1,2618.249190995586
6577,2608,463,253,243,401,141,102,273,74,18,178,221,7.026252856571972,2,1,5,1549.1616755943635
3192,2642,312,126,212,289,68,27,336,64,20,307,197,9.296072991174217,4,1,5,0.0
8187,1285,658,422,165,250,149,42,476,59,30,131,460,6.255633082359136,2,0,4,4128.820520714709
9637,2076,475,262,121,406,196,63,226,197,85,411,120,3.2160699358225653,1,1,2,5051.068418439765
6888,2167,345,349,210,483,118,85,498,65,77,331,190,0.8076057305607665,14,1,5,2135.506335732522
3051,2844,556,287,138,194,179,22,321,148,35,278,977,1.1185277688444584,11,1,6,0.0
5410,1193,205,469,262,137,74,160,294,174,72,464,849,4.804019357674263,0,1,0,1195.829101855991
4820,2946,539,433,213,255,164,88,290,147,28,273,726,6.048960933405319,24,0,4,0.0
5964,1754,693,189,190,399,139,101,193,106,26,134,227,1.7911948207389317,9,1,5,1622.324279654775
5521,1033,307,230,105,446,335,20,358,95,53,187,411,1.876295705523403,23,0,3,1968.0680893406043
4869,901,270,397,223,141,322,40,407,160,70,214,176,1.161572892858005,1,0,1,1696.381241816383
5568,629,539,112,250,415,390,102,143,173,10,390,645,3.1837075699828477,7,1,2,1678.9941248793557
8882,2839,299,128,148,225,261,75,415,178,81,203,143,5.790634909340307,4,0,1,3934.6863925912603
8550,775,526,364,95,412,160,121,157,74,67,289,408,6.856749500590661,28,1,0,4993.9756251421995
4867,2358,232,131,149,176,397,149,194,105,50,263,523,9.10756703632513,17,0,2,230.2375787569308
5738,554,342,249,162,195,125,50,241,95,33,175,763,5.966554979539202,24,0,6,2828.8635682296194
6269,1264,443,185,160,362,345,160,489,57,52,287,169,2.3111317316659163,1,0,1,2330.1675407810194
6199,1720,416,157,221,406,137,33,374,90,90,179,923,7.2737402973448075,20,0,4,1315.5523886216713
5579,1141,633,156,223,324,219,95,104,192,18,404,284,8.931790811536448,17,1,6,1801.8338021265884
9103,2347,253,493,292,210,196,32,346,93,75,424,821,2.097926702986579,12,0,1,3339.9998920019552
8530,1223,791,124,123,337,289,107,222,131,99,210,346,7.735209936848256,8,1,5,4514.047033415059
7005,1713,350,289,118,304,104,114,381,178,41,119,972,8.06901890176028,22,0,1,2218.578725287928
7935,1301,254,175,80,387,141,161,213,160,50,275,463,3.0638130432878463,5,1,1,4278.093423582508
3240,1237,716,470,174,362,302,133,346,166,20,327,597,5.001533529814753,22,0,3,0.0
6440,1257,647,486,73,175,206,113,463,181,74,483,787,4.151992215464423,22,1,3,1483.513949843193
7631,2091,234,438,81,242,300,174,117,130,27,282,762,2.504380415016266,15,1,1,2581.764172996139
4407,1799,318,324,290,414,313,119,272,179,17,195,288,5.154567019217819,23,1,4,0.0
6502,2341,396,282,162,468,57,89,327,187,36,459,710,8.745144205127449,14,1,0,1150.9283344731189
7038,839,765,253,244,184,374,145,322,91,91,366,227,0.7119495355658079,23,0,2,3195.6740177852116
3082,652,713,368,65,495,348,137,309,94,18,430,491,9.11444355386129,19,1,4,0.0
8077,2088,793,490,234,351,147,146,343,150,11,276,392,0.5528851362725551,14,0,4,2484.0168253420616
6768,1921,621,377,282,432,99,89,108,76,90,111,115,4.461348401992674,8,0,4,2465.9996930197517
3950,1967,716,439,290,331,262,162,445,78,84,273,394,0.26618825257113565,5,1,2,0.0
3610,926,338,462,261,394,53,75,485,159,55,130,344,7.228847441296905,15,0,3,0.0
7669,2751,243,122,157,418,341,107,221,71,79,395,288,1.1293311024022035,10,0,0,2347.9284530151917
9429,1635,418,113,73,229,290,32,397,164,14,193,553,8.352472342431025,20,0,1,5230.889222893474
8084,2872,767,193,83,384,68,154,464,139,21,439,878,8.982672244160362,25,1,1,1695.7228791214548
6605,1449,457,442,177,416,319,128,425,139,53,382,851,4.031930986793467,25,0,0,1418.107272826519
7554,1873,712,466,101,128,353,168,439,134,51,252,225,9.859277353322476,12,1,6,2730.7509965020836
6283,2530,576,151,97,327,377,121,427,198,97,453,314,3.973734670622806,2,0,4,665.9854533481478
5173,1456,488,438,136,393,250,121,208,155,39,134,698,4.573780115088057,12,0,6,547.1620888804068
6484,2201,669,140,168,106,153,161,423,185,61,279,536,4.194563132554233,25,1,5,1203.9825347528943
4522,2982,302,263,230,129,380,22,444,166,90,488,881,5.446489838863987,15,0,2,0.0
9568,1803,348,105,232,314,131,82,130,115,56,138,619,9.196342066718795,3,1,4,5583.5495292371625
5601,870,283,237,87,214,368,190,221,162,45,290,974,1.0787359126662244,2,0,1,1757.606359070569
5657,2796,225,198,179,314,104,128,374,67,79,427,410,3.9445507166088123,25,1,2,224.97858450922996
9080,2728,374,440,282,263,337,31,170,130,41,246,497,3.5669225088419267,15,0,4,3555.1261149745374
8662,1202,621,323,118,269,285,74,274,192,53,206,480,0.9990927383599346,6,1,2,4483.097981423012
5159,2174,545,415,131,320,213,137,392,52,25,245,222,7.758508301092405,22,1,4,233.65576811243557
5449,2625,501,129,167,359,134,167,449,134,80,217,654,1.3850927668495128,8,0,0,0.0
6830,2883,497,324,299,311,268,143,308,132,26,307,76,0.46785424843710954,22,1,2,1301.5445917053833
3121,549,334,425,102,360,262,110,323,108,41,178,40,9.735998754973037,18,1,5,315.55674280669706
7368,2632,254,360,99,401,252,88,118,171,23,434,847,6.972794856199407,12,0,5,1553.6135701534836
4317,2551,255,346,206,430,362,192,316,60,35,479,221,7.2972790681919815,22,0,5,0.0
7493,1492,573,178,123,229,349,74,192,116,82,384,976,5.750427213485337,0,0,0,2569.7502215389377
5518,2864,787,284,283,204,291,94,152,181,22,372,209,1.713419709432753,5,0,2,0.0
8080,1634,538,398,232,153,211,79,174,186,98,114,404,5.340165161206164,7,1,6,3713.5526508946346
4230,1857,656,279,155,207,228,61,231,106,21,267,351,7.767274748909809,5,1,4,0.0
4133,2374,554,176,238,414,141,191,145,56,54,174,459,7.084853359259303,27,0,1,0.0
4301,1262,331,361,99,388,187,153,135,83,25,358,630,6.418013431497188,27,0,2,264.2598173212619
7034,1504,692,328,65,354,161,88,231,112,61,265,56,0.8228188505588052,15,1,2,3044.9471058441586
4910,2666,753,101,136,377,218,41,229,58,30,492,768,6.475793343614637,20,0,1,0.0
9712,849,309,116,143,146,370,84,266,139,33,474,844,0.6717815270055283,22,1,1,5879.104809091583
4505,1186,781,443,119,233,150,103,342,68,52,224,711,9.176885511318853,29,0,1,172.47880078848266
6185,1041,325,111,221,123,345,107,324,105,14,345,43,8.542255391702167,5,0,1,3026.7262168732805
4916,860,495,281,149,216,242,167,399,59,42,275,752,0.2336888213318966,6,0,3,1028.5166828724223
7915,2877,378,433,261,338,256,66,190,169,40,156,249,2.1383491571633115,6,0,0,2488.6010949410443
9996,2766,396,106,193,481,335,195,445,89,18,303,845,5.69238077417909,28,1,5,3666.404733044762
6548,2755,300,345,77,406,265,43,476,80,44,276,79,0.44894340361108287,8,0,4,1544.5704328702802
5757,2193,772,256,295,473,277,91,463,96,17,322,561,9.097263009151526,25,1,1,89.81982873012285
4956,584,382,273,234,140,92,117,396,86,84,485,786,8.987041161913542,14,1,3,1271.29570905656
9464,1184,208,428,203,349,230,58,221,128,26,371,585,1.6907147002037881,18,0,1,5431.107297094568
3178,744,612,433,135,422,396,74,458,148,89,360,190,9.205345262816818,26,0,4,0.0
3896,1858,765,280,167,188,335,135,452,180,29,308,222,7.030595823616538,8,1,3,0.0
9362,1095,303,380,60,191,346,96,393,94,87,162,995,4.619232172479332,12,0,4,5213.196735571899
9932,1656,325,408,178,476,93,127,292,136,31,340,962,4.593181159889218,20,0,5,4907.6915375355875
9068,2323,745,336,118,180,86,166,213,122,63,155,129,3.1486339248282738,9,1,0,4438.377868619635
4551,2297,469,256,290,229,298,77,110,51,80,331,484,5.857502441957997,27,0,2,0.0
3491,849,665,350,220,190,132,173,286,192,84,498,145,6.016786632846435,3,1,1,0.0
3060,2829,317,320,223,199,306,120,177,195,90,288,141,1.7016540350644382,7,1,1,0.0
4077,2840,291,437,154,177,266,110,169,89,86,367,961,4.838614150020735,0,0,0,0.0
8799,1792,684,322,283,142,59,107,398,52,90,237,663,1.1036041130175889,14,1,5,3966.086848473535
9681,2384,286,310,85,222,287,194,203,107,84,445,317,7.730493449140083,24,1,3,4856.436508644571
5895,2060,433,436,115,387,75,161,444,120,77,271,577,7.95176257874997,19,1,6,635.2453640645792
7160,1483,323,233,234,495,300,150,314,143,89,319,23,8.555736432218062,6,0,5,3096.399161185178
6683,2567,402,431,183,122,264,146,217,175,40,314,973,0.4527939880382914,5,1,6,811.5053434460863
3585,2363,231,358,239,243,194,161,104,154,94,375,695,6.662842525509123,17,0,5,0.0
8823,2479,556,134,204,357,369,27,253,92,22,436,256,8.7585338495022,15,0,3,3595.9793013461554
9314,2236,662,282,174,106,271,34,309,167,38,491,45,3.35300738158581,1,1,3,4472.543561388903
6960,2952,750,402,203,376,373,192,387,118,88,350,628,7.9229003556164805,24,1,3,0.0
6770,1638,293,260,276,285,67,192,402,52,19,213,586,0.05712090791084257,18,1,6,2333.1016242886444
3534,2418,721,192,190,194,388,22,189,152,42,314,526,6.652806071814324,18,0,5,0.0
6462,1200,607,486,125,481,277,128,149,190,24,216,888,2.4068635675876693,19,1,4,1618.9284358360833
7011,2573,299,296,195,476,285,158,454,146,86,459,391,0.7818579987116492,4,1,5,1076.673701760672
9836,1065,443,414,87,124,395,28,301,109,44,465,924,5.002137658616967,4,0,0,5259.470074525852
6398,894,257,305,283,390,325,23,255,133,63,382,506,3.665630691845585,26,0,5,2448.6723218187935
5155,2456,556,451,55,326,170,132,194,116,30,304,285,5.96639321332184,25,1,3,29.393329718009714
8966,1022,690,117,175,272,111,197,178,156,39,394,745,8.56170629597288,19,0,2,5146.590704434101
9957,2062,519,333,141,234,380,99,282,130,55,462,856,3.920417812430814,23,1,6,4359.327972352739
4004,1606,218,481,77,387,236,153,413,172,51,188,834,9.267298543322905,22,1,0,0.0
5499,1049,556,432,138,408,74,191,267,96,80,317,256,2.6848669293088143,22,0,4,1469.4478570922802
8325,1968,316,165,54,168,388,24,285,146,58,418,986,7.779211285253055,14,0,2,3223.7037608033725
9733,2634,335,343,236,380,145,68,427,55,33,174,663,6.4064850213171685,8,1,5,4312.733983367133
8135,1332,495,375,256,450,370,102,429,167,89,393,791,5.152319312328986,6,1,3,3018.2004073127914
3326,886,724,298,160,441,242,88,272,127,78,172,103,4.492977690233932,4,1,2,0.0
7703,1462,300,117,157,457,303,175,237,119,15,462,130,9.136148564834247,2,0,6,3777.3128770645862
5706,1921,579,171,250,432,116,139,457,116,11,324,448,6.483728586912307,23,0,1,973.6066996164827
3001,785,354,254,94,330,363,186,309,150,12,278,568,3.6114094530611682,20,0,5,0.0
4033,868,793,477,161,485,89,181,403,199,62,179,326,5.522140562701386,29,0,2,0.0
5481,1945,799,269,230,441,273,31,319,73,19,340,789,5.51247600759703,17,0,1,0.0
3124,2241,304,421,51,416,271,73,289,114,33,311,630,8.769921591031663,25,1,4,0.0
4104,1966,725,454,226,492,152,123,383,177,42,490,373,0.41573445272891196,15,1,4,0.0
9628,2276,327,381,250,406,367,99,213,149,93,260,266,4.407937411341658,12,1,6,4520.073989192121
5699,2043,600,250,139,357,297,92,119,81,31,176,451,5.1012745684627365,17,0,0,1221.1246839340995
4861,1414,771,360,264,272,211,184,187,118,70,134,81,1.5196091665419753,16,0,5,704.1988935171644
8269,787,728,179,164,131,313,180,425,120,76,167,394,0.007827829184381407,16,1,2,4557.605411652626
9943,594,756,205,112,299,74,196,396,94,13,162,736,0.021360750846740606,26,1,3,6268.361506024115
5920,2588,749,110,141,179,203,20,467,81,60,450,106,9.843627366223853,11,0,5,751.281287518226
3128,830,323,307,119,452,268,194,451,77,13,193,616,0.7590274743305847,9,1,6,0.0
3437,2336,559,495,235,174,303,184,361,146,48,230,577,0.902279974599397,29,1,1,0.0
7846,2304,263,229,53,363,264,156,494,63,40,396,437,1.2426900301824395,19,1,6,2789.11079873509
5548,1678,301,270,207,184,218,37,129,190,66,190,726,9.88752779354987,14,1,0,1383.5927620042762
6129,774,760,132,106,316,129,121,486,178,82,265,984,7.446435316586194,20,1,1,1808.1346945961066
4221,2088,476,123,96,220,121,104,153,162,39,477,520,4.0867268550089975,14,1,1,0.0
9354,2726,426,296,195,119,112,191,274,162,98,361,531,9.8704379510872,10,1,2,3843.6259029163157
3901,2456,222,145,271,248,124,134,349,79,48,476,621,5.603680059278576,9,1,1,0.0
9188,2275,263,373,268,106,312,82,109,83,34,107,750,8.070187165908372,13,0,5,4512.328789748563
6168,2684,356,330,157,476,147,22,374,95,67,409,776,0.7558588648876896,24,0,1,302.55994757071716
8398,1266,589,232,144,477,134,131,364,50,45,187,700,9.393254055524592,12,1,6,3955.097477717331
9678,1487,348,363,93,492,374,165,234,184,20,254,910,9.525202811421483,22,0,3,4735.78797472717
8529,2259,562,184,229,185,355,184,160,68,99,368,572,8.635421918921391,15,1,2,3326.4385509949648
9604,1703,663,466,226,485,322,39,113,190,55,311,763,1.6104179650574835,15,0,3,4297.998141220252
7486,2790,598,412,280,246,198,112,357,72,98,232,929,0.03289054070422348,8,1,6,1208.012944426246
6918,1619,604,104,207,415,55,55,400,115,30,426,639,8.984835031601309,12,0,0,2291.5527983500565
4067,696,331,368,229,286,158,23,375,180,11,157,974,3.0712029939300436,13,0,4,105.68231054564126
3026,1025,396,438,86,424,248,139,125,135,83,255,352,3.6301922527172623,29,1,5,0.0
9937,1131,234,320,112,400,380,128,138,136,48,136,747,4.70320738851845,14,0,1,6130.071905043927
3547,1910,619,293,61,417,387,97,345,121,42,320,661,3.176453247222377,16,0,2,0.0
5668,907,576,445,66,493,87,36,250,138,40,333,179,5.947885801903153,21,0,4,2122.011985563463
3566,1792,598,168,83,478,368,68,307,160,13,222,995,4.034245176761053,0,1,1,0.0
3703,1694,419,387,205,292,177,128,252,188,76,234,844,7.317431989418537,15,0,1,0.0
8338,2448,716,457,181,381,189,135,215,90,78,189,509,0.319058086649755,18,1,4,2835.387004440018
7280,1190,782,275,147,287,297,29,300,55,90,338,169,2.050590267402815,18,1,0,3209.778636789212
6140,2717,541,485,95,117,308,176,280,155,22,285,525,9.146854416255522,1,0,3,500.2942760266729
4590,658,615,424,63,414,196,139,480,94,74,182,636,0.45255417378768925,24,0,5,672.9203523269309
9009,2994,655,338,62,248,392,142,494,131,54,173,617,4.774714795292533,3,1,3,2760.658620037107
7943,2189,496,278,290,145,244,95,380,67,48,283,746,1.8140307990768056,4,1,4,2649.6520802941805
7694,2437,530,355,235,111,264,142,273,56,96,461,14,7.788942442159318,5,0,5,2537.8216020478194
3805,1517,538,310,98,329,290,156,254,78,98,209,32,5.197123776902256,7,1,6,0.0
6791,1580,497,498,295,212,182,109,455,193,62,450,501,7.187083328996868,25,0,6,1663.8324465582941
4357,611,511,326,227,259,78,168,418,123,40,327,386,8.29486806517555,7,1,6,846.3564950005377
6225,547,782,171,116,326,147,20,214,65,22,209,262,7.510899938070002,23,0,2,3365.69024650174
6618,2410,254,466,70,282,231,183,402,53,10,361,301,4.091507037236894,26,1,0,1466.7899619685136
5126,875,733,164,257,154,201,25,241,114,38,187,944,4.551093765157973,28,1,0,1052.3492906731483
9722,1327,304,265,100,365,152,130,378,121,70,385,423,6.550052284893577,20,0,5,5591.476308081846
8974,2580,374,313,87,134,337,165,115,178,81,108,40,7.4816035464254735,13,0,4,4352.366592240651
5460,1126,493,116,168,179,284,120,247,180,11,164,243,3.72142213995162,6,0,4,2009.3847135496524
3545,2419,750,435,75,105,182,158,486,113,21,405,52,7.7820067247108025,2,0,3,0.0
8728,1526,574,272,55,226,279,88,361,115,65,338,567,0.04931737206666398,25,0,2,4256.160176597258
9312,2391,649,228,67,167,84,168,128,138,50,498,68,9.120903365658311,27,0,3,4576.396769579713
5728,2589,644,102,282,289,129,126,359,106,36,413,281,5.957614788798068,11,1,4,361.8218287799311
6734,2556,259,482,163,343,291,125,213,150,98,233,371,5.656149995474618,18,1,4,1152.698340845108
9726,1318,591,483,183,108,393,28,107,159,47,306,484,5.61175361457233,12,0,0,5536.304978913823
5562,1156,589,347,218,256,182,21,403,67,61,426,257,0.39916424038854426,26,1,2,1556.7452918213808
5079,2311,411,169,106,170,58,132,354,155,89,401,305,9.494181886474944,20,1,4,502.11808515634226
9430,1289,734,151,227,233,302,151,183,88,41,446,124,7.641168601891718,0,0,0,5498.422168070002
5641,1959,439,477,74,399,82,109,115,173,97,493,768,7.157701664823355,6,0,3,501.2198170734429
6114,1654,687,358,97,419,396,31,402,170,11,195,67,7.011199068668309,5,1,3,1547.9041141544283
4926,2129,321,338,73,348,236,102,386,133,75,271,923,5.43641421072616,28,1,0,0.0
3616,2043,452,193,207,422,60,102,195,56,29,136,617,6.226799559281606,8,0,1,0.0
6644,2173,340,146,136,143,118,112,221,161,66,409,375,9.244114084364785,20,1,3,2066.1753775790617
9413,2404,651,174,94,215,187,58,325,194,71,201,889,3.6052788890925958,0,0,1,3954.7323036934386
4203,1936,352,190,92,497,180,181,128,117,95,327,57,5.976784238587419,7,0,0,92.36908962148313
4759,1435,507,185,121,492,300,78,175,85,57,333,57,3.9038019942871682,21,1,2,899.325222823533
5565,520,759,105,299,327,172,147,423,173,92,394,137,1.1873992840865133,25,0,4,1890.0744406705248
6174,1498,516,329,233,156,322,91,218,50,16,415,142,1.445111233735007,27,0,3,2331.137540237278
6081,1931,728,450,290,343,292,153,270,84,76,140,273,0.646406942058606,16,0,4,1001.9640010839084
5630,956,495,416,250,156,211,179,133,125,59,147,749,3.899546247447059,28,1,1,1824.1722753982754
6161,1967,544,142,119,242,144,47,361,194,43,433,934,3.4920030999882723,24,0,3,1118.5462157303239
7321,2527,780,411,82,291,211,94,404,129,96,357,702,1.2376930676859987,20,0,2,1344.037490989845
3669,764,796,297,146,106,372,60,287,81,78,251,139,4.49090769846182,27,0,2,330.6396388423032
8859,2731,481,469,94,374,333,91,150,84,76,109,199,2.1303604603033213,17,0,6,3819.479788195783
8012,2774,407,402,56,233,278,107,108,177,97,489,893,1.0120523506100831,0,1,2,2023.943391097101
9269,2546,751,281,155,138,165,174,232,68,43,230,681,3.219255738790708,28,1,2,3874.7491775916
6168,1468,295,268,195,292,270,72,465,142,52,289,576,6.74256971031873,11,0,4,1790.1715511597226
5121,1304,651,302,119,426,218,142,291,142,30,353,674,0.37248371471004016,21,0,4,358.8899674144366
8310,1753,572,293,94,124,364,30,115,129,21,429,325,6.861104338218579,26,1,6,4046.3619636736835
7078,1222,272,130,86,201,379,106,286,53,41,265,758,1.4271278196429937,13,0,1,3121.9424923224183
8801,1595,532,201,198,250,194,169,283,198,56,184,45,9.08654788406384,18,1,4,4883.370002486733
8938,1501,592,163,267,316,335,24,292,162,95,124,143,0.9755483872379145,0,1,1,4884.704423511173
9079,583,305,445,256,329,231,131,183,164,96,293,916,1.9138742317852586,21,0,4,5210.495867751737
7151,1239,300,190,221,366,357,181,483,111,64,135,566,2.276249824052101,29,1,1,3042.54784264946
3719,2257,558,349,295,261,324,81,493,178,74,420,780,6.634962616795272,5,1,6,0.0
5600,2493,528,282,207,386,86,178,274,132,77,271,901,8.11119509416648,19,0,0,0.0
9175,722,594,401,188,265,85,66,191,100,26,351,358,5.295406504618393,21,0,2,5846.30710551047
6598,2952,234,465,57,473,117,56,390,165,35,263,115,7.441587350422774,0,0,5,1403.6157000725418
7669,1692,356,450,182,469,170,130,161,157,42,443,412,8.874649934765888,28,1,6,3059.9439014983086
3666,828,472,379,57,346,204,45,132,194,73,342,129,6.10630835016064,20,0,3,554.1021849736749
3283,925,595,304,54,273,254,62,242,86,19,134,375,3.10448315631041,26,1,4,0.0
8840,2077,406,188,59,495,93,80,440,85,55,441,304,1.531035719470093,20,1,2,3972.8901065827195
6903,1269,505,392,64,108,338,185,461,118,82,465,835,5.887110383067906,21,1,4,1983.167627053314
6565,1719,735,384,279,496,139,147,222,151,99,243,851,8.364376892147842,20,1,1,1121.0970629003625
5234,1107,661,258,105,375,261,179,214,180,60,482,48,1.9036640030364371,16,1,5,1155.803323323683
7593,2352,451,462,163,158,112,88,472,192,43,263,135,9.994781736999819,2,0,4,2645.3108718592985
4465,2624,466,229,104,184,121,145,456,126,23,288,181,1.270962200874881,25,0,2,0.0
3129,2546,408,347,180,249,385,146,493,198,50,322,1,0.3909195929916809,22,1,2,0.0
7734,1800,766,239,90,420,339,172,179,154,99,168,899,6.85934609692731,4,0,6,2437.8451512519464
9257,1419,738,488,187,159,76,52,341,72,47,273,630,3.650559898699596,26,1,4,4775.7518919120985
5060,965,702,288,184,224,102,83,235,96,57,446,488,6.704339499992752,15,0,3,1233.213874542337
6672,2464,713,190,240,140,291,163,464,83,52,241,870,1.810002801529702,15,0,3,650.5653286353885
9587,1971,779,155,164,436,342,196,194,90,37,200,593,1.867837004273728,22,0,0,4368.857508122748
5494,2445,347,325,112,272,149,112,363,96,50,375,173,5.023451211351518,5,0,0,716.2104966984837
8081,1683,282,433,137,359,128,142,240,84,65,127,544,9.452708421573346,17,1,0,3724.8864333708425
3992,2860,241,426,203,425,375,34,187,184,90,470,521,3.7540110780610236,17,1,1,0.0
9858,2154,355,264,83,272,139,39,336,94,85,483,828,0.729022685353039,29,1,3,4704.024054448222
5121,2539,652,135,171,285,74,41,158,106,74,361,614,7.37193457177994,18,1,0,0.0
5584,1684,483,429,249,340,210,29,436,166,69,300,440,9.222246320623038,16,0,3,814.2970073806258
7196,2855,387,128,216,438,244,115,274,199,22,377,81,3.632050589847661,10,0,4,1869.4913328359942
5223,2198,673,179,237,193,250,175,159,160,78,442,978,4.570696924650312,9,0,4,0.0
7522,2636,706,457,246,162,215,156,268,119,61,352,990,9.514616091408424,17,1,4,1246.3406062431388
6188,1277,332,268,149,320,271,50,151,198,52,235,876,7.480420138753258,17,1,2,1826.831571823151
6237,2918,470,132,156,107,332,115,327,152,97,228,718,6.691297407099288,29,0,3,426.06640023731563
7136,2998,272,192,203,312,62,93,347,98,93,170,179,1.2847964334639117,18,1,5,2108.4121057502
7524,666,635,211,111,308,392,178,431,96,49,475,632,5.813161378053843,22,1,4,3340.512982717651
3343,2939,492,478,187,308,295,94,475,150,51,288,358,8.600560677286843,12,1,0,0.0
7461,1235,636,308,274,475,137,190,135,59,46,480,737,7.2651753989738035,9,0,4,2744.4811876456724
7704,1424,259,496,149,184,189,93,432,135,93,416,51,1.1616102594845457,10,0,3,3742.1437477013783
9800,1673,797,489,103,306,359,156,198,195,32,431,83,6.713074929220527,0,1,5,4887.108711382042
7823,1991,526,293,208,446,305,61,168,148,76,266,31,8.047979036453825,12,1,5,3236.4075168192066
5276,2489,381,363,87,252,325,93,240,87,78,180,637,3.816585516487956,3,1,1,11.513711804414129
7920,1566,633,346,163,260,195,197,299,85,88,149,383,7.5409408372883835,16,0,4,3720.220193029636
6201,1444,718,217,74,215,56,184,366,109,78,435,435,7.122503358616869,4,1,2,1980.111004290119
8471,528,282,327,286,461,295,103,107,123,67,295,283,3.3247747164130526,5,1,2,5335.051155275252
3888,2397,227,108,254,350,395,164,161,145,55,328,281,7.4228653504789595,7,1,6,0.0
5043,2155,465,298,114,499,253,195,239,123,96,364,422,6.396298262875262,16,0,5,0.0
4341,2372,482,376,149,282,289,21,494,123,56,108,997,3.1201494324965715,11,0,3,0.0
6720,1554,596,228,277,263,143,61,432,163,26,175,913,5.361087296335483,17,1,6,1736.3537544661938
5883,2197,582,401,227,427,359,125,496,186,18,250,621,4.568863745135108,8,0,3,0.0
8392,2675,780,161,201,179,57,158,460,62,77,331,522,0.5055164535000012,24,0,5,2606.19626075844
7212,2988,518,101,204,106,219,146,441,131,87,364,234,6.829847762430285,5,0,6,1830.1256526808202
9961,1911,392,459,259,424,168,92,209,160,39,471,585,1.363718936080256,21,1,6,4842.065206870862
5415,2289,426,430,227,186,295,192,271,106,70,277,61,2.4226422647915316,20,0,0,590.7538347338322
4117,2165,650,456,288,107,177,192,157,60,74,413,897,9.582470447817842,21,1,0,0.0
7263,1023,381,271,227,486,271,176,443,55,67,220,418,2.307498032195263,18,0,2,3111.2787387313365
6001,2070,526,344,192,469,112,181,496,191,36,142,937,3.9186150622296556,12,0,4,371.06894522760615
4738,2233,402,187,66,135,166,114,107,78,75,229,608,9.599127384080376,2,1,0,480.7556494807201
4364,1259,601,483,78,350,158,109,462,152,54,338,111,7.502919292197983,27,0,0,271.9472623831059
5708,2657,671,182,54,199,283,140,475,192,49,384,13,6.805202976271055,28,1,0,442.1263635221037
7790,1851,378,104,60,178,254,39,163,118,70,249,136,8.208399662295056,23,0,6,4261.959432613287
3924,1768,217,448,257,385,137,91,407,135,50,414,6,0.5938569703650232,29,0,0,0.0
3151,2285,662,138,229,370,374,89,489,68,83,210,22,8.871397842847198,16,0,0,0.0
3585,2352,745,483,211,320,289,165,426,195,97,233,312,2.522381020978024,3,1,4,0.0
3912,2710,602,421,130,295,247,136,377,79,93,338,454,1.5358598501101772,12,1,1,0.0
5321,898,592,400,82,325,53,71,290,66,51,284,192,8.295106934033265,17,1,0,2001.851698982462
8673,2946,499,174,291,186,155,44,321,193,71,307,147,2.8038572613234383,27,0,3,3490.5528433783165
3495,2169,550,200,98,157,156,85,178,117,89,484,568,2.385596834620608,22,1,1,0.0
6795,738,386,240,170,269,301,47,136,82,47,235,821,7.908698318558623,9,1,2,3474.740816764108
5148,2103,546,192,208,196,235,108,287,85,69,288,941,0.5572513489675046,20,1,4,0.0
3556,1646,608,218,67,245,275,39,247,60,58,171,743,0.7616537523720102,28,1,0,0.0
8201,2057,270,387,164,488,70,89,194,169,27,356,354,8.12990368817643,4,1,5,3558.23492771173
4552,2657,526,208,266,492,203,56,214,53,14,366,549,4.18873308835039,26,1,2,0.0
5120,1794,411,142,54,457,273,35,272,149,20,107,814,8.463729964402502,19,1,1,679.9502476329903
6085,799,508,235,207,470,135,182,221,54,13,150,243,7.893457818934978,11,1,1,2836.9656856392035
6504,2265,307,429,94,492,90,119,413,134,70,386,622,5.576056029645584,5,0,4,1145.824653990802
3156,1263,376,316,169,117,383,97,303,181,84,465,7,7.495530191048173,25,1,4,0.0
3734,748,626,494,264,283,221,33,264,163,21,263,990,1.4319848700365045,5,1,0,0.0
9275,533,730,255,177,242,209,43,321,84,58,299,18,1.9038486674916144,21,1,3,6206.828864518924
8523,727,617,138,87,433,209,102,358,75,37,190,964,8.426295703491451,25,1,4,4560.7018181291005
7654,1084,447,381,158,161,100,57,176,68,99,384,940,3.412731566695999,23,0,1,3539.4347051687723
9250,1223,408,427,259,262,167,101,174,86,43,483,545,0.049540995609931304,13,1,2,5071.929890011786
9408,1069,415,457,145,139,329,28,321,188,65,335,683,9.533501121693234,1,1,2,5286.167859907321
6276,719,637,125,143,278,221,140,300,115,74,181,463,7.118231117484748,3,0,2,2983.234105821502
3154,1894,510,131,78,334,381,78,321,177,15,300,262,8.453825870742328,29,0,4,0.0
3996,2622,582,145,213,479,133,70,192,80,42,263,872,9.127466152871651,1,0,0,0.0
5294,2141,470,255,186,159,342,128,137,195,56,354,20,6.312335861471339,24,1,1,884.9311419871916
7626,635,320,343,72,327,389,70,333,93,33,137,43,5.030839770872385,29,1,6,4733.512728157139
5905,2621,606,490,180,338,115,38,220,65,43,433,280,1.5082192802866534,28,1,4,466.45561978631196
9067,753,444,134,135,155,319,81,148,51,81,368,814,1.8851827589201042,5,0,4,5617.054755040238
9681,2454,265,377,233,333,393,29,133,108,25,267,129,4.5061848730610485,25,1,3,4916.124911077027
7824,549,427,341,297,183,320,185,253,169,89,407,959,0.6669437870417683,0,1,2,3640.2832110727445
4177,1014,336,477,217,302,110,150,229,57,25,379,327,7.867454588310845,9,0,1,612.4586114937999
3153,2337,393,358,286,140,226,195,478,85,93,288,594,5.58429256506611,22,1,2,0.0
7187,1075,688,145,233,116,166,188,155,156,23,330,105,9.260383749595801,21,1,0,3701.4124162527564
9481,1665,783,336,107,204,185,164,199,74,68,177,612,6.247250716893534,28,1,0,4857.208283381849
8599,1402,553,107,208,124,308,106,234,174,71,171,850,9.721891342858434,24,0,4,4370.42387041769
4716,2749,755,359,263,481,305,92,471,53,99,239,692,2.78748966135679,20,1,0,0.0
6202,2754,356,370,60,192,380,102,135,158,75,407,820,3.4991327370232073,7,0,1,486.3860181172904
9593,914,675,143,91,314,320,112,267,158,28,450,448,4.233224187384787,29,1,4,5780.585026688282
9112,2768,215,337,284,492,81,34,305,169,70,455,923,2.9533771925917742,22,0,1,2977.5286931912206
5857,1604,277,266,180,283,303,125,381,194,75,487,871,7.9565487297590085,10,0,2,694.0971371976487
3786,1262,251,475,234,316,316,119,183,190,35,494,461,5.33526169825552,23,0,0,0.0
7368,1062,713,175,63,250,331,95,174,134,98,283,662,4.551162988912942,21,1,0,3516.967767700742
9123,2916,703,256,95,473,56,97,189,128,58,333,391,4.5636040932726765,12,0,4,3291.0819328432876
9731,2015,260,300,196,357,397,162,220,161,28,332,34,8.144365004785833,11,0,6,5201.279057882998
7272,2434,331,333,173,400,88,134,198,166,58,106,478,2.4102520088193016,4,1,2,2183.090276813114
6767,1869,581,331,109,218,53,114,424,73,90,410,150,3.209233580937946,18,1,5,2114.3149320552648
5878,703,763,311,208,233,79,152,371,56,39,225,301,9.295520646005729,17,0,5,2483.0431386656846
3642,2076,742,253,85,306,215,63,174,166,85,175,70,3.9725978266707385,14,0,0,0.0
8994,568,609,467,209,362,356,22,452,112,66,488,513,9.956514592518474,11,0,6,4838.166020399546
7662,1015,354,312,240,421,85,66,236,199,94,486,210,4.373546956285014,13,0,0,3896.6068346104835
3665,2787,250,186,75,289,260,177,360,155,45,331,91,4.225679640814301,10,0,1,0.0
6426,860,294,117,114,257,162,31,311,123,49,343,549,5.93435752004734,4,1,0,3178.382409292525
6783,1964,722,290,179,175,166,34,475,61,37,419,35,8.466796114573764,18,0,4,2299.894559377792
8427,1554,723,407,119,151,365,185,142,153,55,495,435,7.19280537164381,1,1,1,3540.5937074789063
6701,2422,554,153,175,325,100,47,197,174,82,353,480,7.616492710588237,3,1,1,1555.3484016722964
8894,2152,244,315,222,193,64,196,385,71,91,260,380,9.768855917492434,8,0,4,4213.263418186859
4069,1206,404,141,255,391,250,106,173,96,97,230,695,7.963372017692446,26,1,4,0.0
5349,2125,630,448,269,390,396,194,227,93,41,253,529,4.672382686895501,7,0,2,0.0
7503,1156,455,329,274,421,173,94,131,65,96,393,421,6.566819276198763,14,0,6,3373.4280083570766
4212,1845,447,329,202,277,389,113,315,108,67,343,137,8.304778598077453,29,0,4,0.0
9965,843,732,281,89,486,205,31,372,83,85,332,793,1.6947350260895766,23,0,2,5801.61555887065
8949,1035,240,240,195,205,257,73,463,104,35,133,639,3.4761112391165296,13,0,3,5300.175571987892
4152,854,658,387,159,175,291,102,166,169,79,294,206,6.047773034951218,26,1,3,541.8602057401519
9704,1427,476,438,147,103,213,51,330,163,78,177,314,3.8005752310557614,22,1,6,5832.393670820713
8237,1482,394,436,297,410,309,148,482,123,96,336,863,0.540921103929648,6,0,5,2804.0957899405284
5511,2517,270,421,61,286,326,163,334,73,59,465,464,9.403118201367237,20,0,5,77.00991827107666
3143,2652,469,181,268,119,396,30,253,160,88,241,768,5.39853344011769,7,0,0,0.0
5489,1845,534,266,73,374,242,116,111,193,41,180,910,6.34702209183714,3,1,5,655.4286789441159
6228,2095,784,433,274,235,374,74,136,179,67,178,601,7.194426068340155,7,1,3,783.6025922806514
7582,2406,507,153,294,126,287,183,269,112,73,495,993,0.36377814976807477,8,1,1,1684.455608981541
7955,1026,626,172,256,235,99,49,412,96,86,394,117,1.8181420020936756,10,0,1,4411.5797583017975
6205,1430,398,312,220,117,262,87,111,68,37,207,323,9.03496052526592,23,1,0,2661.8228545950064
9031,2782,275,270,81,384,315,75,273,105,81,449,218,7.8722529763913975,8,1,5,3743.0690515929714
7243,2446,724,369,163,401,139,108,324,60,89,417,935,0.6607595198588689,16,0,5,1062.620435542204
8455,1786,429,318,258,486,193,117,254,135,48,276,262,7.876821762138448,17,1,3,3777.867533463797
6142,2416,284,235,276,492,215,36,433,170,89,414,163,8.997737155397381,20,1,5,948.9508708412591
6304,2093,361,134,96,237,116,180,106,185,54,406,748,1.670478282479081,8,0,3,1455.8534928893287
4357,1873,596,245,222,331,69,177,335,123,22,339,627,0.626411612378347,12,1,6,0.0
9954,1723,570,282,84,439,160,32,137,183,29,390,220,8.630297679998822,1,1,1,5716.4997250800525
5713,2459,762,177,254,356,118,159,397,148,67,278,303,6.007862661370137,16,1,2,69.4969330732855
7185,1465,414,407,171,318,74,143,343,99,28,215,916,9.899958646707333,20,0,5,2493.734405383252
4357,1463,200,352,177,231,394,51,222,153,84,130,827,7.052606908401459,22,1,0,178.23537840399828
7294,1396,576,427,186,456,359,106,254,78,89,395,654,5.110900644692132,11,0,6,2218.994039480574
7633,1858,611,491,59,355,61,112,493,70,18,241,518,2.45582990950565,28,0,0,2776.03194341977
6192,716,399,335,114,195,114,53,397,118,86,342,238,6.997726411642514,3,1,4,2957.7032914579004
3300,1122,382,421,236,373,231,102,345,137,28,223,873,0.7687883213388347,1,1,6,0.0
3723,852,609,436,147,433,283,31,462,128,64,127,475,4.156614327429308,9,0,5,0.0
8694,1191,597,176,234,400,372,23,140,77,48,344,700,3.466607111560047,29,1,4,4469.469816473868
6010,1130,415,473,287,467,182,108,364,105,26,111,520,6.029278568211267,3,1,3,1816.2993170932098
8555,2872,548,172,278,114,235,173,207,173,71,460,692,2.2195322847936785,26,0,0,2573.0410975491077
3067,1668,779,126,266,278,128,101,325,78,69,169,861,1.6293019464692515,23,1,4,0.0
6836,2855,793,137,263,359,181,147,273,52,51,423,242,1.4955749405290375,0,1,4,1034.5355843620998
6993,1153,240,353,59,187,324,177,204,118,11,196,248,3.105305880024307,16,0,0,3714.3607483382243
5506,2832,202,495,267,193,386,141,448,60,59,155,735,8.634683452676754,11,0,6,0.0
4537,891,293,185,196,432,360,181,437,154,76,104,619,3.972234346055974,8,0,6,520.3592990667497
3397,2907,258,456,281,494,366,52,281,102,29,492,716,8.91276206730403,17,1,0,0.0
7715,1268,606,458,158,127,249,178,192,105,10,161,173,7.4737504970937465,21,1,2,3918.8773893788493
6357,1296,217,130,282,284,150,75,218,186,14,202,736,7.154089275049636,29,1,2,2650.5785867376017
8680,1431,693,304,227,174,201,81,220,157,48,437,961,7.679772171209057,10,1,1,3896.6987423993974
4163,2470,707,292,298,153,265,50,286,151,96,223,83,5.038097429309052,23,0,5,0.0
7825,664,785,329,117,420,196,43,368,105,27,389,108,2.690668716356699,27,0,1,4319.941370331615
3555,1232,531,280,153,146,329,88,441,77,77,456,917,1.7864052652935558,9,0,2,0.0
9048,1080,368,344,54,347,359,198,115,131,99,456,802,4.969182717402319,9,1,6,4831.311042987369
9924,1320,405,139,206,333,282,117,131,65,31,223,89,3.7556242318168422,6,0,6,6567.611217090083
6661,1747,720,428,279,217,198,28,445,66,39,217,130,6.578325668945183,14,0,3,2063.5552268669057
4751,623,704,493,165,359,386,27,194,84,99,394,424,3.4910771960805445,15,1,2,801.2291169248508
5941,2471,545,256,54,329,324,126,205,144,10,207,818,0.5714735930122727,3,1,2,297.63447233157206
5657,843,503,267,109,389,230,183,473,86,79,368,20,3.7922165594432125,11,1,2,2107.5790090096066
5795,2374,314,257,114,340,200,112,274,162,90,487,540,8.844673433883864,14,1,3,482.7140436705017
5329,1023,286,229,176,431,342,88,468,79,60,108,754,7.06324090751958,20,1,3,1230.876521434912
9804,628,294,181,77,281,333,65,425,131,77,299,256,3.8597735121949994,25,0,6,6662.875009251109
8091,1658,627,255,132,416,253,157,390,193,83,337,148,2.1048858418056247,16,0,6,3340.831337408664
4959,2618,649,274,277,200,129,121,430,154,70,489,110,5.6619989533809925,5,1,1,0.0
4601,2820,740,387,178,347,376,93,136,96,57,388,836,9.352499849233261,2,1,4,0.0
5793,1710,201,187,78,448,198,146,121,77,62,147,746,5.801494539240585,12,0,3,1635.6033744656045
4480,1526,277,201,228,457,326,158,496,198,43,436,578,8.893846862023535,1,1,5,0.0
9230,1808,523,347,213,212,84,135,499,90,95,249,312,7.056339729705352,22,1,0,4630.624405908709
4102,521,297,305,209,320,265,27,317,94,95,277,601,1.201886081358935,3,0,6,740.7636984187038
6276,665,309,188,113,438,50,87,185,146,16,374,171,7.02908162873595,5,1,2,3456.999490826548
9934,1833,656,444,191,247,255,165,415,161,48,383,667,6.062111761555062,10,1,2,4563.668164696189
9447,2000,687,387,81,486,141,147,141,190,46,474,355,3.604848078832983,2,1,0,4535.889762413659
8499,997,570,409,287,395,140,141,240,168,72,216,482,9.535468851279168,9,1,2,4130.03853414607
9273,933,536,195,58,296,119,22,314,159,64,285,428,3.29756298348187,8,1,1,5829.38377338788
9739,2781,798,258,260,168,181,127,259,166,24,354,980,0.8421293734976598,18,1,4,3342.524955141778
4299,1336,221,213,188,387,306,162,378,107,92,462,61,2.4764178658649727,1,1,0,400.1610822584586
8818,2193,504,123,225,123,141,147,270,69,83,207,406,4.36340015731189,22,0,1,4581.90598670851
9701,1162,471,262,228,468,131,139,259,163,71,427,897,8.898315629593975,18,1,1,5008.518984106875
7994,1224,689,385,181,470,357,74,339,50,77,464,814,0.2871394613227263,0,0,5,2830.4336175523804
8302,875,645,452,90,285,148,89,457,72,59,348,68,7.973844749103246,20,0,1,4754.137818850156
6879,802,477,154,74,269,102,140,255,82,50,174,322,2.767335069136021,6,1,4,4050.129138080334
4535,2952,576,163,194,390,390,119,331,144,70,245,264,6.024601941782391,9,0,1,0.0
3077,2186,431,132,224,131,129,51,321,172,34,126,55,3.785228273601593,17,1,5,0.0
5831,1207,791,145,57,400,361,25,436,193,37,201,552,2.638202989167673,4,0,3,1414.6352255048307
6410,1416,625,318,107,275,392,163,269,150,91,392,341,5.074208208609533,7,1,4,2020.1347450028659
5721,2568,254,388,158,463,295,35,384,184,44,141,19,3.7447532028520003,6,0,3,792.8859350345625
6627,756,640,295,178,441,338,33,485,50,92,135,59,3.9324870007036985,21,1,5,3143.2242554573318
4532,898,233,352,51,276,328,81,342,195,62,460,552,1.6104002458643585,5,0,5,632.1926610169352
3237,550,528,385,59,389,311,165,457,88,93,261,803,1.4217220833681266,19,0,5,0.0
8253,2994,653,335,140,243,390,27,261,75,48,498,323,2.6119879807364486,9,1,1,2240.0521258809686
4996,1094,587,178,166,110,310,152,213,124,68,160,929,5.884278757701498,23,1,4,851.1736648474389
8311,1317,629,191,204,246,382,107,465,174,74,432,863,2.3301122399951026,5,1,3,3160.2549742964543
6427,1135,675,195,190,447,281,60,367,174,10,246,718,7.7333822267414725,11,0,6,1933.193966911701
3277,1572,324,327,112,409,297,130,190,106,54,199,142,8.146173722361604,9,0,6,0.0
6089,2152,722,385,60,294,304,78,395,66,28,176,959,1.6151229561712954,6,0,3,364.4157803932171
3523,1641,681,461,191,175,132,28,456,184,57,490,464,9.760847524246458,6,0,2,0.0
7275,1976,516,334,145,259,314,61,407,151,58,100,297,2.6641675441316313,22,0,2,2653.751200447987
7218,1274,321,201,257,199,52,37,417,61,82,115,925,0.7276455553077554,29,1,2,3254.4582672355286
8365,2470,746,351,173,215,272,65,424,87,23,315,99,4.38386906434321,15,1,4,3167.9134508464563
8853,2164,780,239,142,479,299,142,465,103,76,182,12,1.8157652418296666,26,0,3,3753.8459144901444
6122,896,512,422,151,182,241,195,416,121,39,190,581,7.844065128622882,0,1,0,2065.5629316062236
8190,1895,686,242,147,411,95,47,439,64,74,339,798,1.1498115468345749,2,0,4,3004.102221619776
7575,1620,211,339,75,162,344,56,401,79,78,274,915,4.83609770638473,25,0,5,2904.981470013396
4797,1028,324,365,246,231,318,93,332,104,96,228,399,0.8367527790028417,6,0,1,1129.343207509902
5131,1184,276,441,260,347,90,39,171,122,15,190,275,8.987122671778339,3,0,6,1808.1418516147392
9708,2733,779,160,88,494,188,185,206,158,93,241,833,3.086016213836631,27,0,0,3463.475493886642
9762,2762,435,122,141,230,90,188,149,198,55,430,655,6.1679012167063245,4,1,6,4212.932690121557
9500,2763,770,110,205,466,380,131,460,109,51,355,802,7.294351366772061,4,1,1,2771.8231714928493
3815,2576,453,115,194,257,224,143,101,185,81,186,189,0.3209016441580692,5,0,4,0.0
5694,601,605,148,214,315,340,167,165,169,70,402,466,3.815136252117395,7,0,5,2182.8335608203656
3442,622,442,465,157,425,372,170,457,122,40,287,252,2.832651005331359,12,1,5,0.0
6140,2601,660,435,260,133,329,69,270,75,88,183,166,5.461034227493706,21,0,5,805.4429441289002
9666,1806,476,497,204,474,143,152,314,133,35,216,739,7.709711928402934,8,0,2,4714.928279602455
3142,2137,668,489,291,431,389,92,237,172,67,355,223,1.3058823319010082,7,1,4,0.0
7287,1640,419,269,125,397,254,62,464,119,42,125,430,4.75166999867162,15,0,5,3023.478463568622
4410,1115,424,218,116,378,105,145,280,109,61,373,610,1.303272318026767,13,1,1,527.8701172338345
7473,1056,300,141,171,395,280,124,447,174,41,263,756,7.899729402770347,15,1,2,3411.109217790041
9724,613,706,109,245,114,309,55,310,134,63,321,771,7.850155649516752,12,1,4,5721.62263303582
3534,2066,786,148,224,214,269,120,383,139,10,295,800,3.3071505020773606,3,1,5,0.0
4716,1476,530,364,160,156,217,22,483,118,14,438,709,3.280502250754581,5,1,6,0.0
6364,1200,436,306,252,466,220,55,101,122,31,161,884,5.992386773502466,14,0,2,1956.9364195144574
4032,1816,538,266,211,241,363,131,256,173,14,296,375,9.972802619228348,10,0,4,0.0
6342,2839,705,101,67,306,367,64,407,94,17,237,927,9.805199190033248,25,0,5,164.74259309627095
4410,760,364,167,84,239,186,119,241,110,79,404,706,3.1567196800363506,20,1,3,786.4004999882186
9236,2596,417,407,67,206,327,176,127,160,72,206,51,8.295843391034655,16,1,1,4383.618683157396
9085,1529,575,309,287,472,309,173,356,130,19,282,788,3.154815372501092,26,0,3,3781.7901965647034
9672,878,211,238,247,390,340,155,399,153,71,142,871,5.114544338549461,13,1,1,5723.747179024086
8273,2409,631,136,211,177,338,92,347,160,49,174,793,0.3171424517333987,19,0,6,2795.7896326331424
7500,2771,282,317,210,101,184,169,435,68,56,150,558,9.404185450538773,0,1,3,2281.5959799300417
9983,1546,630,377,177,373,154,88,184,57,89,249,390,7.347449955744011,1,1,4,5554.541403133551
4172,1507,677,279,249,134,276,191,342,183,65,398,870,8.65364631823345,22,1,5,0.0
3888,609,568,104,283,364,239,188,305,137,37,363,927,5.579281073345176,29,0,4,0.0
6338,1922,340,229,176,494,244,183,372,109,65,481,100,0.6545720151491741,5,1,1,1606.564129580882
7517,1505,655,232,133,317,113,177,370,168,10,102,890,4.391619085023624,21,0,1,2678.12338850311
4641,1197,701,198,291,166,220,68,147,196,61,268,846,3.6735399235660604,4,0,4,313.17385629388724
3471,805,602,259,261,168,67,128,145,174,91,152,259,5.153163615915761,25,0,5,299.44451534503435
5940,2105,487,335,92,323,308,138,276,140,71,245,720,2.1022539117468897,1,0,3,628.2270987642291
3546,2231,554,246,131,460,364,36,369,137,51,405,165,4.516487942956208,3,0,4,0.0
7726,1458,542,458,76,393,239,177,327,176,56,110,760,0.2941806366174593,26,0,6,2883.937579610477
6597,1453,348,214,97,425,344,143,486,118,46,249,337,1.4910398092248,12,1,5,2307.9400292964265
8133,1674,409,103,118,302,369,23,455,193,20,460,720,8.714529432432819,3,1,5,3155.4069488801715
5825,2130,311,186,248,180,302,182,353,88,76,162,361,3.7793719638052057,23,0,2,1065.151948670005
6723,2291,735,145,199,165,130,103,345,146,38,214,884,4.290353270074323,18,1,1,1453.577838532678
8925,2471,248,182,211,396,109,164,489,100,13,306,883,3.5723985074885456,23,0,2,3207.3725879493477
3363,566,530,253,220,379,154,154,481,182,20,235,141,6.206735462240099,10,1,1,0.0
5166,1679,564,405,254,360,310,122,121,165,39,182,51,0.049327928601774484,7,1,0,844.7636351903033
6309,1334,210,381,165,376,304,136,121,132,88,172,768,9.483939522925384,16,0,6,2184.091379804144
3545,705,387,426,273,105,95,81,323,164,88,168,416,5.542103346058495,6,0,4,238.00604559960613
6240,654,708,387,265,231,181,77,446,90,67,427,656,3.809670706486714,22,0,1,2011.9145380108048
9665,2214,779,210,173,364,63,191,298,134,41,324,671,8.633203557214799,6,0,2,4103.630300795739
7729,2032,644,216,65,424,316,77,330,108,38,212,295,4.9661331840901255,3,1,5,3077.988910296415
4936,2095,289,196,175,167,71,125,431,141,52,114,368,0.9291600900995001,3,0,1,497.5788301701025
8776,2545,647,381,63,225,155,91,435,196,94,498,681,9.128426329143451,10,0,4,2773.8413742296766
3962,1990,231,288,88,492,54,156,329,129,48,460,158,3.8659041904686564,4,1,3,0.0
6005,1207,526,187,248,414,230,25,296,111,20,362,613,5.719313117478686,24,1,3,1709.9326458167002
6806,2434,273,406,157,270,198,38,333,57,36,312,806,9.443957285134854,29,1,5,1358.4715713987225
3882,678,450,186,61,435,384,105,468,95,33,209,410,2.9511435720094603,6,1,4,139.64355925602106
6840,1571,649,125,261,128,329,130,390,151,46,420,180,1.7799817992743894,29,0,1,2465.4802588492557
9923,1595,554,479,146,275,62,167,364,189,74,445,815,8.65373563982298,13,1,6,4829.782748401679
3870,612,732,130,104,406,75,83,256,137,41,225,888,5.22025031939635,22,0,2,269.5109786736525
7611,1256,495,225,183,391,89,174,126,114,62,447,336,6.951517895891454,28,0,1,3831.536091018015
5985,1396,497,297,89,431,331,154,323,72,10,108,477,1.1064340160397834,1,0,3,1872.8742439984553
8516,2426,527,400,140,204,335,137,301,88,65,253,742,6.962362643746847,7,1,6,2721.587039999608
3865,658,501,130,62,144,113,43,188,109,43,470,645,5.740797034090459,26,0,2,851.6512804125028
9249,1285,711,466,118,200,160,142,414,93,91,104,440,3.277919385251662,21,0,2,4917.472867884215
8204,2303,537,416,201,325,378,27,269,119,38,209,714,8.496151398633272,29,0,2,2596.3517704338474
7309,2339,784,331,251,203,137,86,393,165,15,373,901,4.605567267738642,9,1,4,1389.1159875645787
6203,2798,573,144,236,361,173,30,444,83,66,152,221,4.08768931977823,28,1,0,927.1388066349549
5897,2042,752,415,223,352,195,119,487,74,23,319,81,1.834015505916925,13,0,3,713.5546990056467
5244,612,293,288,297,264,263,85,462,188,84,296,808,2.5463997848697217,14,0,2,1324.9503514723656
3018,758,331,151,145,391,177,148,279,97,78,416,387,2.7325004323202826,24,0,6,0.0
3641,2654,252,151,250,311,343,26,399,114,71,190,479,4.057972448047313,10,0,2,0.0
6083,1074,695,431,290,243,198,43,122,151,95,327,520,5.008403019198875,6,0,6,1834.1132479265532
8200,1881,428,417,276,335,376,159,301,187,60,261,66,9.902934082396035,18,1,5,3627.306911291788
3329,2306,411,422,221,121,189,82,425,187,22,177,538,5.450084222229967,29,0,4,0.0
3865,1722,703,178,253,168,341,91,176,67,85,274,322,4.671437762638789,24,1,4,0.0
3773,2974,694,148,60,168,171,160,322,122,13,382,45,6.397282070615663,5,0,1,0.0
7487,2001,432,329,167,345,60,107,424,94,47,485,474,7.555694627137003,6,1,0,2593.9142907579344
7732,1358,270,443,110,162,332,135,287,155,13,108,692,9.793945447867618,21,1,6,3719.0807693764914
5354,2096,388,470,85,336,301,43,350,186,39,302,183,9.980954510918004,3,0,2,619.6010181973577
6338,2061,207,143,249,430,243,57,487,85,63,409,184,8.608934437578501,13,0,5,1766.674425668024
6518,2891,531,391,187,462,379,29,230,192,74,232,995,0.42542743044784115,23,1,0,0.0
5942,2683,215,346,255,118,244,177,122,179,70,302,460,0.4192601407009,4,0,4,736.8224240010045
9795,776,292,318,271,330,130,107,136,181,58,102,893,3.231112785057068,10,0,1,6125.611434351968
9984,2512,461,121,178,328,156,46,117,144,40,445,623,8.678710699640446,15,1,6,4742.117606059677
8121,2578,748,229,112,457,370,49,454,69,51,497,647,7.613461853139329,6,1,0,1821.9393358576888
5567,746,360,106,189,481,255,147,360,94,59,364,13,6.293339065850015,26,1,2,2384.2092141394032
4674,910,550,371,54,226,258,136,140,117,32,310,985,1.9279785851608877,25,1,6,628.9994557608475
5683,2574,373,449,127,245,176,21,447,135,87,308,356,9.714673588183878,15,1,1,375.754199319905
6380,572,516,143,85,469,83,27,478,119,90,157,312,8.986100084904619,17,0,5,3402.0777466273553
3739,1620,217,339,194,428,113,164,437,167,69,465,540,9.133118595391304,24,0,2,0.0
4545,1172,685,465,235,213,66,67,171,80,41,433,898,5.077471149680891,8,1,2,225.97525863032573
7564,1869,566,164,199,342,298,83,239,176,65,237,471,3.678811683249127,7,0,0,2855.569803518289
5259,1823,550,345,208,244,154,160,313,184,65,480,910,6.371340982118371,13,1,6,0.0
4135,786,727,172,203,140,394,168,105,118,96,490,356,6.562990990778753,27,0,3,283.3244793420864
8127,2408,634,170,62,260,157,126,218,53,43,240,141,9.273584045848995,7,0,6,3715.3633060752595
9947,711,469,296,240,437,271,149,466,86,50,390,871,5.715073859513317,5,1,3,5607.644198930364
9620,900,267,288,244,176,225,146,467,167,48,288,478,8.787714171289077,10,0,2,6073.1188963144
3873,1154,229,257,284,267,277,103,168,51,95,450,778,3.1545862206172446,28,1,0,0.0
7555,997,515,429,112,383,239,170,494,66,51,137,380,0.42493670081783064,19,0,6,3561.5878014253717
5300,1851,363,124,60,209,262,35,476,66,75,333,281,4.363612728910025,12,1,2,1032.6287045985048
8645,597,519,437,118,294,270,160,176,100,29,264,192,1.998870260552884,20,0,1,5486.847258917228
3751,2913,213,170,241,327,373,151,375,163,23,169,280,7.780494922948695,21,1,4,0.0
8557,962,478,412,151,266,211,21,450,77,47,107,61,8.047766064050514,21,0,6,5279.732120497395
8873,2575,631,322,245,120,347,133,191,171,46,316,660,7.830469876701299,26,0,6,3041.1449995911175
3853,772,462,259,81,264,298,84,252,95,46,168,306,4.628224854071278,0,0,4,731.521436704414
6732,1650,721,405,251,229,239,45,467,163,21,429,97,8.928692209343355,0,0,3,2139.680088915821
5283,2749,371,174,59,361,61,49,117,158,65,378,578,4.455710218855145,8,0,4,115.89226864719132
4329,2997,557,237,157,151,117,137,422,176,17,484,368,5.99926434233875,4,0,3,0.0
3477,1611,212,140,103,360,90,57,134,155,30,368,437,2.1345999810888405,6,1,5,0.0
5726,518,431,402,232,274,309,167,201,136,48,200,262,0.23867852516215815,14,0,6,2584.8730347958954
6091,2116,675,497,131,398,175,44,370,151,57,182,522,6.04450520247175,5,1,5,698.0417537676755
9359,1981,670,486,239,195,275,144,406,98,27,189,478,6.530948429426235,19,1,3,4120.548479302264
9998,2858,359,433,288,456,259,71,486,194,72,467,857,9.290450833546398,0,1,1,3037.198934470655
7230,911,759,408,232,469,382,102,376,76,92,149,790,8.448120685434759,5,1,6,2434.070281624332
8248,1241,460,115,136,139,379,110,358,60,83,278,975,7.760312048668485,10,1,1,3728.816830611595
7505,2791,772,474,131,494,314,157,134,173,18,476,241,7.003004138477715,14,1,5,1413.0817688253549
8541,1903,558,288,84,308,220,188,107,157,96,156,466,4.318468211965759,21,1,3,3856.717529493197
8413,1014,454,127,116,241,50,80,358,85,39,140,147,4.887249921727256,17,0,4,5434.082231043257
4269,706,714,262,114,357,398,130,409,170,95,431,953,7.7934687592074745,21,1,4,0.0
8675,1447,479,485,66,266,258,21,467,193,68,335,118,1.5882179423022247,9,0,3,4406.504880112254
7181,2941,316,416,91,290,290,100,485,109,64,134,329,7.174779839635052,23,1,6,1780.850350469519
5603,2328,361,154,236,418,121,154,299,146,79,323,811,6.249456661745332,27,0,2,262.1055411686946
8961,2498,497,373,247,218,322,79,239,71,59,176,119,2.2438178692471022,9,0,2,4028.0941778879514
4469,2749,496,404,170,245,138,99,118,126,70,388,184,4.455007226608377,25,0,5,0.0
3377,2667,793,201,170,449,69,132,184,170,44,280,621,7.822540592622116,25,1,1,0.0
4680,2172,557,141,188,434,364,46,121,87,23,103,533,1.1564768525359403,17,1,1,0.0
8170,2330,717,362,127,228,190,20,334,114,78,219,982,6.241030955622141,7,0,4,2366.3870013341184
3241,2936,577,487,290,244,382,105,385,135,55,357,775,4.20893446542966,5,1,4,0.0
3919,2060,625,270,77,153,224,174,437,176,91,107,102,2.5056116011479865,22,0,4,0.0
8682,2347,736,307,88,221,99,99,489,176,44,179,12,8.914172256229495,25,1,6,3900.1701706855797
9409,2781,752,414,231,223,143,79,228,64,80,377,332,4.775383546969146,14,1,5,3661.2342585986125
9855,2156,368,148,149,266,217,72,492,157,51,301,902,9.878533563267311,0,1,5,4577.745206590443
8367,1101,714,159,60,421,104,55,151,128,62,172,284,6.351182054108579,28,1,3,4937.811509163337
3069,1843,563,105,164,242,100,171,128,80,28,478,940,3.3059285461116596,18,0,6,0.0
6924,1211,629,247,282,121,381,54,417,116,54,345,776,2.9936688045503432,26,0,1,2018.1148470944681
9200,1481,768,386,235,375,319,52,128,82,63,331,857,6.9372502293095195,26,1,1,4179.838542316012
8501,1703,282,310,166,448,194,164,232,146,73,480,133,3.4844756079306727,17,0,2,4329.219906549817
5086,1891,529,471,217,398,126,88,310,141,84,308,544,5.774436226211778,3,1,5,0.0
5007,2623,332,249,293,376,178,182,121,102,50,385,284,5.660990039870266,22,0,0,0.0
3800,1329,797,184,181,403,160,126,276,193,26,174,850,0.15514892974040073,7,1,1,0.0
8137,1049,656,259,113,421,50,194,218,182,20,282,799,6.929425828816314,7,1,1,3846.781344282942
5779,1145,552,146,225,214,75,117,235,188,12,370,916,5.671128193671691,23,1,0,1597.9422293751154
7920,1744,543,261,247,371,165,115,470,61,19,426,696,8.103270595664426,4,0,0,2815.6829138624216
3755,1345,293,254,279,267,223,108,181,70,33,160,272,9.390772149726338,15,0,6,231.51196565172577
9495,2600,581,329,132,376,62,78,463,195,65,422,609,4.884525509359899,10,0,0,3678.247997205404
4995,949,494,399,208,456,83,80,167,191,35,250,466,7.7587289658754415,10,0,1,1223.8438521159528
8935,2609,397,257,51,363,367,169,139,82,78,382,828,4.688977758342415,24,0,4,3241.810191825607
4321,543,278,260,92,349,281,46,190,198,33,193,842,2.9235740293628307,13,1,1,948.2973783115204
5330,2081,750,346,266,465,122,131,251,84,53,115,59,9.009024233836168,10,0,5,678.655896282921
8705,1158,413,155,291,354,100,109,321,112,35,241,675,6.166703673350419,12,1,6,4618.495687355918
3109,1227,358,250,90,441,260,34,175,163,80,185,373,0.6058637167133396,21,1,3,0.0
4016,2594,756,398,109,157,264,183,334,166,85,469,662,9.344694989722417,7,0,2,0.0
9057,1547,400,153,161,104,90,128,240,168,66,365,766,4.172214761822675,13,0,5,4809.303324063698
9687,2180,221,322,252,210,360,60,487,174,45,157,342,6.68410391102789,19,1,3,4858.255269474106
8865,2636,538,353,223,464,143,192,189,197,26,384,353,9.592638846774936,0,0,0,3235.276785979894
6865,1697,441,167,89,385,238,190,164,112,89,231,994,5.340137331297253,20,1,1,2115.915657274038
3024,1642,437,152,108,450,184,31,254,154,27,305,400,5.981130229142746,18,0,1,0.0
7938,2191,348,344,94,364,255,115,314,167,75,488,268,1.885471615364921,24,1,2,2847.3635773802107
5838,2725,778,139,91,348,51,23,461,189,19,137,735,7.78005541405268,27,1,2,154.41712499977137
3737,2355,206,441,168,194,253,138,457,81,70,167,848,5.216348902968832,4,1,2,0.0
9200,2447,432,492,285,450,290,24,238,156,48,302,261,4.867795674634408,23,0,2,3808.035020672531
3179,1865,778,450,198,396,307,149,330,146,23,473,755,1.7755876833552708,3,0,3,0.0
3231,937,276,237,180,406,205,65,141,97,56,111,190,4.411368329853344,3,1,3,344.96404904559665
4917,1951,688,365,243,284,103,94,335,169,19,151,682,9.487704908173102,1,1,2,0.0
3342,925,286,237,188,328,143,145,185,69,64,450,425,3.875717061659887,7,0,5,0.0
7572,1467,421,391,73,416,363,156,447,154,33,430,495,2.2182019805111053,28,0,2,2679.41279522864
8918,1904,612,309,99,361,110,155,265,150,49,330,682,5.985683651287196,15,0,3,3972.8927992677873
5623,985,783,271,137,218,217,77,297,86,72,430,995,5.080506672892869,13,1,1,1067.655064099538
3454,2255,401,284,70,333,323,122,444,89,43,170,664,4.797304923702947,15,0,1,0.0
8351,2079,770,398,202,381,74,82,161,168,58,475,823,1.632583379282162,26,0,4,2655.283177668883
7384,2396,475,339,181,301,97,162,487,105,72,421,946,9.086745858693977,8,0,1,1568.164438433181
8332,550,420,310,281,361,238,92,133,63,18,420,66,6.078662239580893,23,1,1,5291.897003529389
9401,2856,356,462,174,152,102,189,381,139,56,188,567,6.214174209008744,7,1,5,3869.1637309851535
7625,1557,380,250,92,416,290,197,330,83,54,428,622,1.1862651604887886,12,1,4,3071.823674062978
9830,2159,328,487,224,260,76,113,472,55,45,145,702,4.556386008765453,4,1,5,4822.932515858086
5276,2112,442,495,72,343,108,198,409,95,18,215,14,5.83053970554462,24,0,4,638.7443158746435
3595,2427,371,223,237,193,235,172,266,168,20,455,446,9.235755676533348,12,0,6,0.0
6874,704,702,148,265,139,190,169,312,199,94,448,301,5.803240427864935,12,0,3,3242.25133189288
7530,1593,679,496,70,379,106,41,376,148,86,365,764,9.585418691120584,24,0,6,2550.499973122845
7977,1032,469,223,243,191,244,113,153,132,33,190,529,6.919070125016049,4,0,6,4399.513013357085
8877,2655,620,167,264,400,155,136,283,163,10,118,521,1.5616316739287128,13,1,2,3154.655632660754
7497,1764,362,457,228,137,329,93,320,113,70,438,644,0.6503179576825169,8,0,3,2434.378784584299
5669,750,223,330,192,342,217,83,197,145,94,216,421,5.48363522533351,16,1,2,2421.412759495461
5135,634,696,445,107,463,384,169,162,60,78,216,468,9.443317929017102,18,0,1,1235.4529207953997
9727,2114,392,108,75,235,295,160,141,117,30,375,171,3.1910968738592436,4,0,2,5588.711481792463
6964,906,589,365,267,163,389,174,348,110,13,216,128,8.84185665649231,7,0,4,3275.499953287373
4565,601,696,224,269,442,263,66,209,125,67,377,564,1.4607189771793394,18,1,4,585.1007967453234
3308,1884,328,470,108,462,51,110,253,105,81,283,811,7.4115375804056,2,1,5,0.0
3342,2051,752,420,139,300,353,40,296,112,16,122,792,4.161395550027133,22,0,2,0.0
3435,2131,742,211,94,406,231,50,247,79,10,474,554,0.12940236883241973,10,1,2,0.0
3176,1816,235,427,243,361,351,140,471,59,78,317,156,2.894306861755477,9,0,2,0.0
3138,903,656,429,212,274,232,57,309,50,86,216,425,4.007158387650924,19,0,1,0.0
3193,1313,560,153,273,276,144,58,483,97,73,290,993,4.376976941331999,5,1,6,0.0
6257,2129,414,188,143,184,205,183,342,181,99,441,622,1.7157340451282188,20,0,1,954.6199645664581
6235,1526,486,194,159,259,229,119,206,168,85,236,442,6.165723479007975,18,0,1,1973.8564034939093
8280,1520,568,458,113,281,146,30,104,166,17,199,594,8.465014096035855,13,0,1,4030.798526106287
3942,2724,668,349,133,135,326,88,243,116,69,277,181,6.884774129311799,1,0,0,0.0
7620,1780,385,416,299,444,287,53,236,179,43,288,50,7.990646767117909,25,0,0,3278.031150473346
6879,2945,673,265,126,198,392,24,380,154,95,327,683,3.4820795995522613,4,1,3,521.8832399952627
8720,2019,260,326,76,325,347,39,265,107,18,451,309,8.442235158227614,12,0,6,4213.91194073065
6113,719,461,235,136,136,62,82,235,55,82,451,950,0.056849235260837405,11,1,2,2655.983858079315
5962,2504,310,483,299,372,350,64,227,66,54,225,786,8.277944337087833,7,1,1,282.0214475837393
9353,672,340,164,257,371,395,189,164,72,91,325,483,0.2760744851391883,27,0,1,5898.823609862994
7836,1913,734,104,208,285,231,32,388,89,26,416,255,6.460905087153282,23,1,4,3273.8056046770507
7957,1001,278,219,61,148,204,156,479,125,16,125,764,2.0607128244277684,17,0,6,4401.7964623415655
3953,2312,693,470,274,193,300,152,227,173,60,217,511,4.935398773176459,16,1,6,0.0
4302,2678,230,318,151,406,330,185,296,190,25,329,188,4.042284329021999,10,1,6,0.0
8370,1297,715,464,94,325,226,113,181,173,66,340,523,9.576907350389058,28,0,0,4014.2215936478487
6381,1429,708,142,177,104,120,196,391,147,34,102,799,3.2312981059519563,14,0,5,2051.205541400204
8839,1222,265,287,81,452,133,111,183,69,31,293,725,6.645324619756222,4,0,5,4907.282081074949
5880,2762,709,125,103,273,238,120,251,59,64,263,640,5.170792539740221,19,0,6,165.40813595673444
5187,1833,570,366,297,282,141,175,288,101,43,428,256,3.789037915314717,18,0,1,339.04346359712247
7887,1774,486,261,243,172,118,140,310,112,24,478,740,6.510944245529609,12,1,2,2860.1351092074015
3545,987,375,332,291,244,357,143,127,175,25,315,279,1.3978234005469614,19,0,4,20.319403199677765
8940,2457,322,229,162,495,213,190,159,135,25,189,844,7.327275379866291,16,0,3,3649.425111786663
8112,1717,430,120,164,251,228,188,193,99,47,401,752,5.863964257241897,26,1,6,3581.682351171168
4927,1964,754,470,264,155,82,191,434,114,95,420,304,7.703158442304129,18,0,3,0.0
8649,812,203,227,81,282,102,176,213,93,41,204,603,7.5433718125297125,3,1,6,5498.200761911985
7152,578,611,175,192,221,265,87,428,57,52,464,480,4.76193460885007,27,1,5,3452.6864499250064
9255,2727,449,172,153,343,251,44,223,58,97,204,601,4.182499745117218,25,1,0,3958.476925216679
3004,1174,686,332,104,481,87,33,138,72,59,437,272,8.557935253576925,4,1,2,0.0
6481,2237,544,442,90,303,310,81,356,65,96,313,280,9.121310384626064,0,0,2,1361.819204537697
8533,513,532,205,176,178,80,164,112,114,66,304,62,4.19428844864168,11,1,3,5883.231548540797
6253,2793,652,488,89,115,337,136,327,162,47,499,927,9.293454514951833,9,1,5,0.0
4362,2545,357,108,121,225,54,166,293,87,32,146,1,9.213231108824191,12,1,1,157.5736656805288
4820,1537,776,218,284,186,228,176,141,171,98,214,501,1.29648779897658,18,1,6,376.1821896797186
8378,2646,469,149,163,377,103,119,284,163,99,448,362,4.642425929764933,15,0,1,3002.594425621525
9233,532,786,109,226,465,268,85,134,57,45,376,797,8.054076298338664,26,1,4,5246.994890292635
5663,1959,617,212,263,450,333,64,136,81,59,492,113,1.4975374579691536,1,0,4,843.419465295634
5938,756,639,365,296,142,317,90,174,89,22,303,205,2.4040725350959935,23,1,2,2653.9120668605497
9841,533,228,177,87,178,249,47,349,62,13,363,588,5.532814828754703,8,0,0,7030.770672090174
4273,2566,534,135,296,376,322,78,226,172,45,429,164,1.2190965384552699,23,1,1,0.0
6326,1783,437,301,105,478,313,27,119,76,72,274,756,3.3655674418852954,4,1,5,1590.4425739822652
6659,2349,352,411,83,363,275,29,315,120,93,311,74,5.1471446051432626,25,1,1,1871.04271622401
5945,2684,314,217,178,404,67,40,346,52,88,307,570,7.914619912478881,10,1,0,743.5459133777118
6018,858,598,289,59,327,292,54,307,134,63,464,684,1.5769280951836329,3,0,1,1770.3878697873115
4131,1253,231,341,217,224,166,23,250,110,88,494,431,7.215909199954567,18,0,6,233.01294467398807
7763,2102,731,392,65,205,59,104,412,121,86,156,72,9.478553553104359,24,0,1,3335.6891600855447
9737,903,252,268,265,329,88,44,265,194,69,339,227,2.070189996670233,7,1,0,6563.310963500005
5636,1725,394,329,223,233,90,39,402,78,23,450,21,2.271601961374846,26,1,5,1538.1864681224454
9628,1899,504,147,201,180,157,115,207,121,69,482,835,7.844923519481753,15,0,0,4742.674244979592
6029,2797,544,249,289,459,93,115,448,92,69,342,990,1.3445487551863033,16,1,5,0.0
6019,2993,281,442,63,208,246,146,227,57,31,261,170,4.702564156177211,10,0,5,917.3828801507196
8377,777,200,307,139,274,348,41,257,155,74,487,229,4.134505602792485,26,1,5,5135.211314590594
9782,611,366,160,216,263,258,68,448,173,74,277,754,5.11288893631901,8,1,4,6029.202323522948
8092,2486,516,430,67,224,225,108,335,104,40,349,371,5.190339693690422,8,0,4,2788.9080219398497
9022,891,382,216,133,447,324,25,221,116,74,403,488,5.57761486929812,23,0,0,5289.0179125070545
7377,1468,472,338,218,476,326,198,398,106,97,490,704,8.180323662879252,6,0,5,2025.9577699126507
6159,2690,572,470,105,466,285,174,473,98,31,483,182,4.282431323916946,0,0,0,69.05993453321314
8323,1555,561,454,213,122,52,165,332,103,96,269,658,2.155731441892671,2,1,2,3773.8781265265093
9159,2728,400,147,201,465,361,31,181,151,75,201,575,7.85785150280518,8,0,5,3738.0040624981934
8031,768,391,344,139,430,393,47,163,73,95,405,8,9.792883323251214,15,1,6,4694.92176983431
3253,2529,540,392,78,161,303,38,105,111,82,221,203,1.2582804920192747,13,1,3,0.0
8307,774,498,104,289,311,85,62,451,82,13,145,934,2.6045823494979015,20,0,5,4450.234284067658
3328,1242,705,199,71,351,55,118,386,148,98,443,682,9.77376957121264,14,0,6,0.0
5591,585,787,304,60,195,379,162,303,89,88,141,161,2.2152465694643784,3,0,6,2462.404780575952
5830,903,339,279,90,308,351,55,186,57,97,191,458,4.223460242449164,14,1,6,2455.137592692096
6044,2739,505,116,226,156,69,116,256,65,16,379,740,0.8365371474230587,25,1,3,764.3619250915127
4420,2545,395,189,295,333,340,104,486,172,81,432,318,3.0509550935432794,10,1,5,0.0
8636,1554,260,207,188,457,211,61,196,113,36,329,943,2.591914661297101,16,0,0,3933.9545720721076
6401,2654,559,289,101,425,287,110,458,188,54,237,686,9.576748943994485,8,0,4,511.7171686222363
5892,2394,506,279,116,164,96,145,319,98,70,381,912,1.4058333139613466,22,1,1,373.92055135937755
8288,775,679,348,134,392,341,64,309,158,48,481,208,3.0999553890214626,12,1,2,4430.657698766999
8812,1150,532,350,299,423,65,49,207,137,14,474,374,0.796724172031732,2,1,6,4811.221913359182
9509,2121,282,119,124,430,157,58,313,54,91,485,719,6.719818192928607,1,1,5,4613.472937939197
8297,1605,533,458,185,116,226,193,247,93,88,324,555,9.8627926184705,2,1,4,3644.2187387306017
3654,2413,716,196,208,234,114,49,307,184,99,447,918,1.5318292507629605,15,1,5,0.0
8481,1085,673,321,172,407,112,128,157,119,64,446,874,6.27184614663411,13,0,6,3879.812776429687
3759,628,593,243,251,229,357,107,343,118,11,297,807,1.5331722213804444,3,0,2,0.0
9782,755,799,106,55,136,122,105,156,128,34,288,359,2.26487204788288,2,0,4,6696.623171993855
4798,730,776,449,130,349,253,56,170,148,98,350,523,5.421845587956522,15,0,5,826.0435218257252
8159,1660,579,421,279,156,303,109,359,103,41,150,214,9.497169685174153,17,1,6,3867.480383542551
5971,2902,220,367,248,456,109,169,141,175,67,180,306,4.751210076968824,27,0,1,709.8657022314768
7511,2147,376,395,273,109,150,116,457,72,31,355,722,4.505119711857393,5,0,0,2301.4230215649422
6426,2693,562,100,62,180,66,43,133,194,61,434,817,1.3696964184986238,15,1,3,1188.8249744600212
3254,2547,221,157,55,189,244,88,373,166,83,273,479,5.635247570452636,19,0,0,0.0
8262,759,747,486,244,488,300,107,452,136,70,102,704,4.624490103821209,7,1,4,3920.9724765571445
6823,2634,449,363,204,488,87,118,292,95,85,429,590,3.345971852999279,1,1,4,980.0954811594855
4876,1342,272,189,170,219,334,141,467,152,30,448,431,7.306523425104642,28,0,2,660.365182656463
5757,2471,290,174,94,201,80,105,241,96,71,170,535,2.9791706121002184,0,0,1,1107.9480257490318
5624,764,375,440,155,126,359,180,366,108,24,405,700,9.028843460901522,12,1,3,1559.0018989326943
7995,891,325,360,75,360,230,36,220,152,20,135,53,8.72733723176922,27,0,2,5180.0116497784065
9154,2779,403,381,53,160,331,31,353,159,55,279,52,4.866038893080658,17,0,6,4146.729794472143
7121,1400,445,440,86,235,190,49,352,111,80,143,304,9.079851935441383,20,1,1,3120.7987424331154
6004,1087,470,428,70,196,294,160,363,103,97,185,123,9.615551416528852,4,0,1,2454.1189857983236
7516,2994,243,456,292,248,324,25,415,174,39,369,884,0.363906360133055,23,1,0,862.0320687069662
6734,1652,747,342,77,326,273,144,397,163,23,293,857,8.524408834623715,0,0,0,1562.9753921041336
4244,1794,367,421,259,376,76,30,243,190,49,276,167,4.024930097263727,15,1,1,103.3557203534291
8972,965,634,218,297,406,299,147,350,61,79,182,894,9.952000523910176,28,0,3,4305.8621238157075
9639,1693,229,146,81,434,280,143,266,51,59,254,919,3.4291438968090757,26,1,3,5075.381846155726
8356,2675,796,267,152,327,62,79,200,91,55,101,969,8.331867375506137,13,0,4,2423.8130409738196
9380,2472,556,447,230,414,357,29,450,60,81,176,965,2.203263775533555,23,1,4,3070.403187744904
4008,1549,690,126,210,348,147,35,141,162,45,146,449,9.302036978769777,14,1,2,0.0
7314,987,447,395,75,357,241,103,476,127,65,287,892,7.4266737836062084,9,0,1,2862.444328944408
4510,1449,452,100,194,413,235,189,490,199,21,237,33,2.8383138203072464,23,0,5,501.0992953616621
4959,905,581,273,233,319,68,191,487,158,78,288,913,6.873083550320445,15,1,5,462.08175903218296
5508,1549,735,494,165,335,388,166,195,86,86,395,343,4.353958886651124,28,1,3,575.4096631189223
7758,1606,618,266,142,119,308,119,385,85,28,104,459,8.594373669714402,8,0,6,3442.688999564576
5682,863,322,117,261,488,116,34,277,107,31,369,663,0.059402930587915126,3,0,4,2009.081498304627
3989,1890,493,190,79,444,75,104,341,52,21,322,71,5.233411923751659,10,0,4,0.0
7284,1583,342,402,170,237,55,58,326,195,41,188,128,6.812605786442546,18,0,4,3519.329360027292
3254,1050,710,301,291,288,190,24,400,124,47,297,684,3.9684384952740626,15,1,4,0.0
7163,2158,256,120,54,204,287,105,386,86,70,431,920,4.732887169802753,8,0,3,2084.276370023462
7711,791,241,255,167,467,279,50,145,85,47,210,9,2.399699841190599,11,0,5,4811.042680743062
9479,2460,320,484,55,484,76,175,145,76,90,341,99,4.174470579743236,20,1,1,4543.239443698189
9814,2317,542,113,155,197,154,57,324,199,99,250,296,9.211025070606592,26,1,5,5103.6323445932685
9964,690,531,119,173,369,393,199,104,80,89,178,518,3.846073122857728,1,1,5,6501.927367649475
7969,960,655,343,239,252,59,162,365,113,21,340,818,9.884386833767566,10,1,2,3611.451983374695
9443,2419,636,476,292,317,321,38,209,166,55,176,604,4.655065247208302,18,0,2,3557.955078809654
8721,2780,540,272,187,120,328,182,342,102,89,241,793,6.204631609394447,7,0,4,2597.161142358431
7452,770,540,221,119,371,352,34,250,103,78,236,489,0.04635624940371175,10,1,6,3760.044022932526
3255,1657,615,283,187,301,61,133,106,183,81,447,738,1.8699215918553858,26,1,6,0.0
4007,670,381,407,155,259,205,107,413,113,80,388,159,3.5571057317740804,15,0,6,515.3346786803937
9496,1938,463,167,262,163,126,194,402,114,35,388,689,3.279860764504503,22,0,2,4600.936914443781
4755,527,409,392,93,183,67,167,447,152,86,394,118,7.192835539304182,19,0,4,1714.3857975834235
5571,635,722,437,105,172,107,28,376,163,55,388,807,5.485672139276776,8,1,3,1649.4537518939076
6908,2952,381,258,181,159,179,24,258,161,26,103,95,2.1674019168713476,10,0,5,2250.0322907060004
5997,1387,643,148,62,453,223,158,254,142,16,437,800,6.0562072315463436,12,1,1,1283.957940277029
5803,2028,450,280,171,246,136,137,493,124,82,381,502,1.311211346965614,16,0,0,678.6724190797854
6765,1764,337,394,251,146,369,122,171,105,83,124,849,8.674236539593212,10,1,3,2115.911558405661
7379,1355,417,493,257,322,392,110,236,64,73,326,358,7.496812281632959,10,1,2,2829.053768256992
6383,2991,653,492,68,257,103,21,238,79,51,345,85,3.4596333346230623,22,0,5,917.5889900716387
3098,2981,286,447,247,146,127,199,249,72,62,458,270,0.48358634750967355,21,1,6,0.0
3196,1751,492,240,139,388,253,167,459,61,23,309,232,7.827693363905808,17,1,0,0.0
5529,1008,291,117,239,309,319,40,445,141,46,475,918,2.4342067914529544,11,1,6,1281.4743304620054
3877,1826,407,239,58,120,221,70,149,144,22,332,104,2.589681922408642,8,0,2,86.99240617281686
4868,2581,403,171,95,450,87,177,200,172,81,491,484,4.315353856476557,26,0,3,0.0
9758,1525,385,341,105,418,235,195,267,152,61,165,140,6.08565592117519,24,0,2,5896.6572728254605
5665,861,284,360,123,330,285,20,165,65,83,434,21,0.34378870037255926,22,0,2,2710.973285159735
4388,1718,355,362,89,397,65,182,341,117,42,299,85,8.256859011870862,22,0,5,609.5568993520228
5415,1105,492,242,116,204,275,173,246,82,29,193,831,0.34138053807508895,19,0,1,1253.3683271299085
3569,2363,732,294,162,225,387,28,341,146,77,402,348,1.7489061485210788,6,0,5,0.0
5637,1831,360,245,132,470,123,132,215,75,10,220,642,2.2679556424360117,8,0,2,1025.8803285869562
4065,2170,585,393,111,398,260,187,371,174,92,266,18,8.494091228126797,9,1,3,0.0
3421,1215,684,125,276,167,335,40,231,63,97,315,235,7.458981701925524,24,1,2,0.0
5883,2797,702,158,223,125,373,99,404,192,70,460,816,6.105924990513784,24,1,6,0.0
4204,2694,355,151,183,260,376,159,137,65,63,291,99,3.5615207918311045,9,0,6,0.0
3544,847,342,248,78,207,385,56,234,86,84,343,434,5.528857901499734,27,1,1,184.87954798228805
7166,1777,483,206,68,388,164,110,282,60,95,239,678,0.5093386873119077,14,1,5,2592.2500359935657
6639,898,761,417,163,404,296,90,113,60,46,135,197,8.660901475326831,4,1,1,3098.1753453107017
4223,1857,234,158,157,183,86,171,303,51,76,113,269,6.919990242775732,11,1,2,656.325658894467
6172,1699,423,357,192,140,104,197,184,82,90,406,667,6.6681618719653555,18,0,5,1650.7787854877242
3767,2672,592,380,106,299,216,129,343,112,49,282,414,9.84278924682967,2,0,3,0.0
9450,2945,607,118,87,135,226,123,389,180,29,433,696,5.332479665301522,23,1,5,3369.8162423069944
6657,2678,587,265,70,450,240,128,248,133,44,483,684,0.7306552092532237,23,1,5,648.0380867679823
8802,2085,496,124,285,474,148,175,226,82,49,255,473,2.2809001247412084,25,0,6,3943.9987531518923
9520,1321,522,103,100,333,161,23,418,75,88,142,114,1.605819941059451,8,1,1,6170.413862262747
3654,1401,687,102,216,341,167,159,397,83,84,247,901,9.412234233521218,17,1,1,0.0
9821,1444,769,461,264,438,211,86,170,127,22,496,297,1.2760280691948755,0,1,1,4862.432694371502
5446,2369,238,493,69,119,106,184,184,142,99,273,514,0.22539473227753626,13,0,5,700.538906589155
8892,833,704,468,283,442,111,23,237,120,32,180,392,3.021912454272775,2,0,6,5007.543552550214
3220,1543,702,126,291,251,88,34,376,165,22,129,770,1.2199807871357449,23,1,2,0.0
6666,2752,736,467,51,481,379,175,212,143,57,203,80,6.203034291273731,5,0,1,930.9913433546342
7277,854,515,445,286,270,372,56,162,96,59,399,282,2.2374468602668163,15,1,2,3328.464889882197
7402,1696,695,318,81,315,78,156,188,198,89,223,562,8.427292322223632,2,0,2,2796.436985048138
5569,1712,316,484,160,455,276,33,176,198,87,182,525,1.4311887407913693,16,1,2,979.9164811828879
8515,1323,541,143,141,428,80,142,482,110,61,172,356,1.5245440238143404,4,1,5,4606.92616417865
4013,1525,439,311,297,331,365,130,218,162,36,270,487,6.076895424177828,29,0,2,0.0
5051,2396,644,151,181,115,88,145,405,191,47,163,750,0.8191213269210196,21,1,3,0.0
6985,667,686,252,56,382,50,101,382,197,86,223,688,0.5059161799469281,15,1,4,3138.2019441364423
7943,2915,610,301,52,400,105,69,328,54,76,228,771,1.8390169035989168,22,1,5,1974.5683343857743
7899,1035,497,420,74,264,235,97,235,189,78,404,745,5.2671290855527895,12,0,3,3443.677555711609
7310,2448,251,110,161,368,140,44,222,105,68,374,175,5.477797204143716,10,0,2,2766.8721372807568
6019,2119,503,167,299,278,248,58,298,189,89,208,199,3.8472608590346615,11,0,5,1218.5632461052874
6681,1449,487,326,58,357,220,45,129,75,40,367,394,4.67072195575512,9,0,5,2605.1323285652147
4443,706,317,220,264,175,274,79,117,117,95,218,316,4.548816453083112,9,0,0,1540.4574969947043
7196,1043,623,432,264,204,231,71,122,79,12,335,85,4.575418630694584,19,0,2,3617.1221385275103
6010,628,408,114,290,452,179,89,137,69,78,127,947,2.6626196940232862,15,1,5,2350.966782042024
3572,1970,326,156,75,186,191,173,336,158,76,208,882,1.6949554775503972,25,0,0,0.0
4332,2582,492,429,281,414,180,67,347,128,88,415,32,3.9149327371464846,13,0,0,0.0
7753,2746,718,163,113,113,191,73,460,100,24,304,361,4.634667631084501,0,1,2,2519.1681568756517
7002,2336,421,329,67,458,54,134,129,63,36,344,171,9.53409448473581,6,0,4,2266.448982442556
8629,576,276,110,265,385,386,188,218,104,86,206,799,7.484524061595712,8,0,5,5081.2363826189085
6134,868,537,220,140,346,216,135,385,162,27,152,727,8.614355608751946,12,1,2,2200.2847371887515
8752,1025,474,323,286,465,169,148,173,102,19,110,769,3.862597546664801,8,1,2,4647.341792187536
7086,848,316,324,51,340,92,133,170,51,41,495,862,5.726136280762796,27,1,5,3306.416181599226
3225,1005,491,224,50,453,141,40,372,165,77,314,646,7.423287659301884,21,1,6,0.0
7200,1142,470,247,97,108,279,129,424,127,75,157,434,1.8348070582958331,17,1,2,3505.7855621062263
4997,737,646,327,257,123,289,91,461,140,39,217,724,4.592405464125571,14,1,0,1058.4558015085177
3771,1803,356,129,240,211,236,172,312,72,61,146,829,3.482991640202755,16,1,4,0.0
7524,2100,771,109,156,396,127,37,434,111,66,192,997,5.477942922263215,1,1,4,2143.738640154392
3433,1955,383,153,265,316,320,34,240,161,55,162,779,2.9212928127499547,8,1,5,0.0
8326,2685,623,285,213,327,95,61,337,121,12,492,322,3.546691087401644,12,0,1,2747.956615476305
6099,2173,215,306,240,131,56,39,106,108,72,113,239,8.322646993903003,20,0,6,2251.5195443232114
5729,2346,297,354,124,376,219,35,315,141,53,483,591,7.774893964364656,13,0,2,204.9940553823462
6407,2354,499,256,75,269,164,154,167,186,78,106,277,4.0711836664361245,8,1,2,1730.5851882336187
9731,854,621,228,55,330,312,114,415,175,87,489,458,0.979098558463416,14,0,2,5733.736513484375
6140,1058,506,157,75,169,393,112,204,128,64,318,934,2.8572566498632357,1,1,3,1930.606676802686
3865,2417,473,498,270,210,395,100,134,123,67,378,141,7.319316356948181,26,0,6,0.0
5793,1754,460,294,92,188,288,152,128,98,71,493,233,7.556505756564055,1,0,2,1321.98501384119
5911,2181,438,487,171,101,324,165,455,51,16,436,588,3.2457099726685668,20,0,5,432.5198702345164
5415,1669,531,175,178,155,358,97,218,180,88,409,783,9.397018599668423,4,1,4,607.7246819492057
3250,1675,314,188,58,257,395,114,133,68,28,161,859,5.0174142181309325,15,1,6,0.0
7951,2314,467,453,76,370,65,165,491,67,28,370,582,8.783539231148678,12,0,6,2521.9906661440227
6757,2687,211,180,120,373,111,83,359,186,90,497,273,5.298033014607483,9,1,0,1327.457620803274
8289,1162,272,285,166,131,243,172,421,143,57,366,334,0.1208654044575952,6,0,5,4422.994363975387
7656,520,605,425,167,369,370,45,449,61,86,410,209,0.995160667750572,2,1,2,3871.8941130943813
8565,2611,377,367,52,289,341,163,412,66,66,192,558,1.0524301367017685,23,1,2,2943.122692336443
9437,1741,458,482,238,309,212,96,448,134,30,125,714,7.176620722375045,28,0,2,4407.180390049616
3918,661,599,178,250,407,284,77,231,98,10,146,458,8.602239751068572,18,1,1,317.2387432896443
4173,629,469,244,179,121,329,115,440,76,91,316,562,5.257095720242642,22,0,1,544.5883618075286
6203,2450,685,228,173,113,290,174,300,191,33,358,550,8.542686272138662,14,1,5,831.7075301770426
3432,724,779,113,123,305,374,196,212,167,39,374,656,3.718319000414907,0,1,3,0.0
9202,2281,258,218,130,133,282,66,196,190,71,494,615,1.0189769837258766,9,0,0,4094.58815265104
8064,1079,465,101,208,441,178,90,410,52,80,447,883,2.5898913014242675,20,1,2,3707.3584369825253
3835,1977,274,103,114,155,172,142,105,150,36,483,59,1.1802260922094554,8,1,0,0.0
5246,606,289,343,171,339,186,197,128,169,61,470,773,8.857571722154994,19,0,2,1337.57087365897
5262,1339,704,165,195,162,64,65,435,121,36,437,557,2.3914066208588114,18,1,0,942.5874369035583
3897,1664,556,345,183,499,379,27,455,148,76,280,836,7.506686831169249,20,1,0,0.0
6632,1657,353,189,151,179,278,21,488,149,89,497,288,0.7133491591505237,26,0,1,2277.445332469811
7567,2746,417,277,282,139,193,165,264,88,13,176,340,7.750481211595222,24,1,6,2438.283747687177
6815,1166,685,159,91,393,279,55,492,107,54,438,116,0.8506524246084024,28,0,6,2797.0317891682193
3246,2626,739,331,160,378,225,107,136,67,66,399,694,9.476842734679733,17,0,1,0.0
5429,2471,329,452,245,355,341,138,162,162,10,131,632,6.406248045276854,6,1,2,218.15827376934482
3990,1011,265,275,153,209,295,61,338,80,53,398,712,6.763417181943393,24,1,0,46.06614855089721
6310,749,343,266,53,147,102,121,349,113,99,105,160,6.809733715615598,19,0,0,3546.804308825398
3926,1388,579,482,148,331,384,158,284,91,76,257,708,2.7472521078984324,4,1,4,0.0
6438,1523,512,297,181,181,196,78,346,86,13,173,787,4.4295628392332524,29,1,6,2141.24779802421
8287,1098,606,159,114,273,90,199,139,160,42,257,662,9.053366883295784,20,0,0,4298.713065311343
5607,1252,606,182,90,212,342,68,163,154,59,172,292,2.0689811054822984,15,1,4,2089.387362961226
4074,1099,476,173,220,377,289,123,322,119,14,233,481,5.2765794859183055,15,1,0,345.0734165945418
8930,2719,608,410,272,480,244,147,221,149,61,227,463,3.22928809267768,6,1,3,3055.724228914271
7022,2564,513,125,294,409,185,93,230,154,20,336,255,7.635840953918159,8,1,2,1788.0720445633156
6799,2258,748,476,232,139,137,49,398,137,12,425,173,4.562344989237444,7,1,1,1671.5311048849378
7784,1817,448,342,196,129,319,47,224,146,27,311,794,3.4274807543859565,10,0,3,3058.7647393591383
9523,2941,660,422,198,354,303,112,124,164,39,308,830,5.929865147428637,6,0,4,3014.0572905400945
9617,2345,598,215,235,339,238,198,410,91,90,485,387,1.0603765566371104,7,0,0,3869.381643223298
6151,1742,650,422,207,282,340,46,461,163,55,101,825,5.599578091630439,11,0,6,832.8736559610217
9840,733,670,279,165,283,120,146,135,78,26,109,270,7.8349167092129814,19,0,2,6892.917605035882
6438,1913,758,361,184,141,282,117,207,166,48,160,851,9.629767420161269,20,0,5,1357.5971380832007
8580,2795,633,213,246,226,57,71,285,180,89,100,825,8.451938966057986,1,0,0,2868.16500610024
8055,2425,645,365,113,181,317,181,202,195,42,389,946,6.163346718699012,20,1,6,2005.488896857274
7573,2599,302,137,51,332,385,179,118,134,75,338,234,5.406284246746243,25,0,6,2645.667280391211
6491,2562,527,479,164,408,164,63,286,101,75,344,571,3.286782823330401,17,0,2,919.502424247572
3706,940,445,176,297,291,373,151,499,166,97,391,708,4.779036202185445,12,0,1,0.0
9997,1635,257,201,244,100,350,67,333,91,14,267,743,6.18486079990873,0,0,6,5760.4250661563265
8233,506,304,111,177,461,346,117,193,101,45,470,383,1.29802235733956,23,1,1,5109.491377912704
6064,2086,268,401,128,306,286,35,330,185,12,323,591,7.233265297930958,1,0,2,1084.0986670615544
3753,1325,501,148,280,296,366,66,454,176,41,155,929,2.4500897217861484,0,0,5,0.0
9646,1768,352,353,150,382,125,129,485,51,23,116,622,1.153492987349789,24,0,0,5084.864791785144
8755,1810,736,446,168,116,148,94,227,100,47,415,461,0.9798591354479058,21,1,6,3881.6314177779436
9960,2127,234,479,123,418,372,34,414,192,14,266,346,3.1966944589134805,8,0,4,4878.105720478969
3587,1536,214,348,58,483,51,121,403,153,55,232,193,3.203906386384181,27,1,5,0.0
4334,1669,305,171,72,268,171,113,481,66,99,420,248,5.723278081518912,20,0,6,327.09095641911995
8588,977,273,296,63,476,234,163,358,190,65,322,156,4.580351477863549,6,1,3,4916.31753770477
4847,1214,484,352,103,285,65,148,447,177,90,117,516,7.49941600100296,21,0,5,945.2147273380234
9851,2176,749,457,173,221,328,172,497,158,69,168,91,0.1916058204985871,18,0,4,4474.337030787528
6934,2662,396,398,94,323,90,83,341,124,92,161,513,0.9091288552380117,0,0,1,1519.661945801765
6926,1008,479,321,274,226,104,111,214,127,84,444,737,2.4794790124992936,27,1,1,2594.6174437851396
6317,2604,755,159,65,265,257,62,251,147,16,426,770,0.389524173996576,17,0,0,300.39686897948
7020,881,352,456,261,221,181,33,215,199,22,497,552,1.6394457421889486,21,1,3,3280.481478213182
6155,1680,490,256,249,421,333,195,361,181,34,490,149,7.273225102694514,20,1,2,1370.2546325674768
7302,2345,341,441,290,319,227,87,348,157,21,193,61,7.982986342807406,22,0,1,2465.8339975498197
5198,1686,511,481,151,378,291,33,289,178,40,496,880,5.925750710540961,5,1,5,0.0
9811,774,231,301,275,247,291,162,320,59,24,418,303,5.709491201931418,2,1,6,6305.861518098736
9671,2218,225,366,144,391,333,164,355,149,20,495,985,6.268760180786176,24,0,6,3695.284294022134
3164,1600,454,134,158,346,172,111,391,51,41,245,882,8.012186608280864,11,1,0,0.0
4998,2360,255,354,234,287,331,199,384,78,89,250,388,8.42814402221631,20,0,5,0.0
6057,2591,492,122,185,110,216,157,240,174,18,124,131,3.390187057626304,10,0,4,1606.9039972245077
5084,1217,429,264,74,383,62,36,491,109,61,399,484,4.163976605972556,6,0,5,1372.0115404437347
7428,817,252,127,218,144,120,155,242,138,50,380,800,8.087068204616607,29,0,2,4064.006377880713
3402,1033,300,471,111,223,103,21,388,62,21,199,80,2.10683311838741,13,1,6,402.2415052860116
3413,2108,666,450,126,477,62,84,350,84,92,211,49,9.427022836416858,20,1,3,0.0
3044,2276,466,413,195,346,108,138,444,128,87,384,114,8.382403079515136,26,1,1,0.0
9349,2784,201,152,99,436,309,118,243,88,21,159,775,4.40872652902455,2,0,6,3963.8123874124117
7157,1744,221,383,218,258,129,126,184,91,73,491,431,5.1371668480043065,20,0,5,2840.3432395755713
5467,1833,777,397,83,366,109,136,279,74,97,212,396,4.374578165557472,22,1,6,579.1896286292863
3867,1700,411,184,149,391,96,183,200,191,82,217,281,2.290462913173772,7,1,5,0.0
8587,2294,435,448,163,177,382,28,336,132,94,104,434,2.399791987665991,22,0,6,3581.9397778338716
9963,2585,728,223,130,390,251,161,436,159,21,293,290,3.027648199262316,4,1,3,4406.805344240132
3018,1954,587,306,61,482,310,93,304,135,46,279,686,4.0826905846797175,2,0,2,0.0
3364,2433,213,264,257,250,85,41,389,50,14,485,235,8.937750864898643,21,1,1,0.0
6832,1246,718,146,126,384,68,35,226,79,18,313,238,3.585578688477744,9,1,2,3120.837873123068
9571,1340,421,470,124,250,305,188,460,182,66,440,959,5.624896201224563,24,0,1,4383.37600878979
8236,2995,602,255,255,223,335,175,377,184,29,207,616,0.885017037643997,24,0,2,2067.1355775610355
3579,2018,712,365,219,327,90,113,406,176,79,223,282,3.843282201752908,27,0,6,0.0
3545,2672,486,378,104,371,333,176,359,78,22,267,813,4.277225158325204,21,0,5,0.0
8825,1588,583,104,141,458,336,175,352,100,89,288,289,5.028338286310906,22,0,5,4249.189974852325
9468,1292,446,181,236,439,277,105,276,166,93,386,702,4.618387141683087,6,0,0,4817.610146496321
7150,1767,290,218,294,316,220,51,338,128,14,188,759,6.608607896879853,4,1,0,2697.6092171633304
7873,2050,511,361,228,246,294,199,266,143,52,490,495,8.500520667016824,26,0,6,2451.999209951917
6039,2773,636,224,137,317,61,30,314,118,90,124,93,6.3189798815209794,13,0,4,1101.910628806792
7137,792,242,402,230,195,264,173,304,63,63,195,730,3.8736025726080014,10,1,2,3378.0594261906067
8416,1904,273,314,258,149,189,178,299,143,71,221,938,7.727642894470732,7,0,4,3463.4899291881898
7044,2148,760,127,58,142,347,39,100,72,19,285,984,6.844567589840777,2,0,0,2060.8064330836
7326,2713,515,368,287,118,395,103,268,129,39,160,220,6.9047154151141985,5,1,1,1891.8847338621554
3452,1741,343,124,271,212,234,188,372,137,16,427,118,7.868303532082031,16,1,2,0.0
6961,1575,528,106,278,476,261,86,363,92,66,113,151,1.1088415106937233,11,1,1,3003.366038520426
9537,1897,408,293,52,312,321,63,166,105,20,467,16,3.617575686478205,3,1,1,5358.82394760149
8641,2193,298,179,167,117,148,114,448,198,81,233,251,1.6820648005352756,23,1,4,4270.855465535208
4381,1537,313,421,185,233,181,125,217,156,60,218,811,7.725253977842317,10,1,5,0.0
4467,1863,374,135,259,390,164,154,185,158,73,122,705,5.666836498933194,10,0,4,0.0
8247,2062,470,357,236,113,318,113,334,143,40,178,828,9.895079525258614,26,0,0,3253.9280068619705
5738,1612,262,212,79,163,109,73,421,151,10,263,423,6.786372878019708,15,0,6,1919.3520403415928
9535,2588,603,393,116,492,333,101,357,71,98,492,207,0.7642114579186698,18,1,6,3725.661799282857
4216,1791,424,301,104,262,158,32,116,179,67,227,258,2.881048484715828,3,1,6,275.02883496978177
9747,1661,360,113,211,357,397,52,172,155,96,111,278,9.254162556616114,12,0,1,5752.457645515341
3880,1529,235,254,172,105,71,154,260,79,60,320,646,9.813573337203378,3,0,6,111.88521391858893
6814,741,580,498,92,454,390,177,320,86,31,164,343,2.2340910078565845,18,1,3,2878.5618757838593
6149,661,517,184,205,220,76,30,281,119,83,324,951,4.940388956589306,17,0,1,2383.8920494448525
3084,1478,655,239,214,252,263,89,463,65,55,283,455,3.7001259356181926,28,1,6,0.0
8149,1017,468,470,266,428,93,40,348,173,26,120,701,2.0966367704337694,17,0,0,3987.8037807847754
7144,1397,543,196,207,277,129,51,206,69,22,289,468,3.6812414468598584,22,0,3,3217.8187910504626
4168,1282,239,284,120,490,329,152,489,123,89,120,464,4.281973777714587,0,1,1,0.0
7164,1679,613,441,111,162,223,125,200,151,85,190,248,6.668031728875594,2,0,2,2806.0941548366923
6129,584,579,457,159,357,322,112,400,172,88,101,410,5.026122805793239,5,1,6,2322.7869784397963
9840,2235,421,288,78,164,310,54,356,123,48,491,381,8.300374406821025,9,1,1,4734.708606733979
6645,1533,480,181,164,456,87,66,435,108,28,495,298,9.422973782373882,10,1,4,2201.9895000593106
5526,637,424,399,51,286,108,31,406,194,94,249,331,3.826726794827243,18,1,5,2370.42273776282
5867,1253,656,279,139,326,231,56,494,187,70,108,216,5.011303159609346,0,0,2,1956.0765509029936
6516,1212,353,485,154,298,154,63,377,194,14,271,309,7.272456451729093,12,0,6,2618.1341674125515
6367,2703,479,448,106,393,145,41,261,179,66,448,760,8.262136229163545,2,0,6,179.3142485014796
8797,2955,552,204,234,350,139,158,484,115,56,358,294,2.2052371048306685,12,1,4,2832.9054468787417
8694,1079,238,480,91,417,120,106,432,78,88,441,755,6.579820891989733,19,0,6,4458.416632237556
5194,1053,772,309,292,292,149,74,148,172,41,423,350,8.191383112360617,0,1,1,1162.328032065657
6555,895,688,428,98,218,360,29,465,181,10,315,169,7.401654123700131,19,0,6,2555.9357104851524
8965,2437,397,348,234,278,376,189,404,79,88,227,29,6.978972325303626,8,1,3,3947.825743657753
8111,2186,475,171,248,151,220,136,269,127,44,229,169,9.441812678661623,9,0,4,3635.2361757401295
9752,2119,371,260,67,209,396,99,191,137,93,486,995,7.456473055837592,1,1,4,4260.463628876873
3445,1657,707,232,247,323,215,95,368,131,40,242,560,4.891499223739862,18,1,5,0.0
9364,1832,604,339,282,429,289,197,329,74,29,315,616,8.693747255245206,20,0,6,3993.778003678463
6626,2389,470,177,281,197,265,179,449,138,56,149,853,4.369765772384078,14,1,6,1177.171975565706
7016,1309,753,157,76,418,393,107,349,154,33,235,654,7.970694134610121,5,0,3,2440.2484757364596
6875,669,330,224,167,494,110,116,327,74,49,203,854,6.247357085876861,4,0,3,3243.63521379242
8497,2837,584,110,103,147,235,37,295,138,83,280,353,6.055795248998253,23,0,3,3332.0351410184203
6337,1239,596,126,297,200,231,130,241,176,87,104,554,7.387438733347506,4,0,3,2258.888335814387
9238,2341,765,306,282,339,268,104,283,51,73,299,418,6.994495319325042,29,0,4,3831.6525291295006
3261,956,495,321,201,173,83,84,314,65,82,273,83,5.337457031257875,20,1,0,148.77614953706745
4848,1825,582,411,274,137,94,142,168,179,19,138,498,8.854597209985071,0,0,5,603.4255204982837
7992,2593,711,481,272,315,187,127,145,88,70,465,553,7.217161867872962,21,1,1,1889.1329977729022
8190,2101,594,349,211,235,235,172,114,152,11,387,860,5.806154981643959,26,1,2,2534.424512477936
7025,1883,753,414,199,105,399,142,442,61,32,450,603,7.0388301145438135,22,1,3,1492.8433177029024
5266,1784,459,307,265,346,77,50,235,126,91,415,968,3.43852255149128,20,1,1,0.0
8652,1646,480,208,112,423,155,166,221,118,74,225,415,9.995047581819147,18,1,1,4619.410267930254
3091,730,555,395,213,296,335,108,283,192,67,116,583,4.6930580029428635,10,1,0,0.0
7222,611,619,160,141,489,333,132,366,109,20,350,47,4.749224129598131,12,0,0,3702.539199005351
7175,1092,391,221,133,210,206,37,298,113,45,227,460,3.9087088642051606,6,0,4,3672.3798416715963
8943,2938,627,338,110,387,336,180,272,179,72,341,865,3.215056899649098,26,0,1,2107.9942320860855
6309,2939,547,205,131,137,156,89,209,113,45,271,238,9.633417503680123,23,0,4,1107.7882267757614
3982,2875,628,378,91,214,282,26,204,62,66,434,664,9.69829727919332,13,1,4,0.0
6443,1738,591,135,145,284,245,20,386,51,97,400,202,9.479331866856871,24,0,1,2173.9132165424544
8011,2387,540,137,210,311,388,121,274,169,98,191,255,3.227772329135541,14,0,0,2974.160470101074
5533,2914,746,171,123,464,251,118,459,54,32,275,535,6.191776744853472,22,1,4,0.0
3693,2629,601,155,186,354,158,106,421,89,63,321,451,1.8445369333675732,18,0,3,0.0
7120,1599,246,266,168,419,80,99,463,88,72,114,802,7.215671258575731,4,1,6,2547.5420979368823
3155,2026,624,320,74,409,275,78,467,90,95,265,419,2.7235565885998736,22,0,5,0.0
6588,2469,716,175,190,212,90,53,160,196,42,491,193,6.862098563863212,21,1,6,1806.4917321238097
9775,1451,527,309,96,369,113,199,363,175,56,273,221,7.165586161904576,21,0,0,5697.617244722784
4812,2002,286,310,291,419,280,158,420,91,28,434,679,9.966286684610328,2,1,2,0.0
8649,871,714,327,171,274,219,27,372,156,43,329,197,7.860288231397913,10,0,4,4911.419075801482
9062,2811,364,324,222,409,349,107,257,66,32,278,745,5.7739273060576055,20,1,1,3000.3732914900615
8829,609,422,353,182,118,188,72,322,162,99,261,624,4.906342973300371,23,0,3,5730.93821892409
8176,2854,496,255,80,302,341,162,214,84,95,391,774,0.5644049655515249,24,1,4,2177.486812395404
8724,1723,650,462,208,225,285,47,353,150,76,119,51,9.451356797237157,12,0,0,4366.4843853435
7114,725,542,248,147,353,337,161,407,55,13,463,844,1.831048729805479,17,0,0,2779.9146381644864
4407,2732,540,417,267,415,116,109,162,123,84,112,810,0.41090899772731615,17,0,1,0.0
4216,530,660,378,248,354,237,76,160,92,93,143,723,3.4964238793308255,15,1,6,655.7847819801502
9380,1113,591,475,218,387,397,199,355,165,62,144,900,2.297342761994725,18,0,6,4375.704162626005
4410,2294,736,330,164,391,330,56,176,121,24,402,762,4.8490725051990395,27,0,1,0.0
6497,598,750,499,223,251,77,21,474,122,98,120,407,9.242152387050716,6,1,3,2725.7707669107062
7372,1862,620,289,290,298,260,181,189,146,26,466,41,9.562456682326596,9,0,5,2743.5750683776278
7840,1310,580,324,101,298,283,53,387,88,31,145,545,2.8601144596635866,1,0,2,3689.2564538166994
3551,2320,204,164,261,401,68,77,464,122,43,358,470,9.094957794545774,25,1,6,0.0
6394,1313,203,207,156,274,361,92,390,145,42,313,328,9.010628302256242,3,1,2,2533.6374637277327
4176,2321,515,179,135,369,162,127,371,127,34,192,510,4.386602000409678,23,1,0,0.0
7734,1519,277,232,182,279,393,136,236,60,23,321,793,5.422184261084264,19,1,0,3313.439190653277
7332,2635,730,273,61,317,175,135,374,53,59,443,729,0.4908991986400868,14,1,0,1238.9913510563874
3997,1586,554,163,70,217,257,133,139,100,39,444,337,0.20790087921305989,0,0,0,0.0
7076,1421,232,309,58,405,131,49,273,87,95,247,931,1.5411283418569244,3,0,3,2655.804706308932
9198,1910,338,396,142,420,301,102,208,100,31,394,272,5.232053527664467,22,0,5,4570.703221203208
9099,1982,471,197,140,432,90,126,230,97,92,249,254,4.715632983239663,24,1,3,4753.607296765169
8555,2159,395,271,194,419,318,78,253,85,13,480,708,0.1263245876844188,12,0,1,3071.3539734711776
5731,2417,326,188,153,122,254,139,456,74,81,401,517,1.1137253237385858,7,1,4,463.3285353607262
9252,1296,548,461,201,224,148,171,171,182,54,182,33,4.193954566572948,21,0,0,5552.077440465343
6937,2457,243,325,204,183,132,162,425,123,83,131,308,8.069424091096652,5,1,4,2216.2683122011954
7052,1512,443,242,185,298,73,169,104,118,37,472,606,5.411216227962673,24,0,2,2598.975074953515
8303,845,208,295,221,425,122,179,312,154,63,342,164,6.87833964650281,7,1,1,4917.230640093257
8487,1223,278,278,111,286,232,94,382,131,67,125,659,4.5499809554511845,0,1,5,4726.916607490242
9102,1601,389,153,78,428,52,112,271,168,94,399,503,3.794449312525514,1,1,3,4771.345997645587
8317,1888,285,295,132,191,308,189,393,72,74,363,953,9.087485267881146,23,1,6,3085.622550297915
8490,1537,684,316,123,429,79,107,313,63,46,416,502,8.29258735189758,2,0,1,3943.2192387047053
3372,635,470,432,201,281,195,102,188,136,63,366,203,1.9936285454749147,1,0,1,80.66516682398635
8616,1827,712,397,83,326,371,74,170,174,20,286,186,8.143535053719102,9,0,1,4021.772343346832
5248,2944,219,124,297,298,261,152,433,97,25,331,650,2.5188175288499606,4,0,2,0.0
3848,1291,688,166,109,334,76,188,483,148,87,115,605,0.39108848871599267,13,0,6,0.0
5556,578,329,262,153,143,154,76,268,106,74,460,113,7.8734004969511275,16,1,3,2932.498495234716
8441,2278,206,211,208,175,159,72,413,87,53,302,551,1.535976862354711,0,0,5,3907.048886327256
5322,1204,509,428,287,240,68,185,297,55,52,365,717,2.8268441605291486,14,1,6,1090.3783372303608
9354,1481,672,305,164,281,65,20,195,198,85,350,823,7.666448745702064,25,0,2,4750.054724742248
3503,1941,301,467,181,218,331,79,418,76,36,158,109,4.850805688278036,21,1,6,0.0
6189,1765,537,236,282,139,319,95,118,118,90,152,788,6.9227166024007385,3,1,4,1518.4813382163798
3702,1574,518,378,286,359,96,65,254,183,89,140,214,0.29346226793271035,23,1,1,0.0
6625,1243,712,264,272,343,195,23,193,89,10,104,611,3.357188943230046,18,1,4,2370.107268836326
9185,2931,224,370,186,228,205,34,469,118,39,102,708,3.549470050314177,9,0,4,3507.4993889587295
3314,874,629,327,139,105,79,100,152,128,73,460,493,2.446864766161009,2,0,2,0.0
9931,2253,342,226,126,410,154,135,452,95,46,171,813,3.7526647416390233,7,1,5,4616.278965908808
5376,2753,348,369,170,165,198,31,110,110,32,383,322,3.6488095081538963,17,1,5,503.09887526002126
4040,2491,254,407,289,473,97,20,475,130,36,265,415,9.440941753204712,1,1,4,0.0
7378,1834,670,347,267,318,232,96,204,66,89,165,859,8.491182040995861,28,0,6,2307.4868908293984
5990,1091,562,439,231,245,207,49,109,97,97,417,3,8.212626428993762,6,0,0,2542.9522128783387
3257,1565,408,135,50,333,91,153,320,82,37,361,883,0.032592690916875,9,0,3,0.0
3574,1032,384,254,281,128,214,92,441,67,39,374,486,3.655310033491573,19,1,1,0.0
7669,1676,264,244,238,408,346,69,119,85,99,245,409,1.5606610343051952,19,1,0,3636.6435551880954
9755,1835,748,359,122,260,223,149,246,103,97,161,633,3.062263881692547,29,0,4,4843.797074977039
8138,1817,311,486,208,230,143,25,443,180,98,137,798,1.6867667393584118,6,0,3,3030.1096868159843
4552,1097,462,118,137,247,263,94,354,138,60,394,329,0.7322241081645164,24,1,5,744.7106790078958
9980,612,275,157,94,487,237,109,229,148,11,375,715,5.532352036859695,13,0,0,6364.690292168023
7518,1635,495,362,290,181,137,111,346,158,80,315,188,7.597695297366972,9,0,2,3194.2382777941707
8585,1698,377,135,109,491,306,96,245,197,96,155,144,4.9214741222412,13,0,4,4455.243084185074
8492,2345,200,310,135,460,297,185,181,149,44,478,52,2.869364041409943,0,0,0,3700.3050969668016
3757,1825,347,431,298,441,103,95,101,156,38,229,941,1.0108801900665432,8,1,1,0.0
5810,2487,328,247,250,182,340,102,402,80,40,327,519,8.606291563195537,23,0,4,242.89162242406115
4104,2039,712,201,152,172,193,37,474,70,51,243,970,6.387684157665343,18,0,3,0.0
8670,1233,701,175,136,454,54,166,347,177,75,198,839,1.5182443772698162,5,0,3,4211.895654248969
9567,2485,348,167,261,313,86,175,146,150,60,234,157,2.970023086425868,20,1,0,4733.145310459111
7524,2865,468,165,168,125,168,31,178,83,88,257,501,7.834611695904037,21,1,4,2346.987482726634
6459,1495,304,402,91,389,202,71,223,50,25,134,594,7.604629025657338,18,0,5,2415.223449114852
9117,2760,665,321,262,170,372,106,444,106,17,394,401,6.638685174547156,14,0,3,3022.017229972607
6992,752,480,250,204,449,295,119,181,104,70,499,824,0.9320936049776107,27,1,5,2860.144765562471
3203,623,606,489,235,276,343,41,376,72,49,243,519,6.4482926768586974,2,0,3,0.0
9339,1736,557,373,246,188,261,121,131,156,90,497,463,6.103329514624313,20,0,2,4320.1383240091645
5775,1123,402,377,130,276,179,192,374,151,66,115,25,6.098873103818558,3,0,6,2427.751357682518
5332,2039,480,167,275,126,241,81,245,162,87,387,148,8.22750240885783,14,0,2,890.7040767343128
4992,2155,456,334,250,388,246,61,379,124,94,426,47,1.1853381825207165,18,0,5,15.706006618898847
5243,1766,293,302,211,427,305,86,205,97,59,444,873,0.2629939885055732,12,0,4,224.9940136438216
3306,1660,523,332,59,404,197,156,257,197,36,186,562,2.3108276333014475,17,1,3,0.0
4687,2794,561,262,172,162,391,162,192,150,94,357,445,1.099401777481237,9,1,1,0.0
7109,940,550,197,285,118,316,177,345,184,41,200,838,7.634320190523093,16,1,3,2949.1039672384013
4860,2592,261,108,243,377,387,173,440,148,89,142,42,0.7836559442556401,23,1,1,0.0
4961,1516,386,348,160,445,340,113,248,179,37,313,641,3.633374528891747,18,1,3,167.51528967884113
8176,1053,779,326,74,166,221,141,403,89,38,117,404,8.984649052025318,19,0,0,4301.096984522723
3722,1308,741,340,52,337,350,114,228,152,58,224,573,8.974244630025185,0,0,6,0.0
3779,1470,503,174,211,236,198,146,121,159,45,290,3,3.582074411468932,5,0,0,108.69189640693574
8329,1612,635,116,120,262,197,41,155,58,33,209,820,6.049191165436703,10,0,4,4036.5112645922445
3528,2333,412,150,77,426,314,73,137,171,94,186,921,1.9690056272744183,21,0,5,0.0
7893,1814,605,327,186,434,144,144,118,92,48,364,724,0.774138256745982,19,1,3,3013.4928166968584
3343,1774,333,293,60,487,235,77,293,146,59,318,778,7.64612133717478,1,0,4,0.0
6786,598,418,379,142,392,306,118,192,100,17,236,48,0.07266363166613443,7,0,2,3828.5655306504677
6682,1979,620,337,167,127,260,38,469,99,91,440,250,8.288422609969356,16,1,4,1574.2697972195574
8398,2114,518,480,173,355,52,181,469,136,92,244,75,3.3675213409331883,19,1,3,3349.727220844771
3208,800,356,370,257,492,216,161,314,199,28,360,41,1.3229712860736786,26,0,6,0.0
7736,1722,387,486,216,390,399,41,274,141,47,497,331,5.056800710814663,24,1,6,2754.461916996118
6406,2182,675,256,142,211,254,160,413,140,53,309,923,9.726098377035148,3,0,3,742.7692363628134
4311,987,361,353,190,339,227,142,355,59,35,251,167,7.357162780548987,15,1,4,905.3934036048621
5299,1924,328,407,148,342,393,75,353,181,79,470,942,7.600957538128567,18,0,2,0.0
6336,1504,503,409,60,252,76,61,144,79,58,258,305,4.070199359673227,29,0,6,2478.8639541096504
9414,976,288,413,84,364,78,85,314,199,35,440,684,4.500376478042835,3,1,0,5625.052920915534
4947,1645,361,400,288,151,176,189,319,141,41,290,397,8.4361828176,0,0,1,582.1038273495955
3919,1835,235,217,57,364,154,53,127,157,43,253,488,0.8408418147861829,10,0,0,0.0
8819,1635,426,432,56,153,383,48,415,90,54,372,379,0.5481793997572315,12,0,6,4175.635426806225
5044,2205,350,149,118,232,118,173,360,193,46,359,83,6.8930355686652875,24,0,3,693.3533279061046
3418,1017,792,377,119,290,156,170,307,118,98,234,796,2.725845249354556,11,1,1,0.0
4749,1720,246,151,234,223,229,55,380,191,95,230,295,9.993103113518561,28,1,6,677.0259353441876
5842,729,430,280,164,317,151,137,228,63,15,355,73,9.943614601164176,26,1,2,3056.48140073559
8484,1691,738,130,173,464,311,28,267,65,40,322,114,6.427509266975324,25,0,6,4148.852286166613
4099,2555,364,426,212,421,201,104,330,152,74,159,820,4.628747988594317,7,0,3,0.0
6392,2477,786,345,271,400,89,61,450,92,18,353,26,0.07819180186630303,23,1,0,1040.7881907596027
5772,1883,773,189,60,170,338,86,266,117,85,433,736,6.019138089017537,19,0,1,541.3923142976561
5480,2742,265,130,215,313,186,26,194,191,30,143,437,0.8944222102993971,14,0,1,437.674455031776
9252,2901,279,201,140,461,226,42,175,90,76,318,807,9.040506762441225,29,0,2,3566.5655905144386
9784,2387,339,329,297,132,116,179,346,136,51,122,483,1.1465764631852104,19,0,0,4859.807674430881
4545,1572,599,487,134,473,200,42,270,122,55,465,208,0.9930424403514571,0,0,1,47.19903098806634
4070,963,329,196,255,435,327,35,480,124,14,288,959,7.200648325554284,23,1,1,0.0
9522,2903,645,166,98,270,377,88,403,68,46,248,426,1.5290001540909215,9,0,2,3644.8396264006406
4850,1473,228,291,84,443,261,32,319,61,86,230,106,5.860846485747647,24,0,3,1280.1103214935615
8215,1681,401,310,206,449,383,29,393,96,38,147,442,7.956556687741891,23,1,3,3547.2053778229724
8053,565,436,236,137,400,399,78,445,147,58,110,507,0.022477203724922123,22,0,5,4352.911108624112
7198,2496,798,438,277,390,165,21,379,189,34,496,537,1.5239772092161552,28,0,2,889.8094672201141
5939,1070,538,283,218,336,185,199,353,180,19,236,57,1.7808859218904882,25,0,4,2131.62682949314
9997,807,598,155,158,436,196,148,232,160,24,306,878,5.540627399390199,1,0,3,5741.866210981527
8265,1282,638,349,273,201,215,73,335,148,39,278,621,7.983826371178871,8,1,1,3845.517491530234
4903,620,488,381,183,109,277,38,264,64,86,315,391,8.603380521830665,9,0,6,1729.38113587129
8851,1265,451,159,59,140,183,116,370,92,68,443,325,0.6280535989193592,27,1,6,5115.1550562693465
9673,1272,299,227,133,469,229,47,293,199,64,122,699,5.0847378258076095,2,1,5,5796.4510831027665
3678,2643,784,304,261,225,339,152,375,58,64,389,249,8.6964687374761,5,1,4,0.0
9064,1486,621,313,267,372,379,95,257,141,78,294,615,0.7112103167145634,0,0,3,4207.018590730575
3988,2509,217,226,134,482,92,177,499,142,23,305,639,0.2593283248741596,12,0,2,0.0
8201,1039,670,171,286,426,340,38,143,88,83,253,49,0.4701578939998119,5,0,0,4494.819986420888
5475,2549,206,315,200,110,188,123,286,117,65,416,991,9.314335244492526,8,0,6,2.433533246383334
4607,1079,618,189,223,418,302,61,231,106,70,292,325,3.992000258898961,0,1,4,806.2678025656969
5869,2163,579,413,189,294,395,172,258,56,14,192,987,0.602457958128666,12,0,3,120.47202166025073
4502,2880,707,332,104,119,234,54,346,51,15,111,209,9.96027633330064,4,0,3,0.0
4789,1547,313,332,190,496,114,28,396,103,22,360,805,9.543288809888015,20,1,5,88.78877975306168
8281,1005,710,162,123,372,353,58,175,108,49,415,261,4.178699264090086,10,1,5,4529.370641542537
8027,2410,795,475,184,334,229,57,485,148,68,406,457,1.0320247179130315,4,1,6,1867.2804386008368
4425,1232,668,346,278,326,344,34,107,164,22,407,396,7.434416778701953,12,1,4,341.3797754106588
8157,2071,292,486,189,326,263,128,177,143,55,332,742,0.5996738767715615,22,0,2,3254.9766872622818
9074,1013,691,234,110,453,202,193,206,107,32,154,717,6.2772967670603546,1,1,2,4896.2208642400565
9654,860,301,469,202,440,337,184,139,190,30,170,992,7.616307331764655,0,1,1,5324.931942413058
5440,2821,692,101,179,371,172,109,204,120,81,198,927,2.1250190994857574,20,1,2,0.0
5042,2724,735,260,281,378,143,144,252,183,43,426,592,9.43423100410628,4,1,6,0.0
9856,1026,684,239,75,494,131,79,417,94,62,402,848,9.957869883549503,7,0,5,5242.720023615577
9637,778,678,403,281,223,157,81,157,182,40,195,36,3.587989590542955,18,1,0,6479.971506507432
4278,1872,366,408,228,497,289,50,426,74,93,226,768,9.636731335606799,20,1,0,0.0
8298,2446,339,301,118,294,116,49,472,131,75,270,498,2.3166690417365423,26,0,6,3042.515192676837
5594,1944,293,224,111,170,317,85,186,192,97,156,640,8.020527844141407,4,0,3,1140.931375479338
7689,2611,380,472,249,331,292,26,273,126,84,301,54,7.4085509368014755,3,1,3,2513.263899452894
5436,789,775,446,283,272,325,177,458,97,77,324,663,0.41334268305065813,19,1,2,769.4683095810892
8517,2565,203,181,286,302,355,180,253,101,35,172,851,2.5923591600474594,1,0,2,2948.152591781957
6803,563,588,423,250,132,185,131,397,109,23,297,744,3.8465807559923904,1,0,3,2929.520552184573
5205,829,471,263,216,310,208,122,106,72,93,245,487,0.1462959159264865,26,1,5,1834.6148407232595
4027,2393,331,449,261,400,201,130,155,101,34,438,742,9.475578163988041,3,1,6,0.0
9310,1262,783,339,165,281,91,57,167,135,83,297,266,2.1261419336945298,22,0,6,5355.0167365915295
6539,2463,792,312,164,340,383,166,399,71,73,196,728,9.252096720469208,14,0,3,427.62423224382394
8055,2990,711,248,188,150,384,156,407,74,78,324,793,4.399089911033372,2,0,1,1669.6969472792048
9552,640,251,171,281,470,75,105,245,113,77,404,226,1.2739977912921152,11,0,3,6598.205826948179
6483,1831,489,202,241,479,215,179,490,114,29,103,923,4.282367523302575,21,1,4,1119.0047074604995
5241,943,645,282,263,442,343,177,377,53,96,312,465,6.130976724997629,4,0,3,544.8742445887816
9378,2973,436,283,257,128,146,153,359,101,52,127,777,4.746509120957658,1,0,3,3415.073512205726
5765,1998,690,112,283,105,316,184,256,166,14,163,52,3.178567993832476,28,1,2,1247.751397270301
4173,1768,479,479,151,232,172,98,315,102,41,362,687,8.144557992574175,13,1,3,0.0
6230,949,243,331,91,195,72,167,473,75,95,171,25,9.55933666897564,21,0,2,3379.131224685483
6350,2325,558,249,59,445,367,49,267,149,54,454,382,0.9526041070949565,22,0,4,1038.7284453293742
7911,850,767,362,266,181,247,37,469,63,52,239,568,5.493515006739804,18,0,4,3697.326683747613
3403,1098,725,123,172,376,90,169,415,109,80,438,593,3.183345856131259,23,0,0,0.0
7988,1210,661,288,68,414,170,107,268,103,31,269,737,7.467781429910082,19,0,6,3625.4891146859886
5725,1369,300,232,53,316,398,114,172,70,50,343,596,6.348174951501564,29,0,6,1664.7964407021861
6382,2483,660,149,260,379,53,196,370,84,67,373,191,0.2768440274830253,18,0,6,1044.0167989994638
7163,1684,467,282,52,230,304,37,478,192,68,383,296,6.35146009736896,2,1,0,2942.635774323828
3087,892,561,125,258,185,180,80,176,54,37,291,808,7.243293273031836,19,1,1,0.0
9360,1341,607,237,191,427,356,101,156,170,94,393,121,7.706381705242387,1,1,5,5049.805850172825
9144,2948,236,110,59,465,232,97,449,69,64,195,931,8.909472301788341,11,0,2,3275.379629563782
4158,2597,667,395,55,412,156,154,198,105,60,158,91,9.45321498936183,1,1,0,0.0
8816,1818,458,201,80,465,226,154,262,115,45,449,376,2.6682796217029803,4,1,4,4130.213108662063
8470,1535,708,110,80,192,121,84,445,168,77,185,683,6.614477913683489,26,1,4,3962.007599941844
9283,1858,508,211,225,170,119,59,374,57,52,149,336,5.569207536242601,14,1,5,5060.677474511334
9761,1490,472,193,58,425,118,135,496,132,15,296,72,8.213541443339901,6,0,2,5657.747125484746
9276,1538,309,359,294,425,313,43,376,113,92,351,554,0.38094357922196287,12,0,6,4466.97338945397
8739,527,459,357,253,431,172,179,443,171,60,478,662,4.09695472575606,14,1,0,4534.562410502373
7273,887,467,266,157,290,276,29,125,196,62,298,472,3.4260301488831035,25,1,6,3658.287151496878
5857,1815,231,308,173,313,232,156,155,186,20,300,426,6.528635984533756,20,0,4,1608.0006291504446
4381,1332,376,144,287,146,276,58,130,121,59,486,89,4.179990183142623,24,0,5,843.6570647658475
9523,749,303,429,203,317,121,150,129,162,26,374,277,3.936625603598584,17,1,3,6266.191953103885
8003,2527,435,304,179,188,57,127,123,64,55,335,496,3.754878183572792,23,0,6,3107.8458068972514
9801,2028,292,458,283,374,121,88,195,117,91,117,273,8.257666161736376,23,0,2,5335.617046704063
9593,597,400,141,53,326,261,26,257,112,55,257,446,4.833703329487236,6,0,6,6655.412505531274
7681,2338,796,384,273,496,312,159,220,140,86,151,496,3.995070964256774,9,0,1,1680.6399321193528
9606,1860,234,499,269,316,95,42,253,96,50,351,576,8.65802427285053,3,0,4,5069.844337510112
8085,1562,316,199,55,339,199,108,457,62,60,427,230,0.018070348426505456,29,0,2,3904.7051501179876
8227,1823,657,487,79,400,130,36,181,148,20,244,525,3.1875682661230353,6,0,5,3577.8081488446287
9265,2726,670,455,232,440,310,97,460,161,60,246,604,6.738411573030861,21,0,2,2815.27940907524
5064,1391,598,371,205,481,224,84,409,95,36,283,818,1.045335625879369,25,0,3,0.0
8315,1992,796,105,110,269,192,105,468,85,58,113,974,5.795268685835161,22,0,4,3061.01853331051
5374,1805,316,141,126,464,241,47,479,59,25,371,239,4.491947820807781,4,1,1,1025.9848304499158
3317,1687,561,483,232,331,208,77,431,72,59,290,814,6.6906844215870445,29,1,5,0.0
9952,952,403,455,159,207,286,37,376,72,24,178,782,5.307840943367559,2,0,6,5941.270998034758
4502,596,345,352,85,427,132,129,225,117,63,455,621,1.9473533087002115,23,0,1,929.4406029162949
9130,2856,643,175,251,332,349,140,383,182,23,117,656,1.327331240935018,22,0,2,2924.649756107929
5042,761,496,141,251,269,224,63,223,53,88,456,848,3.0646510627311296,7,0,0,1064.9110402168797
7598,2840,780,450,182,234,189,83,180,154,91,322,998,9.426456468484604,18,0,4,1061.5876766666843
5022,2293,686,367,206,230,113,56,434,190,85,340,474,2.1006240766013065,19,1,1,0.0
3118,2796,430,479,149,136,328,22,378,167,35,139,827,4.612435515949741,16,0,1,0.0
3709,2792,402,316,189,358,99,33,280,67,49,112,606,9.501068937282776,15,0,4,0.0
6557,2798,561,163,171,223,264,154,408,107,27,428,612,2.020152490008884,5,0,0,624.9134345312298
7140,2670,594,278,199,492,174,164,261,175,35,475,748,2.4457610769187275,29,0,3,683.2880023108735
7409,824,447,128,108,362,85,102,423,111,27,337,655,4.781853874699998,12,1,3,3698.7542931118237
6250,1485,639,374,159,452,188,186,460,191,10,419,832,1.0504012772772509,6,0,4,767.6456297513265
3417,1186,595,315,216,316,135,152,111,153,25,217,631,0.8012143262347904,23,0,6,0.0
5603,2239,555,452,179,269,105,98,229,161,30,426,910,3.025085883319104,24,1,6,16.731895782036915
6854,2360,600,400,63,197,298,71,380,63,81,196,453,1.4294998465759878,24,1,1,1650.2418230130063
4101,1335,440,153,187,457,271,128,443,59,75,251,415,4.266496449998431,17,0,0,0.0
7421,558,540,465,225,285,374,45,450,154,92,382,804,1.0843450769778928,21,1,1,3027.737074796877
6428,2021,428,179,113,312,342,186,224,88,12,398,79,5.874257144001098,7,1,2,2050.581392633528
8535,1896,742,293,180,457,298,192,271,195,17,237,901,4.926332657391628,10,0,4,2843.3154332789513
9082,2813,738,299,121,411,263,96,233,196,27,354,767,5.925180546759367,25,0,4,2774.1148270295166
9658,2176,728,112,296,331,347,50,450,156,99,112,631,9.008711237025901,28,0,1,4070.2243527512587
5261,735,466,321,237,266,207,170,138,86,34,471,107,3.452140476153107,8,1,2,2100.6997400408573
7169,717,328,292,258,405,143,59,482,52,81,377,504,2.683906590412295,3,0,6,3355.352405779446
6634,2050,419,495,245,260,327,51,277,184,27,409,10,5.742387779852903,23,1,0,1698.976309806972
8698,2337,281,468,70,383,215,120,379,120,33,489,714,2.4700398504320473,11,0,5,3092.0159424602152
3508,1929,760,426,143,283,105,23,104,101,78,405,536,0.6652444291090132,6,0,0,0.0
5379,1088,752,339,196,124,383,100,153,87,35,248,458,0.5875080271821842,8,0,3,1372.329722773316
6164,2171,219,369,128,241,131,103,409,112,83,399,338,0.6623996788578657,8,0,4,1409.5211486577152
3687,1416,526,397,69,282,83,193,365,113,20,297,704,2.3743317714810463,16,1,2,0.0
7752,1992,236,198,107,183,112,94,181,169,13,362,73,7.29796404158617,11,0,3,3934.029650493272
8638,1417,581,319,91,330,51,61,320,55,19,134,389,1.5396369515169328,6,0,2,4762.749626016163
4292,1633,238,431,143,490,239,116,430,177,21,193,286,2.577687719178512,15,0,4,0.0
8495,2900,308,203,187,487,92,186,340,101,83,430,15,8.59803350293592,22,1,2,3218.075769460929
6905,2336,628,476,200,322,144,122,193,171,21,163,101,4.3686222436851345,15,0,3,1929.6215917345683
6075,2638,263,164,137,257,323,66,462,171,14,353,324,0.4131757893088406,3,0,6,1020.7343068989212
6209,2405,374,244,189,417,197,185,168,113,14,129,556,2.474058444212226,17,0,1,1173.322920094726
9743,1201,231,137,58,284,56,37,105,76,32,157,10,3.01059293033082,27,1,1,7294.400541212869
8648,2620,730,127,128,282,263,21,305,158,65,140,4,1.8513109840683628,1,0,5,3817.170086909506
8171,1821,305,388,206,184,357,124,115,178,97,465,139,9.669336515003266,20,1,1,3778.1894699001673
3324,2028,681,466,131,164,342,121,159,134,55,494,205,4.065134438947714,0,1,3,0.0
8087,1721,405,336,197,151,147,107,241,141,11,169,393,3.95605978860465,21,1,5,4278.349137685358
4993,1555,446,225,242,102,351,177,388,98,83,310,2,9.776520548559468,12,1,4,894.8226516680255
6976,1147,288,483,52,176,91,23,456,104,10,402,339,5.4894119512758905,13,0,6,3349.280928205024
7812,1259,515,425,185,234,365,26,305,88,22,252,141,0.825160932921275,23,0,4,3933.168088843771
5770,1857,210,184,88,425,291,76,139,117,69,387,857,4.434959139979551,13,0,1,1248.8652550511115
7372,2690,248,336,113,169,153,49,108,51,45,273,818,6.543451460996801,14,1,0,2136.7414257434566
5583,2269,772,345,80,261,296,191,190,114,71,367,792,5.702151741416594,27,0,4,0.0
6557,1448,370,487,160,195,385,176,294,153,72,112,765,8.451742974964912,13,0,3,1976.8212899135076
6587,2591,342,474,249,115,127,109,301,67,76,296,274,9.628361405181492,18,0,4,1652.5112690599537
3151,2579,406,365,256,329,173,55,147,147,25,367,366,0.5874479654293663,26,0,3,0.0
3954,2266,662,348,172,491,81,118,365,172,87,470,335,2.5527781463368138,27,0,5,0.0
8602,527,708,391,199,476,216,132,344,153,49,117,699,8.996939520623062,26,1,1,4479.604361029209
7354,2970,400,304,145,366,331,195,361,52,57,270,436,8.721014501503038,23,1,5,1391.8193270387887
5371,659,204,327,54,405,79,166,417,77,55,353,693,0.16111718928837337,22,0,3,1679.5107845503487
7964,1730,410,339,285,442,303,21,130,193,14,403,759,5.776406123547289,22,1,2,2992.5200459589337
4191,517,228,172,285,105,218,161,361,172,34,306,105,3.1951680491704035,21,1,3,1412.220837828416
3687,1626,389,258,107,209,81,132,450,165,47,457,581,5.305465425136463,4,1,2,0.0
3309,2779,387,487,250,242,233,119,133,71,63,460,581,2.1997720225283013,25,1,4,0.0
9946,2971,349,477,294,494,102,123,344,129,90,454,757,7.057478573426995,18,1,6,3240.083345508695
4502,1403,724,311,154,254,386,131,448,146,82,492,928,3.3135864359735745,28,1,6,0.0
6127,1254,565,235,256,306,198,54,422,126,91,332,201,6.420914411621585,23,0,1,2168.171424483072
9763,2070,356,382,288,265,125,168,367,98,85,259,794,0.7531332539220947,9,0,0,4485.676241196491
7568,1336,279,263,112,359,118,164,393,77,54,168,853,9.628913031700927,5,0,6,3375.2160259851707
6367,1393,472,236,110,272,323,101,310,193,48,156,144,2.533549176810964,2,1,2,2543.158000550111
9604,2786,717,270,101,493,278,51,234,113,37,289,476,4.076797316845343,29,1,2,3717.219359069743
6395,2696,431,251,157,220,86,170,163,75,62,195,321,3.8092576019990245,28,0,6,1469.7285695234755
3813,1931,359,264,150,239,184,153,474,180,63,258,151,5.959651754136559,18,0,0,0.0
3845,516,543,396,82,267,110,48,475,157,29,297,919,1.060930469015059,21,1,4,0.0
4164,2773,488,203,71,183,180,82,478,70,64,152,289,3.3379605623670527,6,0,6,0.0
7762,1151,404,321,100,293,50,144,346,81,74,411,155,8.807018344149416,12,0,5,4145.261660259319
9405,2179,504,381,60,375,109,115,432,73,85,322,398,3.977627747112914,4,1,1,4501.826067442092
8904,759,559,487,176,367,376,100,487,114,31,450,370,2.3760537199031617,19,1,0,4695.451083565734
8539,2252,599,471,235,137,396,151,376,72,60,399,309,9.03085171235291,16,1,2,3109.747672325962
4767,2127,648,228,99,402,80,77,177,129,81,161,83,5.8405753283061195,22,0,1,512.8085723531188
8360,2547,305,319,247,437,313,178,263,57,21,415,344,4.163458707895062,19,0,6,2894.2127080410273
3354,2721,281,272,66,341,56,169,490,94,68,266,838,9.38099619311452,21,0,1,0.0
4872,2366,541,447,223,429,184,174,176,159,63,106,89,6.982076896418418,3,1,5,0.0
5024,704,620,195,93,298,69,137,480,188,62,301,828,6.695726818810007,18,1,0,1089.6794227176329
5817,2962,248,151,234,397,376,104,276,106,97,352,902,3.2757856264736365,3,1,5,0.0
6832,1676,405,193,182,104,191,103,196,61,47,194,687,5.597374845321342,27,1,1,2783.177985058419
7275,1291,417,163,88,470,192,106,476,121,21,400,892,4.695926421531552,22,1,6,2455.631805795492
3065,1640,635,120,235,482,259,35,238,187,82,232,757,3.991501527115724,10,1,3,0.0
7915,1605,521,205,289,454,174,25,342,112,95,387,509,0.06566996793376911,28,0,1,3088.1954953567556
8467,2357,430,435,298,202,370,26,458,87,16,177,291,2.940071183997209,0,1,2,3184.1153814807976
7266,1590,686,299,186,495,52,33,444,70,77,268,679,9.794187498857601,2,1,0,2423.5173177111415
7090,2107,628,431,270,237,180,22,458,100,38,241,251,7.803250379760195,15,1,6,2270.104346543838
5521,2339,483,451,72,392,124,68,350,195,54,235,245,6.14925160321686,18,1,6,261.8363819684249
5581,1478,685,380,224,480,373,55,379,195,19,183,169,4.168483399921465,6,0,3,859.5984117623115
4390,566,475,381,213,165,209,48,377,171,94,333,820,0.7691459571949533,15,0,1,520.0549336971753
4130,1183,632,199,80,166,321,151,270,69,13,268,364,6.0945347860267995,29,0,3,430.99951590495095
5486,1778,384,436,133,369,66,187,278,74,33,202,277,2.7236594214561807,14,1,0,1222.2332988373814
3834,562,415,126,72,146,81,188,276,67,94,109,715,5.761511072104122,4,1,2,1029.7900731282716
3226,1313,296,344,233,464,204,169,477,97,91,107,988,9.469887848413961,16,0,3,0.0
6515,902,318,162,248,468,161,151,475,63,35,308,213,7.859872013175898,11,1,0,3026.4850850643033
7537,2739,564,441,223,279,147,140,377,184,65,151,177,9.605571364886433,9,1,4,2076.234995197773
5443,2502,602,473,107,167,310,42,434,162,81,457,290,8.37720719151046,29,0,2,0.0
3727,1852,596,137,213,214,394,121,117,113,32,279,665,0.8762235354849257,3,0,5,0.0
8700,570,657,401,245,125,141,151,399,78,18,342,136,0.9688575939858168,5,1,4,5367.6173139659595
9227,1586,517,226,137,146,195,37,208,136,34,304,839,6.771755501740618,4,1,3,4860.209407868967
6686,744,581,170,237,306,52,20,131,162,41,136,231,6.563841675220848,8,0,0,3891.0926167474513
6622,892,341,486,191,172,333,51,155,130,16,391,832,3.798930131212223,10,1,3,2640.4802501116196
4036,1271,656,233,74,358,339,168,327,68,68,248,475,0.5361609840610271,6,1,3,0.0
4832,2169,700,352,248,485,391,185,173,179,68,165,888,7.137700717043702,8,0,6,0.0
8944,2117,522,112,256,129,335,173,108,142,71,193,339,1.0492872018027721,29,0,4,4408.4237988170125
5740,2056,467,273,221,102,97,60,188,155,26,338,557,6.35409472080894,28,1,3,1178.6201572987893
3492,1651,686,189,95,108,114,196,476,149,44,352,794,0.48097949186455713,24,0,2,0.0
4548,1718,359,467,190,107,270,104,231,85,95,331,590,1.8188865175839375,21,0,2,0.0
4143,1717,213,388,111,108,196,112,393,198,67,178,385,5.565154141019529,4,0,6,26.92174271819509
8065,2731,354,306,68,475,229,136,337,112,38,251,694,5.972840659901638,24,0,3,2498.0980366360513
9496,746,300,161,189,251,346,188,455,179,72,461,693,6.7202468544945475,29,1,3,5498.717519185342
9183,2542,771,418,161,241,398,115,349,176,65,443,653,1.1072001093316808,0,1,2,2823.5350964240456
6957,2871,242,411,139,435,130,78,141,192,72,278,44,4.445949304747683,14,1,6,1913.7218730857214
6407,2707,392,138,97,373,242,151,330,61,91,356,40,1.3383717985835308,16,1,2,1377.0848069192114
3639,1205,510,159,210,471,346,160,490,52,56,206,714,9.363429476371557,21,0,6,0.0
3172,2613,664,204,256,126,172,80,269,181,83,373,1,8.343475066034063,9,1,3,0.0
8666,753,362,338,214,447,338,70,473,58,24,214,901,5.647670039976603,15,0,6,4390.108686156165
7354,782,550,226,183,170,277,182,415,91,66,309,730,4.307345064154857,23,0,6,3380.6504160533173
6959,2665,433,182,172,318,131,110,189,80,16,394,7,3.2477095994297924,2,0,5,2274.2390904307817
3516,922,602,319,266,389,133,84,290,60,87,286,773,7.857376802632354,13,1,5,0.0
9873,2521,550,204,166,355,292,68,479,76,99,366,743,5.097685784830061,9,0,6,4020.8605912996236
3522,535,366,173,130,202,264,196,480,119,27,255,493,0.1213261596572901,7,0,1,210.95781738132365
4917,1030,347,234,220,246,223,122,466,143,91,238,209,5.703419212178231,16,1,2,1231.7906101148103
5886,590,227,477,149,489,395,161,376,92,15,451,312,8.570360851790577,23,0,1,2208.673397206785
5164,2440,458,161,227,257,376,184,226,94,52,261,795,6.065435744361806,10,1,1,0.0
9327,2442,797,100,293,447,154,49,232,195,98,284,213,0.7052755476532868,27,1,4,4045.169850725979
4929,1740,641,178,223,239,106,161,476,99,66,460,710,5.904437902994629,16,0,2,0.0
6945,2258,726,473,296,242,325,111,385,55,50,356,497,7.498838513920463,0,1,2,1276.432151442276
8235,597,410,164,122,208,218,174,162,190,85,242,207,7.3850543467255285,18,0,6,5380.22473241559
5209,1979,742,282,77,458,288,81,339,61,60,169,681,5.415765425422046,11,1,2,0.0
6783,1030,644,165,276,419,124,22,137,56,70,166,807,7.529555625684993,29,0,2,2930.6045354539515
5590,2332,652,422,244,163,343,58,263,191,28,123,170,1.1788185978361143,22,0,4,597.7730360565217
7934,1551,603,455,60,370,332,38,137,148,30,150,776,2.615258427418743,5,0,4,3112.0811132289136
7076,1847,265,307,197,285,245,124,378,96,89,481,290,2.270366437351795,5,0,0,2532.702676654905
8185,579,604,153,136,455,267,117,250,56,44,309,510,3.486509861397098,16,0,5,4661.742885353827
4093,1981,774,320,295,422,202,147,157,88,80,283,515,6.367136802582012,16,0,5,0.0
6880,1113,634,335,207,100,319,186,275,196,63,427,814,5.13987185433256,12,1,4,2212.28291890473
5494,2723,427,476,150,106,86,29,342,172,92,399,332,4.670348825754017,9,1,5,177.8493045418278
9559,2272,675,199,85,492,227,194,489,76,35,381,970,5.638254420918138,18,0,2,3656.311939712309
5579,1980,667,202,285,100,397,147,462,110,50,420,677,4.008173456570673,17,1,1,218.4784113779259
5488,922,300,281,297,360,249,108,273,115,91,356,301,9.647789190098939,0,1,2,1685.661681020815
5785,1623,622,207,253,146,219,170,442,101,21,223,526,0.13341508752640285,1,1,2,1276.6945244200863
9065,2534,555,111,149,455,359,78,242,191,14,333,364,3.084557562720903,11,0,1,3511.480917542975
9607,1903,338,442,276,365,174,102,356,150,35,358,546,9.85573940447684,24,0,1,4670.088759842594
9539,831,768,185,168,101,212,121,199,82,14,205,345,9.237533001050508,22,1,5,6393.8255520753155
5758,1152,330,387,147,122,336,167,447,157,47,295,443,8.332839429087834,10,1,3,1642.008716724865
4574,1239,748,426,245,458,299,192,301,189,91,315,54,1.5503577419873416,4,0,4,0.0
8676,1612,667,313,137,402,277,63,132,134,15,303,623,8.067716121967743,8,0,0,4077.473843583159
9538,2127,679,143,85,183,194,37,465,143,10,177,39,0.9222402156184972,15,1,5,5217.177063877122
5373,1010,310,421,107,303,162,67,251,135,84,202,324,0.7801808409903865,10,0,4,1927.2403500378184
6990,541,352,177,77,326,390,94,169,115,89,132,900,0.8097342411342168,3,1,6,3622.4827389585134
8210,1384,441,154,88,351,395,20,241,172,99,212,530,5.824157032249987,28,1,4,4230.078208723385
7845,2449,478,371,115,404,141,179,345,102,48,120,115,6.899243176542926,8,0,0,2817.480559423893
4093,2628,562,443,220,250,230,116,195,153,58,242,610,2.5606004472244646,29,1,1,0.0
4189,901,607,170,54,346,177,26,438,68,91,418,828,6.529931492001576,17,1,1,0.0
5689,2654,374,167,269,405,327,114,183,131,46,146,395,4.581546590178904,17,0,6,641.4222743940826
7095,1634,334,279,190,116,218,109,224,147,99,323,434,9.735418617451048,24,1,5,3093.169322786732
9357,1737,705,479,277,403,308,119,439,175,10,328,33,3.441293584752265,5,0,5,4245.107623830244
4875,2266,493,273,58,476,397,193,265,94,46,344,293,6.831900513747426,26,1,6,0.0
6406,2341,694,268,152,101,112,171,238,177,95,194,215,1.2791220614937016,5,0,6,1724.3891908901546
4787,1005,618,488,271,296,371,88,259,151,28,292,555,0.5874493888828958,3,0,6,437.529160765049
9512,1644,405,360,106,440,351,127,385,183,86,406,206,6.259333948961815,26,0,2,4798.90456281641
6932,2341,517,224,76,368,261,183,185,194,46,388,617,2.535633293329088,10,0,0,1525.9987707906291
4607,1219,272,230,238,160,291,69,238,89,65,481,279,9.149125173056625,25,1,5,1142.2600288592928
6748,1894,458,333,254,366,185,65,204,122,76,207,991,0.1575044768828071,5,1,6,1567.2063529864972
3048,756,557,491,283,196,88,42,177,151,44,471,63,9.41579328964182,8,0,2,0.0
8171,2220,347,253,152,382,399,31,318,134,82,455,869,0.20465728806784544,12,0,3,2530.592564512572
8408,2321,424,429,227,346,352,175,291,198,93,236,427,6.475831120940567,17,1,6,2895.1108331200317
6861,1453,304,224,269,134,117,80,477,188,35,386,269,8.440387762701974,14,1,1,2898.559496927366
8745,1571,755,453,131,373,106,53,287,88,55,256,158,4.299530565772889,17,0,3,4314.024723583382
5180,2122,555,478,211,167,202,113,295,77,44,432,997,6.600934482760544,0,0,4,0.0
6046,1396,737,199,134,288,250,120,490,133,94,237,53,2.9371968252284852,28,0,6,1783.8835407412332
5833,2566,460,152,114,140,136,37,449,96,31,236,132,4.647347115673467,23,0,4,1257.1485408584786
8285,1569,770,431,222,195,367,139,173,159,23,400,99,1.7309586098688623,22,1,0,3667.60894740728
4397,950,772,227,136,270,88,182,490,181,38,358,753,2.2893534036714804,4,0,0,48.01927944655023
9516,1397,269,113,83,494,297,195,360,67,67,340,285,8.942912438342338,21,0,1,5370.99365910883
8924,1579,646,104,149,166,163,56,402,142,40,181,186,7.102442307694546,26,0,0,4967.839539124917
6826,1240,646,349,250,407,253,60,391,140,26,478,205,8.420670719974376,17,0,1,2369.788923251845
7574,581,456,467,185,218,255,153,242,50,32,254,638,4.076130643714405,15,1,3,4024.477140660137
3831,1236,730,126,299,440,184,147,394,84,68,363,756,1.2760980413517742,23,1,0,0.0
5697,578,318,224,291,270,311,105,137,54,45,245,545,9.127119172155563,14,0,4,2590.475603407992
8710,2185,265,128,143,285,172,110,135,165,98,253,824,9.658532473656333,15,1,1,3948.5067290587544
7777,2830,444,102,97,169,132,58,214,55,91,179,243,8.519765842901565,26,0,3,3223.411382388662
5735,1834,256,327,213,344,262,23,101,109,68,312,640,5.630358374015181,5,1,2,1253.548881809861
8419,1496,243,236,149,258,324,163,114,149,89,337,361,5.011020975511078,20,0,1,4653.487256558726
3081,2707,723,356,131,383,224,71,183,182,11,415,576,8.948582331141742,24,0,4,0.0
3086,1839,623,339,243,206,324,132,410,144,99,336,937,4.11788747380415,26,0,0,0.0
9368,2502,735,378,166,135,285,38,353,89,21,478,932,5.869909890102756,15,1,3,3239.7967069762426
5063,2191,594,422,60,447,83,111,325,91,19,359,282,4.142095823888894,0,0,5,0.0
3821,1679,649,259,101,294,220,140,432,123,11,388,439,0.7853712118495759,10,1,2,0.0
3162,2237,456,105,297,367,190,36,287,185,25,130,778,8.861179203432128,0,0,6,0.0
6739,1352,560,404,213,175,74,192,124,140,45,169,998,7.221902531752403,0,1,0,2360.445563173949
9657,961,579,242,272,379,146,149,369,78,58,498,203,4.642739077070831,9,1,1,5803.008181528316
5397,616,642,280,80,420,361,149,339,127,45,266,646,1.6235228721168626,5,1,4,1326.251304580122
4932,2189,733,129,73,447,70,107,345,72,95,258,276,1.7697548093591398,8,1,2,63.873750016558404
5728,2911,673,352,287,179,339,74,492,53,15,172,936,6.640599652511411,12,1,2,0.0
6535,2154,356,139,198,197,159,110,276,83,11,479,612,9.371855172500851,23,1,0,1578.453935426831
8946,2234,288,286,145,381,330,23,473,154,37,387,480,4.285111608467023,5,1,6,3637.580213064418
8956,2436,401,418,290,217,131,142,262,110,16,419,564,4.447689732923471,8,0,3,3605.0230886400027
6446,965,661,403,207,322,156,119,313,76,30,265,669,6.8567639700249705,0,1,4,2178.6585509676333
8211,2298,680,326,170,351,316,159,360,132,71,269,826,8.550511443890796,14,1,3,2268.1353688890877
9324,2731,756,319,121,179,324,79,335,180,98,152,158,8.037587283882031,5,1,3,3854.1362938584343
5790,1159,653,479,146,413,226,48,456,126,91,495,781,7.1467331614849705,3,1,3,650.9128062252115
5707,2622,669,423,164,269,335,65,244,145,50,262,734,2.5909472026044797,7,1,0,0.0
8978,2214,579,490,113,256,158,116,168,95,52,434,59,1.7160469646600462,17,0,3,4169.593610681524
6933,1294,600,142,292,492,87,68,350,86,86,407,562,0.07186784301647653,25,1,2,2667.931726764683
6385,2086,278,243,176,433,320,139,153,170,17,206,610,9.69560188461126,6,0,5,1479.5449374969949
9636,1086,750,377,166,476,380,165,274,183,23,191,157,4.33556875138044,9,1,4,5414.56128656886
3922,1134,585,418,88,427,265,95,322,108,90,451,196,1.9890455780095284,17,0,2,0.0
5175,1774,542,273,178,101,365,93,276,180,86,214,512,1.2242476062956287,25,1,6,817.1516891829883
8545,1653,644,346,146,302,181,171,429,188,20,317,380,1.4953119526264713,3,1,1,3917.873260318425
4582,857,251,272,219,357,388,36,161,76,19,301,663,3.3514448073146252,8,0,3,802.278513553601
3564,1931,450,140,126,350,270,126,448,179,90,460,920,8.58621342697776,10,0,3,0.0
6258,2384,528,149,263,466,319,115,115,113,38,250,926,9.702955901445987,7,0,6,657.6016845795876
5597,2018,693,422,54,245,386,108,308,125,64,484,969,5.071750431753127,24,0,6,0.0
5500,1121,549,279,189,424,313,71,234,104,11,179,307,3.184621623010818,17,1,5,1546.8524897645043
7566,981,658,441,206,477,126,90,142,170,10,312,400,1.7546175271667297,14,0,0,3533.0477633562523
3987,1479,697,258,52,374,264,39,271,125,56,274,801,2.8741964880639417,4,1,6,0.0
9881,2373,324,136,110,118,142,176,492,59,92,308,219,6.190338904635895,3,0,0,5371.318405761821
6636,1477,403,126,228,467,188,102,426,84,27,119,726,9.452566605861147,10,1,6,2205.2685574839397
9030,2037,220,475,213,351,129,197,179,183,44,317,496,4.911196313265468,7,1,1,4145.141283107168
3223,2837,789,485,160,383,99,138,287,138,82,372,850,1.3981681862056583,1,0,4,0.0
9297,1820,762,355,286,430,285,137,493,173,71,124,283,9.461834014370536,2,0,2,4148.837017013304
9703,2204,561,377,124,149,392,162,226,116,34,423,742,9.628614308014722,19,0,4,4154.774720722979
3350,2494,560,348,267,494,381,178,479,131,95,191,147,8.951615520526007,29,1,6,0.0
4928,2570,315,280,179,410,343,32,488,169,86,224,12,8.591595218208361,6,0,1,0.0
3348,1305,254,116,78,236,201,75,406,105,38,177,109,7.774253938184716,17,1,4,185.01376472064985
7277,2719,491,467,90,497,144,38,106,130,95,121,75,1.261560718350463,11,1,0,2382.4132331951464
7732,1334,250,224,78,325,215,89,121,109,89,305,940,3.2721809041163485,23,1,6,3673.8263367080694
4017,2865,453,411,285,320,370,175,123,63,28,370,654,7.541512659061897,21,1,2,0.0
5226,1407,691,311,149,212,139,169,481,65,81,424,185,8.662601332283664,6,0,5,751.0148271367412
7867,1354,772,336,113,248,66,175,459,164,85,498,963,2.274504844612353,3,1,6,2438.4041240131974
8111,1415,424,398,107,147,278,99,397,76,75,471,672,6.208910800805136,0,1,2,3305.1974818991857
9207,1342,668,299,260,157,332,133,350,110,78,162,247,0.5903583105174626,29,1,3,5149.297953397057
7124,631,302,476,187,296,394,52,249,167,87,335,291,8.55917112715835,15,1,3,3707.655709468412
5419,1616,247,280,60,324,271,133,262,197,89,274,347,3.4745551821756573,1,0,0,1472.612958882686
9240,1360,541,488,184,236,282,192,215,74,19,192,696,1.9660126700208136,25,0,3,4698.807820658566
4893,793,432,229,126,294,330,195,282,107,81,185,747,8.376413849300542,28,1,3,1153.5659243513064
8561,1499,781,220,282,305,253,134,345,127,34,115,916,1.7053146845986666,5,1,6,3590.4540838749595
8322,2939,758,286,157,117,363,82,230,182,36,170,517,4.606890046251113,0,0,6,2282.795499980257
6040,2796,427,487,238,367,306,45,466,103,70,292,693,0.9556534497300584,25,1,0,0.0
5068,1760,721,326,243,314,326,106,461,86,19,406,120,4.449943103573109,6,0,6,120.32649356355444
9878,786,791,261,143,305,306,20,374,123,45,106,642,9.241445320401807,29,1,4,5985.162439812481
4125,2824,212,211,135,223,208,112,427,59,48,333,923,6.936157746862644,7,1,4,0.0
6117,2934,698,233,230,115,366,125,224,58,16,469,677,9.84359018132439,7,0,1,0.0
7161,949,644,285,114,264,308,150,314,127,24,363,175,4.480233644610141,1,0,6,3469.324952132246
9746,2838,539,274,76,247,252,103,388,82,22,356,907,8.892118317407796,10,1,2,3809.8487669238434
7042,2990,523,360,184,375,225,126,489,119,42,259,734,9.112604656026653,12,1,4,477.00058368562435
8230,1707,795,416,114,498,131,135,370,106,75,188,876,0.9044946123210085,19,0,0,2821.188174616936
7433,2278,797,411,107,332,74,24,168,75,20,223,552,9.790326794289065,28,0,5,2464.6411931439193
5170,2469,356,457,74,124,67,192,445,113,30,491,311,8.92200518172521,29,1,2,0.0
8824,975,774,474,97,367,333,31,355,97,87,474,406,6.263999604444086,8,0,1,4244.485299221398
3446,752,630,368,53,464,309,67,386,89,98,418,835,5.36427009223414,28,0,2,0.0
5658,1919,754,381,271,394,165,33,361,145,32,315,676,3.8517865094931727,5,1,3,157.10537278590343
6362,2836,606,323,185,170,198,72,484,52,53,455,694,5.86270844138066,29,1,0,139.58486828603577
5718,1735,357,351,290,299,375,64,246,191,74,296,826,7.366202381209116,28,0,6,456.0729598391875
6483,1499,384,163,262,146,70,179,114,53,79,146,277,7.085789947886392,22,1,1,3094.867903571558
9758,520,690,494,164,124,143,177,389,189,45,392,426,3.0031045917572374,20,0,6,5888.255836212178
5944,815,735,417,245,312,197,31,438,167,71,227,772,6.717120014279754,15,1,6,1367.930694553446
7376,1961,556,223,237,473,175,119,276,180,91,418,952,0.04653355312359109,26,0,1,1567.0152292047103
3595,1946,561,169,53,132,273,102,181,52,51,334,203,1.6983937236166202,24,1,1,0.0
4986,1756,423,337,185,313,170,63,273,174,78,333,356,1.5186766679322894,3,1,0,439.28275617852086
5750,2670,403,174,283,310,177,172,150,91,61,204,124,7.410235308988082,22,0,1,954.2742756774875
4074,1459,207,109,139,128,336,189,366,196,10,414,444,8.96975700915981,23,1,3,0.0
6969,2761,671,499,270,358,202,40,103,87,39,299,949,0.8634214174909982,21,1,3,499.74960241056374
7305,2445,371,367,65,138,374,85,437,166,10,350,825,9.118311155304635,0,0,4,1589.3836155273875
7221,1338,295,187,196,359,249,120,396,186,57,229,205,3.0661431606925014,21,1,6,3317.6826770661314
7587,1467,505,149,178,264,322,40,356,159,23,195,122,6.226776198539454,6,1,1,3803.423125399658
6580,2353,457,242,150,194,197,45,108,194,40,314,93,1.639314527329634,15,1,2,2188.3579338739105
6007,1099,673,158,211,489,350,179,420,184,71,131,278,4.027953118878323,3,0,1,1636.8625537829887
3969,1291,499,417,270,319,270,36,471,150,96,166,766,4.619528594537334,13,1,2,0.0
3580,539,664,310,268,493,277,23,372,165,40,461,289,3.7457347322292245,13,0,3,0.0
5824,1147,527,171,161,367,355,58,422,168,16,469,676,8.22130454102621,26,0,3,1262.4682651512294
9401,681,309,343,94,217,228,34,442,103,29,191,597,5.835833214989567,14,1,5,6143.851914503528
7001,764,328,338,112,165,147,52,356,77,93,228,638,4.961354680999323,16,1,6,3596.0310393045233
4211,1362,336,289,143,486,165,161,477,177,40,235,46,7.83968671091205,6,0,3,130.1968363958542
3229,931,738,149,183,292,172,109,247,74,18,372,514,7.093542898887564,2,1,0,0.0
7284,1719,363,304,85,419,334,66,291,140,20,275,851,1.0485895754993424,21,0,2,2353.9985930895045
9153,1008,548,153,170,134,244,149,223,148,15,474,539,5.1784418395714,21,1,4,5481.667711301482
6185,946,662,409,152,274,289,109,303,173,52,243,813,7.978891136807935,2,0,1,1998.6744357323748
9819,1027,703,323,115,211,264,85,436,111,68,324,337,6.380056328117161,17,0,6,5708.212649122687
3501,2253,350,255,168,407,52,195,184,136,27,443,838,7.1283363206555475,20,0,2,0.0
5132,2128,445,459,283,389,297,195,257,76,38,247,545,5.733399118361485,27,1,2,0.0
3048,1662,309,150,255,439,311,100,122,173,10,260,365,9.28042331903119,25,1,5,0.0
6566,1168,784,340,57,179,217,37,219,57,53,188,42,5.144696588833759,2,1,3,3258.8834832876883
9981,1346,474,429,244,210,381,198,155,165,42,273,523,5.637392354484439,18,1,0,5650.860789369656
6055,2617,266,260,276,191,310,151,402,164,76,465,289,8.791984999457561,23,0,2,701.9189168460243
3688,2270,249,228,76,285,52,100,101,53,47,347,365,6.147557755051787,25,1,0,0.0
3386,2325,714,184,83,140,309,180,461,103,50,348,212,4.375871697542985,3,1,6,0.0
3969,945,425,168,77,186,265,170,315,193,25,263,740,2.53571765930333,20,1,0,261.7966280189941
6460,1525,777,484,208,323,310,32,132,110,47,299,255,9.65495952457949,15,1,5,1865.6709727770776
4005,2271,705,472,194,150,106,90,348,195,72,193,485,7.710188503646005,23,1,0,0.0
9361,1859,354,154,260,225,219,77,336,158,99,307,673,0.8278024603030598,16,1,1,4550.432882227807
8820,518,679,184,283,245,132,84,207,67,94,139,813,1.2531238125063326,6,1,2,5380.522902200585
9100,2517,310,444,157,140,249,123,370,185,92,349,718,2.053584995459116,4,1,3,3520.957817744217
6052,1060,682,428,172,454,205,61,387,78,18,306,797,2.3696355499944923,14,0,2,1325.234828902571
6417,971,473,179,232,462,360,114,461,198,36,126,253,6.450800165844069,28,1,6,2596.6382344778344
5302,527,354,319,252,123,328,119,261,103,40,341,200,5.329919685684899,14,0,6,2337.963194870744
5283,1059,366,209,58,402,184,108,386,140,24,173,273,2.3581026816486683,1,0,6,1776.8379240076813
4607,957,218,352,271,383,343,128,370,96,38,130,720,1.4959892685584264,17,1,0,404.57209852716056
8885,1444,544,416,106,135,254,133,247,117,18,201,467,6.917929277833713,23,0,2,4604.089774036505
7366,1699,768,263,94,376,234,59,205,129,53,374,1,0.5257003020860962,9,0,3,3066.595481550379
3122,1483,493,202,183,283,134,113,130,138,90,411,566,2.192431710395776,19,0,5,0.0
9799,1367,661,212,191,424,342,121,357,66,69,354,547,2.9572616572524435,13,0,3,5240.009627953128
4280,2576,537,351,208,253,187,40,368,110,87,420,367,1.8128902608824837,1,0,5,0.0
6727,2479,651,251,231,281,267,102,451,91,48,485,577,5.740861791987374,9,1,5,733.6932433455224
8540,1325,543,435,60,399,155,180,468,160,60,138,121,7.171212530758799,25,1,5,4484.228755242807
3258,1315,284,497,118,253,106,130,499,100,49,495,116,4.073708249292528,26,1,0,0.0
3947,2826,588,467,144,476,141,61,370,178,72,240,479,1.666224257000517,7,1,3,0.0
9190,2830,426,350,179,249,321,56,124,198,15,324,940,4.013982481116633,11,1,0,3169.280455009344
7958,1502,485,453,152,101,108,148,431,85,47,444,24,4.658860169084359,14,0,5,3933.744941438359
3524,2042,483,187,66,396,308,96,127,51,41,373,301,8.797536034323995,21,0,2,0.0
3887,2852,308,199,279,153,242,173,204,72,15,171,339,5.315810331619597,8,1,4,0.0
3207,608,334,219,159,488,166,132,367,92,63,451,570,0.5723467306194285,20,0,2,0.0
6382,2871,490,484,85,345,244,58,476,156,60,367,448,9.781837434737211,16,1,4,214.56609314711258
5794,1729,707,402,180,145,207,66,312,122,43,474,983,1.8874650257771663,27,0,6,242.9125704903149
3148,2461,228,303,240,174,324,75,285,139,85,310,87,5.283731049642302,2,0,2,0.0
3437,2463,593,248,92,248,324,129,468,169,18,399,927,3.4137172475837687,4,1,3,0.0
5202,1421,226,300,142,102,85,175,243,109,14,421,589,6.981659987972374,9,1,2,1292.4099042789344
6749,1930,666,394,82,108,161,90,289,181,90,408,233,1.9082612400076548,27,1,2,2331.1795621072615
6161,2032,212,102,255,101,278,129,173,70,70,159,9,5.124432673851863,4,1,5,2636.5002972632947
8817,2392,753,499,151,337,246,192,493,146,95,302,692,5.142045364168844,22,1,2,2471.6623536092757
6901,1921,644,167,78,127,365,84,190,168,15,188,733,6.5105228862747575,4,1,1,2141.6278299755063
7453,1722,423,253,200,389,339,23,151,149,59,228,263,5.820382698081275,8,0,5,3110.9096648535683
6245,890,662,281,236,280,232,80,385,146,41,326,575,1.259298976025447,29,1,5,1957.5041776420835
8336,2172,220,112,130,414,303,190,196,53,28,204,509,6.942462917652589,23,0,6,3746.6906275416054
9026,2369,586,288,226,365,288,124,115,181,67,190,160,4.630551300606296,4,1,1,4143.8912778055765
7551,2021,525,119,232,182,347,166,237,191,57,248,721,1.874902440086662,21,1,4,2564.7792943350596
5823,1695,666,438,124,448,91,105,242,186,26,305,349,4.001097483013833,22,1,5,1150.8191955419397
8728,2633,721,382,205,352,137,119,381,137,69,410,399,3.6933519275311024,28,0,1,2822.9348571420237
7724,1357,424,485,295,357,225,148,288,113,19,486,723,4.434239985801475,22,0,1,2806.337500915254
6270,1709,674,109,248,147,327,166,114,138,88,162,866,8.946484764773729,13,1,5,1561.0157596067188
9975,2016,657,287,158,233,392,70,233,184,59,204,162,8.715675171638466,8,1,5,5300.235057272824
3485,2150,412,444,153,399,346,83,208,54,47,162,763,0.24052936905820999,18,1,5,0.0
9676,1653,680,118,121,298,329,82,228,159,94,128,584,5.130660294164655,26,1,3,5166.080750277647
3199,1342,379,242,282,391,356,48,213,62,49,372,648,0.7336479974147403,20,1,3,0.0
7466,1604,737,202,270,235,82,166,186,179,12,285,990,0.36351749651294396,22,1,4,2522.1555870342754
8109,2325,726,402,74,182,77,62,325,133,88,212,375,2.1123275504903694,5,1,3,3013.5498768301877
4982,2182,221,340,184,365,258,89,262,189,40,487,362,9.65592195715852,3,1,4,0.0
9996,794,544,251,170,457,139,58,223,166,25,335,934,9.308787370390657,3,0,3,6054.530808108961
4471,2501,776,371,263,318,131,42,206,140,37,161,95,7.132620802817539,14,1,4,0.0
7343,2816,220,436,250,448,297,20,444,56,54,465,365,3.086606517623581,4,0,4,1559.98328490298
7883,1144,607,287,124,118,384,80,228,198,46,467,781,2.113916460685128,12,1,2,3527.8023210073047
5311,2635,686,309,211,117,240,44,444,131,52,172,55,1.7135821930872586,12,0,4,111.89808565600373
6373,1424,727,276,268,470,327,151,393,187,82,421,938,0.21407747062015647,18,1,4,628.4119362732798
5078,2147,615,487,291,278,67,128,338,105,82,328,163,4.4036078479535545,4,0,4,82.55790438110547
4521,610,471,293,199,122,262,127,140,164,85,360,966,6.062696671935477,13,1,5,900.9268940619288
8368,1083,404,276,116,484,260,20,239,197,37,323,607,5.942649628984164,27,1,0,4444.585774394373
3604,1986,497,468,227,414,51,59,237,99,80,492,666,7.015537245987888,14,0,4,0.0
6848,1268,752,165,225,343,143,40,254,103,69,207,903,5.1065342550105655,17,1,2,2376.5891322981834
6342,1679,307,409,153,206,394,190,333,89,73,328,755,5.336897489765611,7,0,0,1507.5416617900592
8785,2148,351,101,168,230,344,157,425,134,69,120,975,9.593875318326903,16,0,5,3683.6976978164794
4417,2785,212,416,249,109,66,85,144,157,45,138,379,5.645362307020712,17,0,2,0.0
8916,2881,278,370,119,478,288,36,366,107,56,219,20,8.738747427067015,27,1,2,3656.166626132877
7597,605,753,159,106,298,65,143,353,80,47,321,583,1.245170246224614,7,1,5,4098.85507886214
6875,2222,368,467,202,404,204,160,379,167,74,328,621,8.263042352608812,27,0,5,1133.4627100497
5933,2194,448,142,115,411,226,110,412,187,43,443,652,6.884718570090973,29,1,2,508.6660902585396
3548,2233,320,192,193,189,180,132,139,133,31,292,767,0.05784197992793616,13,1,3,0.0
8461,881,586,325,107,243,347,145,444,63,93,243,769,2.1050316423973294,4,1,5,4169.995452385421
3838,760,638,385,166,394,112,29,392,68,60,255,899,2.1528677233852944,17,1,4,0.0
8526,2322,471,162,218,208,334,199,358,79,81,193,67,3.9731252092943317,6,0,3,3876.2950885958867
8544,1816,499,379,100,451,179,157,167,106,54,348,62,3.916163540336579,17,1,5,4064.603294032571
6815,1858,672,113,70,303,153,66,476,65,80,310,745,3.4924895681346113,18,1,2,1827.2414475187475
3847,1319,357,127,128,143,319,28,332,71,11,186,734,4.345470902652146,18,0,5,0.0
7709,1208,426,241,105,107,317,65,484,103,67,261,316,8.270504910213969,15,0,4,3972.4837193306826
7507,1406,620,207,147,491,329,136,193,133,21,200,867,0.5051507828528845,29,1,2,2630.646790585688
9575,1162,223,389,96,400,77,122,306,119,36,351,656,8.473698676609414,14,1,3,5624.744252054144
7773,1819,737,177,167,494,266,143,400,158,47,334,901,9.18537790153777,23,0,5,2080.3150319044144
7254,962,769,346,220,452,183,87,386,196,84,243,170,1.6651505423535296,10,1,1,3184.0828621544797
9157,1084,739,111,133,252,335,128,392,54,29,396,450,3.6615750375527876,1,1,0,5193.791735507203
7468,1442,327,283,157,116,83,87,213,120,52,195,65,6.511349184030806,28,0,5,4423.8442000261775
5272,657,293,416,80,438,260,151,142,69,41,307,588,9.785707362107424,6,0,2,1985.613244484703
8192,2819,620,460,64,336,235,124,184,192,99,134,570,8.661704265234334,24,0,3,2317.4967942093467
6320,2350,471,395,225,434,380,148,198,87,32,446,249,7.409290365087328,25,1,3,846.5045111567769
5558,1826,683,339,111,155,230,78,359,178,50,294,215,9.393702089521634,20,0,4,939.5848773208745
7698,2606,204,362,269,143,321,172,298,167,97,418,918,9.823875565016696,0,1,3,1656.7920503748073
7311,1881,356,434,119,408,234,156,221,54,11,247,598,8.98129369540943,4,1,5,2624.27654764949
4996,1203,251,476,180,340,76,44,128,134,71,475,38,1.8633627132375463,14,0,1,1434.749909666622
6673,1147,442,172,215,138,161,101,455,110,62,421,609,7.13873264146243,28,1,2,2571.8751291855506
4564,2983,619,167,136,229,354,173,198,127,66,176,604,3.9926671599872856,18,0,4,0.0
7018,645,624,386,107,197,186,75,195,194,57,233,160,8.173633957297472,6,0,2,3954.0320215287293
4840,1875,279,425,244,380,75,68,461,174,88,177,561,0.5552631900700455,25,1,6,0.0
9058,2323,553,319,294,179,311,84,343,175,15,443,857,8.290389086957642,16,1,1,3005.8754749079194
6291,744,492,146,94,387,184,28,238,125,25,446,144,2.944544738037258,6,0,4,3215.5561430205166
5887,2083,315,157,221,434,318,157,388,76,20,492,587,7.70698388916342,23,0,1,460.0553842786991
3726,2848,728,123,57,333,226,131,332,152,55,149,165,1.6821140256289724,18,0,3,0.0
4244,2985,679,389,176,433,59,158,220,74,82,186,764,0.48798705687260413,14,0,6,0.0
6460,1367,487,418,115,268,348,115,116,140,66,454,184,6.500420000056288,24,1,1,2366.1774224220253
9697,2647,676,123,120,178,159,104,239,179,76,163,471,4.44126701867768,23,1,5,4346.306873619563
6718,979,224,163,238,170,161,55,100,199,16,136,5,8.468026588004934,29,0,5,4371.263720679265
4065,2962,630,354,66,362,150,179,283,145,61,189,406,9.128814766967391,24,0,3,0.0
7771,2712,477,247,120,299,323,102,122,103,61,344,562,4.061353193341813,27,0,0,2450.9035665202946
3282,2435,516,215,146,310,316,182,106,194,39,272,73,6.167868625662479,14,1,4,0.0
4081,2465,557,197,85,117,315,151,433,115,64,386,641,2.795979764361297,16,0,5,0.0
6885,2161,475,338,288,372,205,81,152,168,31,171,231,2.5917389755386235,23,0,4,2280.3911493493015
5881,587,543,382,117,309,262,82,331,50,13,321,932,8.590689646996934,28,1,6,1871.9166022901686
5584,1740,630,399,157,216,358,155,362,89,14,286,406,1.4545916217391053,24,1,0,816.0806448944638
9004,1072,758,192,257,203,103,138,197,93,31,371,515,4.451062821774267,13,1,2,5026.006292263295
5970,1313,762,164,70,176,202,95,293,85,77,474,355,4.540606465753165,2,1,2,1875.8832447138514
4152,678,638,474,259,414,311,88,352,190,13,280,607,5.844175056757093,21,1,3,0.0
9985,2225,661,273,95,110,338,113,439,88,52,477,110,6.31196157105935,19,1,4,4824.494436135525
6497,662,469,409,223,480,374,82,308,175,24,258,908,4.325480780507225,3,1,0,2061.902681223765
3947,1505,630,475,141,150,275,80,173,61,25,262,676,4.41720423209814,21,1,5,0.0
7760,2848,220,334,156,106,145,118,104,70,93,348,398,6.216051224018101,4,1,3,2902.852928939355
4717,2921,342,266,173,136,223,56,452,136,67,338,307,7.023268711305991,7,1,3,0.0
8244,702,552,336,65,360,393,23,456,195,83,161,340,7.935141887632266,6,1,0,4503.567264064072
3066,546,664,106,288,161,254,75,263,62,42,266,998,6.839196214933258,26,1,5,0.0
9149,962,667,409,199,299,104,62,399,68,74,316,205,0.07535394739317969,14,0,6,5331.876694355155
3636,907,712,142,183,429,284,40,465,95,34,346,299,2.3118765955240916,11,0,4,0.0
3313,1717,663,375,271,189,247,77,221,161,46,256,5,1.3498464839271207,27,1,1,0.0
6397,2974,593,439,233,178,275,163,238,105,27,447,22,8.116862254040685,13,0,1,523.9193764759113
3564,1429,257,252,94,154,356,72,248,178,34,355,934,4.809564607351662,11,0,1,0.0
4601,816,325,142,235,499,330,37,487,159,24,192,888,3.8334928364395537,14,1,5,357.18933834520953
3825,2002,660,312,205,320,154,76,444,135,77,107,481,7.499478391194955,14,0,6,0.0
9649,920,251,300,194,191,328,114,134,181,44,459,382,0.7647797619888186,7,1,3,6020.883332487497
8201,1792,468,482,213,173,227,185,390,124,77,449,172,7.037324306415384,25,1,3,3402.7026502730805
6670,2234,295,254,61,155,351,142,134,102,51,297,18,5.224068310779886,18,0,2,2472.6514615359397
4025,2259,472,319,99,331,254,51,266,88,93,242,61,4.226697115939101,11,0,6,0.0
5251,762,522,252,108,278,269,131,388,84,21,315,798,6.601235028524992,10,0,3,1337.466595958505
7757,1949,772,135,153,160,190,38,176,131,31,432,350,0.2102743555458797,20,0,6,3191.922703950629
3804,2713,332,325,61,459,194,103,423,187,45,236,319,1.026542670504128,26,0,2,0.0
5451,2215,288,421,277,216,63,67,476,100,43,119,18,3.9785461734185477,20,0,5,1304.1579184321392
7631,927,204,220,239,177,207,93,331,167,34,215,206,0.9308817722547225,17,1,0,4743.7982540529465
4391,896,556,108,89,335,154,173,406,108,48,112,927,4.8281784423484675,4,0,5,488.2199497043932
4235,1739,542,438,142,132,279,129,347,75,85,318,597,5.9518597155525645,21,0,0,0.0
9720,1295,403,434,179,154,338,101,393,162,68,117,763,6.4455878194001945,6,0,6,5352.22452403199
7032,606,772,280,142,342,169,192,141,164,85,107,496,2.367336052131628,20,0,4,3551.466187969723
6280,597,670,120,271,373,231,192,272,52,94,340,173,7.6421350073401,24,0,4,2908.781101159459
9906,2403,663,371,277,495,234,34,129,126,59,363,728,0.9114488137993415,20,0,6,3841.771054395975
9016,1780,696,293,157,173,266,165,262,147,70,159,4,9.28730546871226,17,1,3,4828.268373993252
9260,542,262,125,202,120,80,50,127,66,42,413,533,1.3633499239236235,7,0,5,6760.449061677815
7723,2789,755,384,134,452,328,162,461,114,16,214,374,4.3418476475161425,12,1,4,1501.8529777574543
7844,2077,438,197,263,300,274,121,272,50,28,471,544,0.38513009430308554,14,0,2,2706.8181730308943
6549,594,739,318,123,253,359,34,403,137,97,251,690,4.839674533513043,22,1,0,2516.4979112761853
7200,2469,397,426,176,353,224,84,410,167,29,143,781,9.265607154708245,23,1,5,1518.7493228736319
9638,2289,229,498,80,306,226,124,491,106,14,203,168,2.144843369169922,23,1,5,4735.615509875228
7141,687,408,372,224,248,133,193,253,173,16,311,372,9.063096850577821,4,0,2,3690.0453793545153
9966,884,262,492,237,282,105,94,462,60,29,326,209,5.042492940430651,14,1,2,6578.699968030584
4354,1318,256,387,250,401,141,121,325,116,56,235,733,1.0794614430700333,1,0,5,48.97308349227439
8335,1648,632,165,154,396,57,163,224,104,90,338,994,7.717077815747589,28,0,1,3369.413465022547
8077,2196,507,414,280,360,199,49,470,135,16,177,469,4.372124483302552,4,1,6,2947.420892678572
8055,2634,774,210,147,143,111,60,256,90,84,388,315,4.7940702671515645,2,1,4,2851.0712352843657
8611,725,665,311,152,243,103,86,410,154,91,460,543,6.1301059315452004,29,0,6,4647.543740203898
4836,2180,306,270,90,343,212,36,293,79,93,464,658,8.296083022851024,24,0,2,0.0
5892,2892,799,438,227,104,168,45,425,74,73,354,346,4.0997976853724,20,0,1,0.0
5496,2397,500,465,200,161,157,137,403,113,75,154,992,7.519690562045728,22,0,6,0.0
5583,1017,245,158,61,445,393,92,362,152,16,420,260,1.608682792917091,3,0,3,1775.1641792986172
5558,2232,276,129,120,125,320,120,174,135,24,412,124,0.4796859699991707,25,0,1,1392.079400824703
8577,795,368,366,145,416,163,114,222,166,92,425,265,0.472317788812856,27,1,0,4977.245566010648
6618,913,328,474,260,424,286,77,179,178,43,241,554,0.4193473672246706,5,1,5,2641.902867232539
4559,2360,467,253,71,283,310,114,233,195,75,319,902,5.261977962530134,14,0,1,0.0
9683,2495,799,449,105,405,66,121,492,65,37,124,442,3.9022531369441884,27,0,3,4090.890971746243
4507,2682,784,101,65,480,141,150,358,97,75,227,394,7.858476221088797,3,1,0,0.0
7071,2528,618,268,235,135,166,139,192,173,20,378,207,0.03101437936298357,29,0,1,1933.8227028197482
5063,503,360,313,249,129,268,145,216,126,79,270,500,6.713379924660195,21,0,1,1864.1210303441665
6642,677,257,350,271,168,198,132,491,169,65,458,240,3.7414823421886845,3,1,2,3296.033965306703
5000,1245,583,130,228,331,100,175,267,109,32,283,478,4.706894391592382,1,0,2,1079.9532909130166
9386,758,709,418,183,275,103,151,116,125,19,244,753,1.349757621272356,24,1,2,5671.4407694637575
9069,1151,629,282,51,377,188,187,481,89,92,258,337,7.65998286044818,14,0,4,4842.095340285535
8007,2318,539,472,111,132,207,121,329,194,84,151,219,8.6992468121602,15,1,2,2960.998774987848
4294,1886,777,288,275,168,395,76,463,105,33,383,297,0.3528900446780825,13,0,2,0.0
9904,2982,225,312,270,451,286,194,402,190,69,234,26,3.3803729526309234,7,0,3,4349.992003971126
7065,1796,788,226,281,354,162,181,110,121,21,476,387,4.159829942200547,19,1,2,2164.3091756020563
8898,789,571,391,172,149,341,192,493,194,14,117,115,8.561441816994927,21,0,6,5207.9286387819975
5752,1302,235,395,91,122,395,51,160,188,28,307,400,7.951989567137371,21,1,1,2006.4187335985587
4753,2521,730,122,166,353,283,191,485,89,81,233,449,5.486385574140273,18,0,2,0.0
7210,733,466,117,166,493,169,116,344,114,46,224,285,1.800491610644519,20,0,0,4014.878659668274
4603,907,631,178,92,263,140,158,169,81,37,442,753,5.540450747932198,19,0,0,662.6656517273041
4322,1193,218,133,101,469,259,55,406,157,53,101,714,4.4086652975407645,27,1,2,563.9899457441011
8956,1669,538,206,172,372,277,160,340,59,52,252,160,9.03138843090654,12,1,1,4754.739814796456
9540,1061,339,404,235,280,147,76,428,157,78,466,564,2.6786037415061994,22,1,4,5208.703857899976
5441,2977,266,298,197,446,365,172,483,164,81,489,222,7.953686583800916,4,0,2,0.0
4098,931,729,290,105,349,139,184,293,192,97,331,815,5.652496247977571,21,1,0,0.0
8073,2068,568,331,116,336,327,109,423,180,29,256,148,0.33286232329074017,17,1,1,3127.2928798509856
4505,1482,460,161,108,491,73,151,412,186,15,108,804,2.501699822368846,15,0,4,120.45307791674523
4126,1934,778,141,97,331,124,128,268,185,78,241,859,1.3061261471262953,13,0,2,0.0
3296,1396,781,123,84,221,365,45,331,123,83,370,837,4.683581162049384,4,0,4,0.0
6049,1277,402,262,185,341,198,32,193,173,21,273,556,7.923007994136162,24,0,6,2218.915983477376
5225,722,609,282,292,233,385,91,231,57,24,435,554,5.869058489745022,23,0,3,1324.6163307203697
9458,2271,279,432,125,170,213,198,484,65,76,467,980,3.2673395609599245,14,0,3,3764.968640649473
8158,2188,312,194,291,445,56,66,106,60,96,470,493,7.267897307620013,18,1,1,3311.054248486842
7354,967,336,182,286,409,102,144,181,72,72,400,985,6.200972872576049,3,0,6,3173.2207528239355
6787,1845,388,192,284,378,205,180,235,105,45,291,262,0.6952579510539647,25,1,4,2210.81008291836
9150,2922,476,377,81,318,329,189,449,199,16,399,168,1.0805313649029191,19,1,3,3241.461425744361
5096,911,302,204,270,284,358,147,178,153,10,108,840,1.0128514316714499,6,1,2,1539.2765086844613
6609,2816,306,184,94,406,318,50,109,195,81,447,345,3.188982931751736,22,1,5,1171.899263357669
5208,1125,774,160,134,413,383,187,209,88,58,423,240,5.789764098462472,23,1,6,795.9401374386146
8988,1775,372,307,172,316,144,135,350,180,31,239,997,9.311708622878566,16,0,2,4024.359279399432
3175,1511,530,257,244,380,377,163,293,185,61,478,838,6.684204939735058,29,1,4,0.0
8096,2177,390,168,151,478,50,75,205,182,52,313,696,7.085929390333776,11,0,3,3199.803765027269
9014,2997,424,361,76,380,164,93,470,140,48,484,873,0.9693265807090401,18,0,1,2450.2746752748353
5502,1301,522,440,168,224,386,55,306,54,84,267,378,1.053581703716867,14,1,2,1125.9555487017958
6999,2392,707,333,52,278,90,115,249,68,52,479,539,1.3828739814950475,8,0,4,1538.8786529584072
4667,2060,747,469,106,426,236,99,325,174,63,487,228,5.826817308219815,3,0,5,0.0
7371,1891,333,238,299,134,318,67,422,110,30,397,257,7.432390212806959,21,1,6,2938.9469761614496
5545,754,236,379,242,169,76,77,359,95,24,260,441,7.913398539627416,4,1,3,2481.7103969612936
3675,1986,292,434,287,459,172,34,188,195,47,311,455,2.1051114226007863,28,0,1,0.0
4823,2673,274,330,296,277,89,162,168,179,32,198,896,7.225245486464454,29,1,5,0.0
8147,1916,382,465,197,498,268,168,408,120,92,466,726,3.229661834824541,2,0,2,2407.0621155459335
4356,1261,658,459,248,148,303,83,438,163,89,229,812,5.577250630609094,24,0,4,0.0
6072,1857,608,150,170,167,235,154,482,67,85,493,171,5.102581552025454,1,0,0,1376.8502519500814
6259,1064,406,338,218,106,125,71,495,157,60,171,419,0.7301822647859668,28,1,4,2818.789647793615
9199,1891,444,118,50,193,101,38,282,139,32,497,169,8.409337289494758,14,0,6,5244.421887944463
3546,2078,532,277,123,483,254,144,146,193,60,416,965,7.345248558045711,20,1,5,0.0
8231,1590,724,308,158,180,385,105,382,95,80,382,446,6.768944023797163,11,1,4,3197.7259380391356
5083,2118,493,486,253,349,339,193,245,152,55,176,270,3.4008939284076654,14,0,4,0.0
5040,899,472,230,181,137,353,57,406,143,70,432,887,9.91854777343547,16,0,5,642.877307552396
7534,786,578,330,120,449,386,160,442,185,25,281,718,0.6282606761584253,12,1,6,2996.521982387035
4752,2733,225,483,59,144,216,63,220,113,69,128,90,3.0239221319195186,27,0,2,179.0072876702024
4615,2831,743,191,263,458,312,169,166,191,41,363,658,1.3164344609068068,9,0,2,0.0
4849,2039,290,130,176,236,311,54,101,71,50,315,257,2.355193502590549,1,0,2,705.3804379884338
5642,736,675,461,266,410,275,150,494,165,69,165,135,4.462578494924722,28,1,4,1553.773303103918
4600,1314,387,348,206,407,358,130,344,127,30,201,421,6.128594295530455,28,0,4,198.19302981147442
6396,1427,768,223,280,466,50,163,200,140,77,299,266,0.9800757025560358,20,1,3,2042.7878676457806
8759,913,394,468,64,404,78,192,240,84,16,175,405,5.809964217835041,8,1,5,5402.480237948911
7402,2455,733,235,68,328,141,163,267,153,79,277,39,7.784530528087793,12,1,5,2565.0911503756515
6605,2556,284,372,280,282,152,121,489,125,29,298,308,9.197836378792994,27,1,3,1295.1151639599295
6799,919,791,454,235,425,172,100,111,124,53,237,826,2.08645594603564,25,1,1,2320.861896233192
3618,528,276,199,159,303,151,185,142,180,53,381,660,8.92179760706573,24,1,0,224.0863742995056
4132,2895,529,318,230,210,262,43,171,156,21,215,614,8.71054382780235,17,1,2,0.0
8491,1160,582,203,95,486,226,197,428,68,68,441,501,2.81802263228516,6,1,0,4051.8643973703365
9500,949,632,400,67,167,364,127,103,72,87,458,18,6.874735624985812,24,0,6,5993.38529533033
9324,879,576,196,155,456,94,76,264,53,43,239,653,6.935413137455955,25,1,2,5494.924205801955
8475,2913,540,415,52,137,328,142,263,145,53,368,895,9.474275348554098,23,0,5,2272.48984788497
8795,1750,376,469,119,297,337,75,131,53,90,181,755,2.31160273011898,21,1,3,4054.7549998685276
5115,2959,625,302,71,404,377,105,284,140,49,296,391,0.9263864994948345,14,1,1,0.0
5339,855,623,120,104,191,380,85,239,172,93,130,517,5.595660407359548,22,1,6,1881.6682537512684
5739,2801,373,297,167,363,358,97,386,153,11,372,45,2.571761404785474,15,0,0,88.7136722025111
7276,2196,605,211,241,342,325,111,267,129,70,498,671,2.358322218164429,4,1,4,1684.7364788800421
9577,1226,281,248,90,215,362,96,462,79,30,121,854,9.231289063826717,28,0,5,5460.355489837052
4487,1967,220,480,159,194,115,121,162,151,21,296,836,7.231233217565355,11,0,3,0.0
8009,1309,597,342,166,312,95,100,320,69,86,371,422,6.697870212004221,4,0,1,3754.296159084356
4557,2403,529,282,272,345,79,92,339,97,74,479,819,9.522063024229809,22,0,2,0.0
5113,915,424,383,262,272,246,81,410,76,91,260,569,0.6904188049310123,17,1,6,1100.4064213087775
4044,1099,601,436,297,384,312,33,395,74,87,396,382,5.871302954481524,11,1,2,0.0
8731,1839,637,437,185,178,144,40,318,115,97,487,67,4.874649924232087,9,0,1,4187.05460844758
5431,578,471,401,114,379,92,182,494,61,21,452,828,3.0214866312611988,18,0,2,1323.8469294650872
8734,2067,479,399,180,248,299,49,452,150,61,447,458,5.866358458837004,11,0,2,3311.311202218885
4582,1594,422,188,206,468,384,186,340,97,98,302,193,8.002735618266227,7,1,6,0.0
9182,1720,786,321,295,378,85,44,394,161,23,424,205,5.613809547227154,27,1,4,4334.856826469761
4308,557,708,347,119,450,178,191,309,155,27,490,573,1.739081475276909,0,0,2,265.0479961223769
7917,1947,541,276,274,325,56,118,271,134,33,214,967,5.637159565289885,13,0,5,2702.3471124247294
3601,1992,241,217,67,422,93,153,119,86,35,123,902,1.9645510360007779,9,0,6,0.0
4620,2595,375,273,283,217,110,150,195,181,70,143,563,1.5111757958762584,25,1,0,0.0
7880,1958,444,318,296,172,75,183,440,139,77,341,562,5.46796639058194,1,1,6,3054.141709423729
8307,1708,452,475,290,105,170,131,456,120,73,167,464,1.060742896335507,20,1,5,3668.1845597949628
7766,1338,473,317,235,420,207,130,126,151,49,239,108,3.7617999229790957,24,1,1,3763.509341452459
8362,2712,533,418,166,121,306,148,393,96,38,282,996,6.498945536006467,16,1,6,2027.1554785100716
8192,2250,210,176,50,278,112,181,442,169,27,359,21,5.8314807675535905,17,1,1,3867.1190283806313
9622,1854,351,187,71,295,320,84,453,66,77,444,738,4.837661732909298,28,1,4,4752.446260022383
9093,2877,388,495,144,208,360,45,175,81,68,358,458,2.429925190921244,9,1,3,3488.204505687046
9704,1644,410,177,200,471,362,37,366,187,65,158,127,3.003983138448544,28,0,5,5400.951432187006
3100,712,296,300,185,284,166,183,263,67,75,213,217,2.198888127127719,21,1,3,0.0
9657,1006,538,163,206,154,325,153,330,55,21,364,749,5.253931298073139,2,1,5,5561.9431752321525
8875,2715,246,103,221,328,394,191,462,52,31,273,363,8.87723736287355,8,0,2,3417.708816817455
7271,2069,256,182,164,118,227,59,289,84,71,368,296,8.428436315052036,18,0,1,3048.4737414652827
3237,2974,274,292,287,463,166,49,479,126,35,232,397,7.998567050997197,19,1,5,0.0
8218,2232,453,105,111,484,213,97,371,151,23,210,137,2.8383630921312664,8,0,0,3649.812083434494
7025,1744,770,292,68,315,292,93,141,115,18,478,473,4.712699389351203,10,0,0,2201.203850658031
5918,1515,797,316,108,147,214,50,332,100,83,152,984,3.9164993486279007,10,1,6,886.7253212858682
9073,1643,369,446,290,259,223,183,425,173,16,223,21,5.26833656308269,6,1,2,4818.574575834503
5542,1770,345,121,173,497,168,98,112,122,56,160,100,4.450311459840588,11,1,3,1848.0656651209615
5003,2432,232,244,129,372,286,177,135,144,67,488,206,4.568631097466044,20,1,2,9.501592461066593
4537,1272,714,384,196,195,204,67,174,98,29,431,113,0.6827673304237214,23,0,3,494.212696021623
3754,2029,456,244,278,129,196,97,238,85,88,484,303,2.01238599957268,5,1,4,0.0
6368,1581,325,101,71,220,132,130,223,71,65,255,837,3.75797150708324,29,0,4,2295.932453276584
5258,1651,312,387,132,466,321,106,481,126,52,406,372,2.3368605713728465,21,1,4,337.7724218030172
8242,2222,541,458,117,453,359,36,403,186,69,378,635,8.7538531806854,3,1,1,2390.8521258273986
6665,1216,247,324,54,289,262,46,349,97,61,168,658,9.018961699091866,4,0,5,2989.8852405000735
8507,2633,563,313,54,251,274,127,256,67,97,260,219,6.910005906459987,5,1,3,3333.0182989585232
7235,603,597,487,202,475,283,145,118,139,75,434,346,9.534855281797649,19,1,3,3282.1588242285884
3540,2690,394,265,73,354,211,161,224,175,29,420,937,1.0954169469952513,0,0,1,0.0
8510,704,520,472,178,290,128,173,489,189,22,471,674,3.4660183324484817,5,0,4,4066.06202471811
3269,1886,337,240,163,241,228,190,411,68,34,192,943,9.844897463924912,18,1,1,0.0
8131,2144,554,416,77,345,341,148,308,73,45,379,464,6.517395662900132,15,0,2,2982.4803939428048
8986,1832,269,163,96,133,176,43,226,156,12,108,408,9.551381342349435,2,1,4,5179.138180678303
6460,2548,781,432,134,286,230,167,199,93,56,290,259,2.1141260564911377,15,1,5,940.7637363532513
6408,2558,682,311,237,466,139,27,474,143,21,416,136,4.523023445341693,22,0,3,853.1271045852484
3505,2349,258,388,68,185,143,49,351,144,69,243,547,2.579254614682982,23,1,2,0.0
4129,1246,588,197,136,260,138,145,334,98,37,427,148,9.058078234485729,15,0,2,376.82936476409805
5079,2163,550,265,191,463,317,37,303,160,84,427,740,6.401112303977748,12,0,4,0.0
6145,1737,538,225,119,217,298,96,397,53,90,122,355,6.79528778703944,11,0,1,1734.8979517944535
6242,2518,795,256,273,210,230,141,159,111,23,286,323,6.041037619470916,22,0,3,1046.692943565494
8968,1455,635,349,163,157,110,145,355,67,40,308,502,7.928782464171085,25,1,4,4639.865506596305
8188,1017,649,160,273,117,196,130,155,158,78,190,239,5.09418177137663,16,1,6,4759.570303760156
7908,1938,576,131,57,466,168,102,358,177,75,320,171,8.677491668445779,7,0,2,3207.4320940942935
3361,1531,590,494,86,458,233,160,266,175,69,418,54,0.41525901066406856,1,1,2,0.0
6720,2552,680,373,135,239,314,195,142,113,86,366,389,7.988248183614114,6,0,2,953.1659041813482
4456,2659,313,400,121,293,330,173,236,150,29,186,957,0.1767621540504727,18,1,2,0.0
8024,772,371,120,174,229,103,143,439,197,20,295,382,3.300056192317512,21,0,5,4769.620143496239
7067,921,217,111,279,311,161,156,373,85,87,436,434,4.524899214073574,3,1,1,3502.216632608921
7195,2812,434,343,59,383,224,117,444,97,13,430,613,5.534170707373248,12,1,6,1038.9252932398524
4681,1981,509,202,116,219,346,72,349,145,61,107,333,9.03701285155529,28,1,3,228.20550224232812
9152,2759,480,375,190,478,228,114,120,106,56,189,328,8.998099001299137,5,0,1,3592.0991382837683
9840,1281,395,106,88,141,99,141,253,106,76,343,98,8.213146130543524,21,1,4,6701.571827640615
4052,1744,314,446,113,102,166,125,122,140,20,276,122,9.836772828956228,12,1,1,397.8988534942241
5509,2916,596,229,79,328,76,90,493,102,59,107,630,2.9821604003495636,18,1,4,0.0
8016,2894,762,398,181,328,360,156,368,137,98,214,74,7.391196807068599,0,1,0,2040.6750545556522
9533,2572,617,196,94,442,240,123,280,111,32,133,212,0.6354558398417476,9,0,0,4534.821381173959
7727,1475,483,376,183,240,212,173,345,88,90,131,127,3.1949317572548863,18,1,4,3665.0161038151073
3681,2243,784,384,65,156,55,134,392,131,71,432,294,3.238899999722651,19,0,1,0.0
9300,916,527,387,71,315,240,180,283,59,62,199,828,2.612764058151793,4,1,4,5303.8978592244775
9478,714,540,272,268,230,67,180,239,105,23,181,522,9.763717593489401,27,0,2,6069.947050247851
6932,1635,420,431,70,213,208,140,102,58,56,432,209,9.445982668697376,2,1,1,3056.4259208600124
9403,1413,208,304,270,290,357,199,241,61,27,193,882,3.9315007411655953,27,1,0,5071.988973870569
5129,2082,281,202,242,342,193,187,262,179,76,482,529,3.7139282404906018,15,0,3,190.68084017298614
7849,2524,493,212,207,393,244,151,453,122,92,292,57,4.873720609803167,17,1,6,2531.2137525653916
8560,927,574,459,73,414,279,175,331,66,32,348,150,4.2753489546411805,22,1,5,4596.629781566881
7016,1232,733,230,113,127,239,73,448,84,69,418,472,3.0200966304728216,7,1,5,2825.44525102958
6302,2763,614,138,190,125,386,117,257,136,68,152,667,2.633568281304126,7,0,6,660.9066547135915
3719,912,298,406,271,183,229,68,170,84,97,198,238,9.306159038033378,20,0,0,533.7469330570464
3074,2927,581,471,75,446,182,123,473,83,59,166,338,2.0060089557628147,9,0,3,0.0
4293,2125,703,107,147,420,257,131,293,60,70,257,442,3.976948550284556,28,0,6,0.0
4922,731,646,465,69,429,194,153,125,159,26,158,26,6.915044209666215,12,1,4,1651.6503002207824
9769,1334,543,145,110,301,208,52,273,180,63,467,699,9.731705102606698,11,1,4,5053.02355998861
7157,757,624,293,173,160,321,152,495,59,18,260,463,7.0966161118487525,11,0,2,3259.019987474546
7969,1779,505,105,292,284,70,165,285,131,41,115,710,5.4369124899493855,4,0,0,3451.7713245905265
3319,902,347,467,183,345,218,150,412,131,87,148,105,4.635733899321936,28,0,0,0.0
5149,2971,653,157,220,100,344,117,212,61,31,358,438,6.448371679558119,7,1,5,0.0
4452,1269,232,268,226,342,342,141,339,167,49,384,690,6.864211960782736,23,0,4,0.0
7969,564,700,221,58,131,358,21,419,132,87,369,74,9.928769906122987,27,0,4,4762.744294568439
8841,2737,518,348,177,334,379,84,301,146,61,334,379,3.493385425645278,11,0,2,2977.0202869054706
9398,1449,392,306,150,496,337,54,327,138,87,336,452,2.124367269721695,22,0,1,4886.807936264089
4555,672,379,214,214,116,330,198,421,157,37,296,795,4.251902791882652,14,1,4,628.3293807736778
9713,1750,717,338,65,188,113,87,241,51,53,416,965,2.462304676421503,18,0,2,4795.062723561986
7207,1911,590,153,53,151,278,54,237,51,63,472,187,0.46142895779649584,3,1,4,3115.3402009923448
6032,2948,720,175,81,469,151,91,203,182,57,128,20,9.672972597602342,23,1,1,904.2265332765885
3460,1137,556,268,133,263,343,191,419,199,31,248,167,0.6109120405343937,17,1,6,0.0
9851,1448,772,147,142,402,296,48,218,118,44,489,315,4.8145592895964695,18,1,5,5422.577032301022
3886,2760,663,323,272,131,141,183,376,191,54,340,607,4.779421489130518,14,0,3,0.0
6533,2600,298,169,177,297,384,97,296,153,37,383,75,1.853888723688526,21,0,3,1366.7997063701716
6936,2194,347,254,286,450,185,61,364,156,76,284,677,5.775136295364861,1,1,4,1589.129221618426
4115,1251,769,146,66,478,50,132,236,99,95,478,778,8.244132919067857,2,1,1,0.0
4075,1161,515,472,90,300,364,113,219,192,47,284,225,8.76365477871119,10,1,5,30.641864481964788
6876,2686,381,378,266,206,340,133,168,117,62,345,609,3.6585784616983075,12,0,2,1331.5959201420264
7615,2965,746,301,94,483,295,26,161,92,96,205,254,1.9418933344970002,10,1,0,1733.0768071501464
7907,642,502,241,65,435,289,160,243,98,15,121,511,5.069629433052195,14,1,6,4556.790307387251
9379,2405,757,416,69,444,321,41,325,195,23,379,275,1.2176252617872774,29,0,6,3712.255523129985
4924,985,798,225,91,395,191,76,220,130,95,459,185,8.502627533936014,8,1,4,796.4010157749644
8700,1491,203,431,59,127,54,192,103,144,45,373,418,4.602790078319568,2,0,0,5063.55518960568
3926,1960,306,252,101,436,385,21,218,189,93,412,422,8.897224441316675,6,1,3,0.0
7652,792,274,164,237,386,326,76,469,96,60,173,667,0.37672808469406904,26,0,5,3984.2891229528536
9792,2143,239,195,225,218,363,137,200,133,96,356,107,8.459131989613606,25,0,4,5072.463824107879
5281,1337,318,280,200,442,106,103,331,142,86,456,803,2.5960970062877644,26,0,1,644.50567037344
4055,1537,272,461,293,130,188,94,271,116,53,381,530,9.555004657838614,14,1,4,0.0
7674,2250,751,277,82,253,376,53,305,109,54,445,433,0.7715006117250023,27,0,5,2288.824189098127
3541,771,403,228,284,359,170,63,318,146,82,132,643,8.385461345651494,21,0,3,0.0
5161,1548,295,138,176,206,226,88,212,134,50,224,718,5.338612345933901,17,1,5,1148.6442022329315
5251,2458,478,399,254,350,210,72,431,102,15,282,36,1.940908975617306,1,1,1,173.55934384175143
4052,2869,342,460,202,462,201,113,347,154,16,428,99,4.311992943846072,1,0,4,0.0
9786,1305,314,449,99,206,87,52,261,121,92,117,985,3.0351922867874848,9,1,1,5699.217288689618
7569,2204,675,232,150,216,384,95,359,179,56,219,840,2.3827706076865054,27,0,2,1745.8557859791356
5744,2389,332,478,149,344,99,88,406,65,42,296,751,6.216101833867759,15,0,6,589.4343576251636
9396,1382,367,479,137,178,284,148,485,140,31,441,432,6.754040514150603,1,1,6,4949.23248928129
6869,2782,444,208,247,328,138,182,333,187,76,365,575,1.0646451639696564,29,0,1,1140.6084528130868
8000,1331,476,171,128,122,113,44,485,141,86,497,232,7.252689924212985,7,0,0,4167.544908987618
9041,1612,458,307,232,296,258,151,157,130,22,431,589,4.830085281257559,7,0,1,4444.65624028356
7481,2691,245,164,147,460,274,92,249,175,65,451,110,5.300885483085828,25,0,5,2166.9556229047153
7157,2540,545,340,117,287,216,137,118,138,86,394,727,7.437195750940351,19,1,0,1658.797450780281
7610,1605,436,178,127,316,251,132,317,195,21,263,492,4.318135316706261,29,0,1,3381.5937502058146
7525,2094,252,187,181,346,191,134,119,141,14,406,312,5.935497725692281,18,1,5,3029.206920753429
7675,2776,347,498,77,253,386,144,455,51,86,466,314,5.130385756988227,7,0,2,1752.530670145562
4560,2126,732,277,78,294,127,113,343,177,64,242,898,1.1874060539107723,8,0,2,0.0
6762,2389,289,361,131,215,59,146,113,89,85,414,248,4.277041952561376,18,1,0,2244.0849414338018
4164,2304,432,165,171,295,297,157,375,91,83,423,200,8.361396123948692,15,0,1,0.0
9886,1720,250,424,261,154,93,167,400,144,24,406,481,0.2999304302038952,5,0,6,5420.307607605204
8419,773,593,470,225,274,345,59,443,178,75,230,562,0.33600902910814745,19,0,2,4195.399304750953
5722,1089,413,204,154,243,158,94,402,65,47,189,439,9.292100620406638,2,0,3,2247.4883972399625
5358,1082,650,197,273,413,237,34,338,154,89,219,22,8.20155489185827,25,1,2,1625.2292237235615
3470,1467,538,195,121,462,119,135,412,86,64,200,177,0.03534746830210822,27,1,4,0.0
4416,2490,550,145,284,316,281,175,130,183,98,261,313,9.345444718322382,27,1,2,0.0
8761,2919,484,477,159,356,80,127,199,199,64,397,24,2.977447189950806,8,0,3,3228.1737460991194
4468,1758,782,130,162,226,342,54,145,163,56,364,593,4.504844879278615,8,1,5,0.0
3808,1810,444,474,190,272,235,26,490,144,99,207,285,2.3537214626880685,13,1,5,0.0
3171,1071,749,481,281,193,220,189,404,89,23,369,976,1.7687281909546015,13,0,5,0.0
9719,1044,783,498,287,489,158,57,140,103,24,452,840,1.228012005599195,10,0,2,4920.110089889897
7126,1960,425,303,92,318,146,83,487,95,44,201,643,6.9686620365704774,9,1,4,2372.086374716547
7142,626,640,247,58,151,376,76,194,168,40,488,138,0.1405585466871928,8,0,1,3956.8514023193193
7225,1232,673,231,89,118,87,127,181,90,43,342,476,3.888940734096149,26,0,4,3553.1950215813476
5399,916,643,285,95,457,313,176,208,147,82,466,478,4.544720805283491,26,0,6,1265.071597787996
8073,1137,611,288,288,336,339,143,258,116,16,447,37,2.929186891751352,12,0,0,4039.5392953099545
4645,540,445,226,107,270,194,102,146,175,47,132,378,2.50272875476289,20,0,2,1861.1561020031124
8700,1286,782,463,274,374,66,153,455,72,10,180,788,6.145421246040167,22,0,4,3908.446862009716
3057,796,699,493,233,394,143,100,117,110,96,184,46,8.282776709465121,25,1,0,0.0
4129,2120,749,396,189,463,387,21,301,66,23,362,387,5.056260122048066,4,0,6,0.0
9955,541,316,408,150,259,102,186,362,52,34,395,419,7.1178110956081735,17,1,4,6776.750505646589
4353,532,563,186,74,339,369,153,137,127,17,262,114,7.311620383379122,1,1,5,1410.0374615609564
3767,1799,403,220,287,164,158,33,272,79,49,298,579,9.073476101264053,21,0,4,0.0
6895,1115,550,431,138,316,106,165,127,70,15,107,227,7.33571418996125,11,0,6,3393.493159752617
3682,1447,518,403,295,146,197,89,117,193,88,470,566,2.709126781892439,23,1,0,0.0
6454,2047,558,498,193,496,110,95,108,111,29,141,472,1.8983394173415136,7,0,5,1425.049966531768
5008,659,716,234,228,173,74,169,462,109,90,219,558,9.081016603285141,26,0,3,1156.0796776824898
9429,2452,688,427,173,263,127,97,115,164,68,232,347,7.666149934664537,7,1,3,4295.359958034698
6142,2231,306,298,257,297,76,32,417,186,15,104,505,6.253421799006097,28,0,4,1473.878035003551
4790,2946,371,270,280,427,148,92,483,115,48,315,803,9.482243347873842,16,0,0,0.0
4477,2342,718,359,148,247,77,133,139,155,19,345,765,6.731054688606982,17,0,4,0.0
3885,2297,727,223,264,185,183,125,200,116,18,225,405,6.352718137555318,25,0,2,0.0
6906,2232,519,341,249,108,346,29,193,64,43,304,750,8.688958323189645,26,0,2,1644.4711011160032
7492,1080,236,170,294,352,364,46,157,61,86,313,941,7.882460191674776,26,0,2,3497.158667312103
4538,719,698,481,230,331,272,33,296,68,64,189,14,2.9622027936554596,12,0,3,1183.233168092929
5073,878,464,158,287,475,383,28,205,63,84,164,20,4.994440738043541,20,1,6,1885.3994001685394
3312,2249,601,208,229,346,238,156,449,192,84,436,842,6.577239446069743,14,1,1,0.0
9269,1970,417,140,244,469,354,124,374,136,96,182,532,2.3583681567901413,9,0,4,4180.9674453697035
8684,1463,529,385,173,100,310,54,305,60,70,485,552,6.3924975534016255,11,0,1,4252.449432304845
8317,1669,385,478,73,366,316,173,126,112,68,412,523,7.3745308503040015,5,0,2,3559.6718667417654
3810,732,580,245,156,204,391,188,385,92,88,277,945,2.6473856884885216,8,1,5,0.0
5235,1894,408,385,263,333,284,128,144,178,20,279,181,2.6976829682887637,16,1,2,614.2430798854492
9841,1421,762,490,63,356,89,125,135,181,22,238,696,9.933685995143923,1,0,4,5286.228453310641
5857,2781,487,151,71,180,163,140,405,134,71,129,525,3.657689242218928,10,0,2,683.8321894453724
